# Blender v2.83.0 OBJ File: 'Rock001.blend'
# www.blender.org
mtllib Rock001.mtl
o Cube
v 0.087595 0.120187 -0.109815
v 0.100934 -0.084500 -0.090882
v 0.070886 0.083613 0.113772
v 0.101184 -0.100768 0.118755
v -0.129423 0.125292 -0.114278
v -0.128268 -0.107167 -0.132248
v -0.084543 0.095612 0.081366
v -0.145890 -0.123539 0.115110
v -0.139484 -0.138787 0.006436
v -0.006208 -0.125546 -0.134349
v 0.108471 0.013270 -0.110336
v -0.145086 0.006588 0.140753
v 0.105723 -0.014355 0.118610
v -0.136724 -0.001670 -0.131984
v -0.005092 0.109848 0.118132
v 0.141682 0.174444 0.026451
v 0.012497 -0.129538 0.158059
v -0.143976 0.148905 0.025054
v 0.029784 0.075856 -0.144948
v 0.140424 -0.124989 0.002218
v 0.001992 0.182725 -0.006066
v 0.010504 0.001251 0.182136
v -0.195812 0.021301 -0.044085
v -0.029035 -0.161796 0.017797
v 0.180056 0.003851 0.009389
v 0.005662 -0.023033 -0.178996
v -0.152434 -0.131855 -0.082154
v -0.133188 -0.122884 0.072077
v 0.055746 -0.103634 -0.114429
v -0.059805 -0.118210 -0.135582
v 0.116598 0.075694 -0.124831
v 0.110895 -0.041985 -0.098028
v -0.144137 -0.081706 0.099747
v -0.089870 0.078270 0.093214
v 0.073586 0.074035 0.111879
v 0.120486 -0.080597 0.130626
v -0.135770 0.060908 -0.119992
v -0.131882 -0.061110 -0.121450
v 0.068548 0.083157 0.111542
v -0.053276 0.117894 0.087616
v 0.133506 0.130081 -0.038459
v 0.086236 0.114621 0.093217
v -0.076834 -0.144812 0.137187
v 0.060154 -0.130604 0.153836
v -0.136374 0.134440 0.057519
v -0.148184 0.163132 -0.031692
v -0.028196 0.065794 -0.117618
v 0.065234 0.105873 -0.108756
v 0.116306 -0.109588 0.075137
v 0.108457 -0.099117 -0.064185
v 0.007451 0.144830 -0.085497
v -0.090599 0.162950 -0.004407
v -0.007909 0.124978 0.066823
v 0.090971 0.184965 -0.000949
v 0.073255 0.001723 0.132322
v 0.028537 0.056652 0.171427
v -0.066722 0.002423 0.162930
v -0.000457 -0.074009 0.171412
v -0.145092 -0.003917 0.048892
v -0.160073 0.080654 -0.010314
v -0.154835 -0.004800 -0.085057
v -0.172450 -0.066474 -0.025261
v -0.002980 -0.128344 -0.066886
v 0.071236 -0.146914 0.002448
v -0.006671 -0.162986 0.092560
v -0.073227 -0.142970 0.008990
v 0.140123 0.012027 -0.072633
v 0.137896 0.077535 0.027697
v 0.147119 0.040097 0.083677
v 0.158224 -0.066114 0.011457
v -0.052242 -0.008608 -0.140454
v 0.013624 0.014439 -0.165838
v 0.038422 -0.031236 -0.145412
v 0.005798 -0.073782 -0.172062
v 0.035640 -0.047750 -0.135399
v 0.060251 0.040768 -0.148247
v -0.037038 0.044095 -0.121498
v -0.053527 -0.063119 -0.143685
v 0.139080 -0.062449 0.086751
v 0.105072 0.096257 0.095359
v 0.144179 0.089086 -0.058854
v 0.133294 -0.052058 -0.071349
v -0.074130 -0.144675 0.076893
v 0.052946 -0.163604 0.094590
v 0.063806 -0.128465 -0.071298
v -0.072048 -0.136437 -0.072849
v -0.167386 -0.091939 -0.096437
v -0.158856 0.085583 -0.051055
v -0.140051 0.072877 0.078788
v -0.140556 -0.067747 0.061985
v -0.069787 -0.070516 0.145685
v -0.046881 0.076601 0.144018
v 0.069244 0.068206 0.122318
v 0.074100 -0.069034 0.136873
v 0.060649 0.116504 0.070822
v -0.067284 0.129003 0.051760
v -0.070942 0.130762 -0.060083
v 0.082496 0.133158 -0.081498
v -0.152880 -0.140612 -0.045067
v -0.143769 -0.119526 0.096121
v 0.024852 -0.115379 -0.121742
v -0.098071 -0.117343 -0.127626
v 0.118144 0.046361 -0.131982
v 0.107907 -0.065657 -0.091421
v -0.155532 -0.022747 0.132926
v -0.085454 0.087361 0.085569
v 0.110141 0.035382 0.123949
v 0.115732 -0.090273 0.120715
v -0.134917 0.028870 -0.125324
v -0.131691 -0.083143 -0.128308
v 0.043645 0.089973 0.116168
v -0.077672 0.092854 0.082499
v 0.142466 0.148819 -0.000151
v 0.072900 0.088541 0.110619
v -0.033763 -0.127662 0.153155
v 0.086216 -0.119505 0.132168
v -0.141798 0.148176 0.043320
v -0.143363 0.141144 -0.083992
v -0.024003 0.043946 -0.118522
v 0.074859 0.114881 -0.106835
v 0.134799 -0.128467 0.044645
v 0.103209 -0.089761 -0.082351
v 0.014525 0.149245 -0.039747
v -0.068029 0.155233 0.004228
v 0.001086 0.175453 0.030528
v 0.060664 0.183898 -0.005606
v 0.041148 0.005310 0.152060
v 0.018621 0.031521 0.182208
v -0.029502 0.001868 0.178834
v 0.005873 -0.035775 0.171921
v -0.198411 0.012479 -0.005927
v -0.181903 0.055294 -0.033442
v -0.173614 0.011288 -0.065762
v -0.187694 -0.018606 -0.061367
v -0.012303 -0.158207 -0.036271
v 0.010009 -0.174104 -0.001147
v -0.007741 -0.160934 0.047733
v -0.047981 -0.147366 0.016393
v 0.162053 0.012662 -0.039790
v 0.133571 0.049333 0.020860
v 0.138149 0.041686 0.020339
v 0.183018 -0.028845 0.026454
v -0.039954 -0.011016 -0.137761
v 0.011005 -0.006003 -0.176317
v 0.027601 -0.027497 -0.176198
v -0.002489 -0.047737 -0.180074
v -0.141261 -0.118151 -0.123990
v -0.134834 -0.132136 0.044232
v 0.083988 -0.092211 -0.101900
v -0.033546 -0.110098 -0.127375
v 0.107130 0.108814 -0.124205
v 0.103278 0.005676 -0.107264
v -0.152191 -0.112979 0.108400
v -0.137831 0.034631 0.128704
v 0.070781 0.080791 0.113807
v 0.112110 -0.057017 0.133000
v -0.136135 0.097813 -0.118378
v -0.133987 -0.035345 -0.123825
v 0.070922 0.084299 0.112996
v -0.036712 0.128191 0.119053
v 0.098066 0.124138 -0.098174
v 0.133985 0.183351 0.043253
v -0.115171 -0.141801 0.119979
v 0.040620 -0.136233 0.160499
v -0.105214 0.117550 0.073675
v -0.144027 0.151469 0.001572
v -0.089037 0.107882 -0.126330
v 0.047842 0.090218 -0.127837
v 0.104273 -0.095034 0.106464
v 0.129037 -0.115930 -0.036067
v 0.030272 0.105460 -0.124765
v -0.130715 0.171243 0.012384
v -0.019109 0.115481 0.089736
v 0.112948 0.186709 0.010070
v 0.091486 -0.009763 0.122269
v 0.017947 0.080070 0.143058
v -0.116560 -0.007069 0.158503
v 0.001778 -0.107092 0.170482
v -0.146346 0.002024 0.105862
v -0.151329 0.108414 0.021122
v -0.147395 -0.009355 -0.107560
v -0.155118 -0.112450 0.000284
v -0.004648 -0.128715 -0.104591
v 0.108796 -0.139951 0.005178
v -0.000645 -0.146296 0.138385
v -0.107339 -0.143300 0.008121
v 0.122562 0.015638 -0.097881
v 0.160123 0.134367 0.027213
v 0.126298 0.014726 0.110900
v 0.149138 -0.095436 0.002015
v -0.109576 -0.000103 -0.146115
v 0.018866 0.049420 -0.150916
v 0.077613 -0.000096 -0.118770
v 0.021295 -0.108708 -0.162512
v 0.072703 -0.037976 -0.114085
v 0.016725 -0.056508 -0.148948
v 0.054654 -0.079475 -0.123917
v 0.035057 -0.037555 -0.135725
v 0.090199 0.063446 -0.138097
v 0.038046 0.020752 -0.159703
v 0.050929 0.003615 -0.153131
v 0.068482 0.082405 -0.141464
v -0.031336 0.030839 -0.123695
v -0.100435 0.058539 -0.135686
v -0.046733 0.019091 -0.131894
v -0.030702 0.054200 -0.117950
v -0.038599 -0.067952 -0.146194
v -0.100643 -0.066061 -0.136057
v -0.055284 -0.094677 -0.142118
v -0.053053 -0.036309 -0.143241
v 0.125401 -0.072304 0.120940
v 0.155158 -0.066985 0.047326
v 0.135328 -0.090447 0.078196
v 0.139545 -0.016894 0.081149
v 0.077336 0.079183 0.109819
v 0.161160 0.127136 0.067558
v 0.138726 0.081102 0.094619
v 0.091711 0.106101 0.097777
v 0.151555 0.091458 -0.015111
v 0.129008 0.081982 -0.097209
v 0.154472 0.053531 -0.068041
v 0.135154 0.116262 -0.049211
v 0.140609 -0.060435 -0.033331
v 0.126168 -0.043896 -0.089908
v 0.119452 -0.078167 -0.067708
v 0.143905 -0.004715 -0.073195
v -0.078762 -0.157137 0.105324
v -0.071860 -0.140136 0.045812
v -0.110434 -0.137686 0.072689
v -0.035242 -0.144789 0.091107
v 0.045630 -0.152134 0.137207
v 0.070284 -0.154367 0.052168
v 0.020962 -0.173174 0.094508
v 0.078313 -0.140869 0.085196
v 0.065712 -0.136830 -0.037584
v 0.061299 -0.118635 -0.096754
v 0.032792 -0.138359 -0.066455
v 0.087598 -0.112027 -0.067241
v -0.072518 -0.143177 -0.033387
v -0.067352 -0.127362 -0.111016
v -0.114656 -0.138100 -0.072288
v -0.031527 -0.135152 -0.076038
v -0.154885 -0.068156 -0.116635
v -0.172578 -0.080836 -0.055100
v -0.164897 -0.115833 -0.084182
v -0.162343 -0.051607 -0.098679
v -0.153963 0.067114 -0.088055
v -0.156898 0.111704 -0.041418
v -0.155735 0.037757 -0.065103
v -0.159644 0.137111 -0.045620
v -0.141520 0.054022 0.034891
v -0.114216 0.079496 0.095547
v -0.144889 0.025773 0.057650
v -0.133323 0.109380 0.068025
v -0.162332 -0.069357 0.022673
v -0.141584 -0.074082 0.069983
v -0.143248 -0.104519 0.066939
v -0.146453 -0.022746 0.051559
v -0.106462 -0.075991 0.124969
v -0.035640 -0.069508 0.163377
v -0.068927 -0.108491 0.144562
v -0.067649 -0.030019 0.152197
v -0.086481 0.074577 0.099368
v -0.007652 0.065739 0.172688
v -0.062679 0.033948 0.158560
v -0.041575 0.108741 0.143550
v 0.055906 0.059698 0.154970
v 0.070887 0.070965 0.112576
v 0.068935 0.031802 0.134338
v 0.068738 0.078006 0.116238
v 0.035639 -0.071493 0.157619
v 0.106400 -0.075068 0.134612
v 0.064491 -0.104967 0.146273
v 0.076410 -0.029873 0.125996
v 0.069367 0.098466 0.098415
v 0.075198 0.148198 0.032174
v 0.082831 0.117281 0.084338
v 0.023849 0.113037 0.062820
v -0.053715 0.117362 0.068450
v -0.114820 0.176029 0.033044
v -0.051664 0.123707 0.059004
v -0.117155 0.140026 0.060609
v -0.079515 0.142515 -0.019132
v -0.042479 0.105969 -0.086297
v -0.045095 0.114668 -0.078820
v -0.099006 0.154066 -0.046897
v 0.081385 0.172505 -0.034939
v 0.070984 0.111124 -0.100232
v 0.114532 0.141200 -0.048524
v 0.063415 0.125480 -0.098311
v 0.059037 0.102949 -0.109114
v 0.082213 0.119562 -0.098350
v 0.114116 0.178286 -0.016459
v -0.093103 0.134217 -0.093330
v -0.024828 0.093171 -0.100686
v -0.062213 0.151713 -0.045586
v -0.132907 0.168397 0.033850
v -0.066463 0.156833 0.025875
v -0.040441 0.117656 0.077285
v 0.040524 0.148334 0.027895
v 0.114928 0.168539 0.040934
v 0.073862 0.091717 0.107346
v 0.100635 -0.045195 0.131044
v 0.097564 -0.098269 0.128299
v 0.035830 -0.108859 0.166356
v 0.070612 0.080285 0.114641
v 0.091661 0.031103 0.126047
v 0.046808 0.033476 0.161414
v -0.016040 0.107502 0.151400
v -0.019273 0.034708 0.182061
v -0.124268 0.017434 0.151952
v -0.032177 -0.033718 0.170793
v -0.032942 -0.101132 0.160554
v -0.109586 -0.116988 0.126556
v -0.148446 -0.034585 0.101258
v -0.153965 -0.107350 0.086362
v -0.147194 -0.108471 0.039608
v -0.107627 0.101815 0.082660
v -0.138188 0.040127 0.105738
v -0.147322 0.032337 0.033884
v -0.149394 0.140731 -0.013308
v -0.169223 0.055682 -0.049268
v -0.147402 0.029552 -0.095220
v -0.173993 -0.040937 -0.081643
v -0.165858 -0.118047 -0.043320
v -0.152810 -0.088165 -0.128490
v -0.029887 -0.117052 -0.111276
v -0.107308 -0.128212 -0.104781
v -0.113636 -0.144796 -0.035316
v 0.085984 -0.103965 -0.090359
v 0.030856 -0.126157 -0.097294
v 0.027067 -0.151374 -0.042608
v 0.106102 -0.141966 0.051960
v 0.036834 -0.171363 0.031597
v 0.032985 -0.149158 0.141615
v -0.036998 -0.139519 0.056057
v -0.107561 -0.140721 0.042713
v -0.119043 -0.141942 0.096809
v 0.124477 0.004423 -0.097255
v 0.116234 -0.069752 -0.083427
v 0.132569 -0.087245 -0.035538
v 0.116945 0.113551 -0.102149
v 0.137702 0.050047 -0.104471
v 0.157659 0.044581 -0.019571
v 0.159443 0.170892 0.055498
v 0.146311 0.069061 0.038525
v 0.125177 0.058498 0.115429
v 0.163324 -0.018820 0.050488
v 0.150078 -0.102178 0.043261
v 0.122763 -0.084020 0.111124
v -0.106063 -0.033526 -0.142465
v -0.098072 -0.094661 -0.133336
v -0.034868 -0.101421 -0.135651
v -0.093430 0.084286 -0.133551
v -0.105523 0.029837 -0.140579
v -0.037911 0.008706 -0.131727
v 0.044003 0.063208 -0.150963
v 0.030261 -0.004752 -0.173715
v 0.083314 0.031870 -0.139404
v 0.017539 -0.049743 -0.158528
v 0.027539 -0.084476 -0.144732
v 0.082475 -0.069162 -0.106174
v 0.067909 -0.010685 -0.115170
v 0.090614 0.100921 -0.131848
v -0.028693 0.036852 -0.120260
v -0.040406 -0.038377 -0.142921
v 0.117594 -0.038451 0.115668
v 0.072439 0.083790 0.110455
v 0.142909 0.125319 -0.018545
v 0.164027 -0.025656 -0.029451
v -0.043495 -0.155191 0.127115
v 0.083368 -0.122561 0.116741
v 0.097851 -0.126215 -0.034588
v -0.040654 -0.147786 -0.033494
v -0.151504 -0.045671 -0.109503
v -0.158055 0.109317 -0.084564
v -0.141541 0.108700 0.050643
v -0.188895 -0.023247 -0.009682
v -0.116539 -0.031151 0.147014
v -0.081098 0.084711 0.088148
v 0.060654 0.077546 0.129022
v 0.042712 -0.030598 0.143417
v 0.032706 0.105181 0.085223
v -0.077581 0.111575 0.070102
v -0.114789 0.162970 -0.009902
v 0.033545 0.158266 -0.037944
v -0.146180 -0.139688 -0.019310
v -0.144900 -0.121618 0.105627
v 0.010918 -0.121284 -0.128668
v -0.113349 -0.114912 -0.126761
v 0.115352 0.024778 -0.123171
v 0.104345 -0.075045 -0.091062
v -0.154196 -0.001603 0.137013
v -0.085202 0.090906 0.084421
v 0.105975 0.010911 0.117361
v 0.108823 -0.096058 0.119597
v -0.135854 0.013618 -0.128693
v -0.129948 -0.094513 -0.130813
v 0.017604 0.098578 0.113365
v -0.081056 0.093143 0.081793
v 0.145213 0.148661 0.015250
v 0.071649 0.085825 0.112172
v -0.011301 -0.123013 0.156336
v 0.093442 -0.109915 0.125382
v -0.142677 0.150405 0.035257
v -0.136415 0.133244 -0.099145
v -0.016509 0.064906 -0.131633
v 0.080133 0.117250 -0.107840
v 0.137565 -0.126679 0.023420
v 0.102064 -0.087130 -0.086638
v 0.012510 0.155624 -0.032368
v -0.031321 0.183659 -0.001652
v 0.001004 0.180484 0.013505
v 0.034218 0.174744 -0.011595
v 0.027610 0.002848 0.168635
v 0.014669 0.016491 0.182041
v -0.009527 0.001280 0.182001
v 0.008398 -0.017460 0.177165
v -0.197321 0.017028 -0.024884
v -0.188726 0.036283 -0.035378
v -0.184703 0.016276 -0.054906
v -0.191744 0.001360 -0.052719
v -0.025188 -0.164055 -0.009624
v -0.014275 -0.170179 0.010531
v -0.020307 -0.158942 0.037607
v -0.038607 -0.153296 0.018657
v 0.170185 0.012405 -0.014390
v 0.141116 0.038728 0.011353
v 0.149064 0.034504 0.015518
v 0.181919 -0.013025 0.018125
v -0.035186 -0.017843 -0.149513
v 0.010486 -0.014928 -0.176566
v 0.018130 -0.025583 -0.176115
v -0.002960 -0.034872 -0.178094
v -0.146491 -0.128213 -0.106697
v -0.134010 -0.127516 0.058161
v 0.069894 -0.097947 -0.108264
v -0.036426 -0.110173 -0.129217
v 0.112350 0.092247 -0.124921
v 0.109616 -0.024292 -0.106976
v -0.148174 -0.097233 0.104733
v -0.104623 0.065215 0.108643
v 0.070791 0.076573 0.111237
v 0.116212 -0.068838 0.131758
v -0.135957 0.079363 -0.119189
v -0.132963 -0.047879 -0.121700
v 0.069707 0.083735 0.112226
v -0.045441 0.125858 0.104022
v 0.118300 0.135049 -0.069813
v 0.124291 0.146665 0.072016
v -0.094160 -0.144144 0.127475
v 0.049901 -0.133497 0.157589
v -0.127830 0.127948 0.066071
v -0.144223 0.160487 -0.013214
v -0.054280 0.092084 -0.128531
v 0.057272 0.099356 -0.117611
v 0.110419 -0.102401 0.090903
v 0.118728 -0.107498 -0.050092
v 0.020215 0.120437 -0.113969
v -0.118101 0.170074 0.004384
v -0.016445 0.115660 0.076170
v 0.101754 0.184960 0.004111
v 0.082708 -0.004065 0.128188
v 0.023417 0.069079 0.158514
v -0.088219 -0.001527 0.160251
v -0.001201 -0.092315 0.171451
v -0.148195 -0.005073 0.060084
v -0.153464 0.093408 0.005062
v -0.151096 -0.007064 -0.096277
v -0.164350 -0.089590 -0.012327
v -0.008246 -0.127342 -0.079833
v 0.090579 -0.140484 0.006155
v -0.005738 -0.155559 0.117914
v -0.089812 -0.144176 0.006829
v 0.131327 0.013823 -0.085260
v 0.148696 0.111702 0.028675
v 0.139291 0.026907 0.099146
v 0.153624 -0.080746 0.006732
v -0.082757 -0.002164 -0.149136
v 0.013630 0.032691 -0.158598
v 0.062274 -0.012647 -0.129946
v 0.012020 -0.088582 -0.166952
v 0.093312 -0.042931 -0.104558
v 0.021506 -0.052238 -0.142536
v 0.055676 -0.092175 -0.118872
v 0.034524 -0.042006 -0.135572
v 0.103073 0.069506 -0.130829
v 0.049167 0.030731 -0.153973
v 0.047888 -0.013604 -0.147189
v 0.064578 0.061435 -0.145176
v -0.030419 0.016938 -0.133265
v -0.072468 0.051705 -0.138775
v -0.049727 0.004729 -0.136221
v -0.033345 0.049462 -0.118920
v -0.019949 -0.083741 -0.162752
v -0.073803 -0.065262 -0.143228
v -0.057442 -0.106313 -0.139250
v -0.053029 -0.049065 -0.143307
v 0.123114 -0.076441 0.125863
v 0.148130 -0.065044 0.067512
v 0.125878 -0.100079 0.076684
v 0.138348 -0.039689 0.083377
v 0.075042 0.076720 0.111962
v 0.133130 0.110251 0.086069
v 0.143822 0.060467 0.089324
v 0.098009 0.101317 0.096786
v 0.140047 0.089799 0.019321
v 0.136941 0.085642 -0.078155
v 0.151858 0.030351 -0.071168
v 0.137934 0.105548 -0.058446
v 0.149290 -0.063250 -0.010868
v 0.129785 -0.048004 -0.080668
v 0.113816 -0.088569 -0.065879
v 0.140510 -0.035149 -0.072964
v -0.077413 -0.151485 0.120942
v -0.072395 -0.141468 0.061595
v -0.121792 -0.130286 0.072375
v -0.054148 -0.143427 0.084989
v 0.058943 -0.135921 0.145490
v 0.058712 -0.158967 0.077178
v 0.006775 -0.170844 0.090873
v 0.059444 -0.157237 0.089559
v 0.067010 -0.142907 -0.017382
v 0.062510 -0.123555 -0.084068
v 0.012577 -0.135792 -0.062964
v 0.075860 -0.120509 -0.069358
v -0.073022 -0.143696 -0.012846
v -0.069821 -0.132039 -0.091893
v -0.133699 -0.134749 -0.075404
v -0.053668 -0.136682 -0.073614
v -0.143445 -0.062672 -0.118509
v -0.170126 -0.086837 -0.072506
v -0.158602 -0.123851 -0.083142
v -0.164735 -0.067068 -0.101397
v -0.144999 0.064004 -0.104109
v -0.157410 0.100461 -0.045544
v -0.155309 0.016477 -0.075093
v -0.159054 0.114529 -0.050765
v -0.142205 0.058809 0.027938
v -0.133953 0.077709 0.086770
v -0.144538 0.007522 0.046288
v -0.135907 0.090967 0.073334
v -0.167900 -0.068248 -0.001536
v -0.140534 -0.070759 0.065594
v -0.138610 -0.114997 0.069294
v -0.144533 -0.047819 0.055558
v -0.125400 -0.078917 0.113457
v -0.053049 -0.069881 0.155227
v -0.073162 -0.125528 0.140651
v -0.068504 -0.050293 0.148551
v -0.087560 0.076247 0.095524
v -0.028375 0.071462 0.163549
v -0.064501 0.018302 0.160104
v -0.041531 0.095800 0.148197
v 0.042123 0.057934 0.163185
v 0.069039 0.069383 0.116614
v 0.070835 0.016752 0.132723
v 0.068866 0.073738 0.118968
v 0.018329 -0.072548 0.166581
v 0.090042 -0.071909 0.135889
v 0.062492 -0.117680 0.150775
v 0.075150 -0.049488 0.131128
v 0.069354 0.089393 0.106326
v 0.069184 0.132906 0.050847
v 0.084404 0.116316 0.088965
v 0.041283 0.114419 0.066269
v -0.052223 0.116068 0.075532
v -0.102324 0.158010 0.042642
v -0.034270 0.122022 0.065993
v -0.082819 0.137354 0.045986
v -0.080377 0.151131 -0.007609
v -0.053554 0.113302 -0.077213
v -0.032916 0.114877 -0.089468
v -0.079955 0.140764 -0.048652
v 0.086090 0.179265 -0.018165
v 0.076202 0.117334 -0.093700
v 0.125292 0.133923 -0.040886
v 0.072570 0.125900 -0.090751
v -0.152864 -0.135787 -0.060859
v -0.138548 -0.121262 0.084049
v 0.040221 -0.109375 -0.117988
v -0.079280 -0.118888 -0.131651
v 0.117223 0.061099 -0.128368
v 0.109435 -0.053819 -0.094741
v -0.141345 -0.056797 0.116899
v -0.086930 0.081693 0.088324
v 0.095349 0.057598 0.122772
v 0.117992 -0.085352 0.125632
v -0.135318 0.044857 -0.122658
v -0.131858 -0.071681 -0.123935
v 0.059482 0.084420 0.111924
v -0.065396 0.106219 0.082494
v 0.133594 0.149631 -0.024366
v 0.079975 0.102032 0.102717
v -0.060006 -0.139298 0.147212
v 0.072800 -0.125011 0.143134
v -0.140222 0.142134 0.049707
v -0.146469 0.150526 -0.059631
v -0.024821 0.053667 -0.115788
v 0.069497 0.109439 -0.106828
v 0.125447 -0.118914 0.059800
v 0.105912 -0.094502 -0.073373
v 0.011711 0.146212 -0.047569
v -0.074674 0.152904 -0.001824
v -0.002282 0.156824 0.046598
v 0.076483 0.185524 -0.002528
v 0.056346 0.003519 0.140506
v 0.023727 0.044156 0.177524
v -0.047963 0.002372 0.169794
v 0.002600 -0.054888 0.171981
v -0.154008 0.005664 0.039674
v -0.167225 0.077134 -0.029383
v -0.164209 0.003239 -0.075398
v -0.180381 -0.042669 -0.043345
v 0.002572 -0.134225 -0.058109
v 0.044309 -0.163401 -0.006024
v -0.002936 -0.164567 0.063273
v -0.059211 -0.143358 0.013097
v 0.149905 0.011398 -0.058467
v 0.133438 0.056396 0.024481
v 0.152323 0.038496 0.060345
v 0.170668 -0.047551 0.018968
v -0.043543 -0.008485 -0.136361
v 0.010877 0.004859 -0.172098
v 0.029600 -0.036119 -0.158305
v 0.008197 -0.061434 -0.176486
v -0.134709 -0.110902 -0.129394
v -0.137141 -0.135440 0.025324
v 0.092422 -0.088340 -0.096340
v -0.030446 -0.113272 -0.126718
v 0.098349 0.116660 -0.117214
v 0.104187 0.010535 -0.107017
v -0.149022 -0.118200 0.111710
v -0.138301 0.016324 0.134648
v 0.071062 0.082250 0.113951
v 0.108733 -0.035294 0.127477
v -0.132796 0.111559 -0.116314
v -0.135303 -0.019632 -0.128598
v 0.070900 0.083977 0.113350
v -0.017759 0.117510 0.126915
v 0.092192 0.121509 -0.103895
v 0.135861 0.181202 0.032613
v -0.130470 -0.132666 0.117517
v 0.029308 -0.135139 0.157716
v -0.089312 0.103500 0.078635
v -0.145580 0.147062 0.012571
v -0.109393 0.116543 -0.120545
v 0.041175 0.084607 -0.134775
v 0.102832 -0.098058 0.112631
v 0.134685 -0.120459 -0.016908
v 0.030941 0.090394 -0.135175
v -0.139741 0.162416 0.020475
v -0.013181 0.115918 0.102027
v 0.127198 0.179455 0.020701
v 0.098480 -0.012067 0.120012
v 0.005501 0.094623 0.128975
v -0.136261 -0.001656 0.150104
v 0.008154 -0.117212 0.164597
v -0.143085 0.004537 0.122678
v -0.150470 0.127387 0.021990
v -0.142063 -0.005511 -0.119776
v -0.147099 -0.125520 0.003318
v -0.005718 -0.126751 -0.119895
v 0.124598 -0.132665 0.003628
v 0.008189 -0.135509 0.147124
v -0.123389 -0.140939 0.007287
v 0.114733 0.015559 -0.103954
v 0.156918 0.153455 0.025976
v 0.115666 -0.000017 0.114026
v 0.145033 -0.110273 0.002090
v -0.123130 -0.000900 -0.138982
v 0.022850 0.061801 -0.147973
v 0.095041 0.008027 -0.113838
v 0.010826 -0.122481 -0.147572
v 0.057519 -0.039995 -0.124287
v 0.013288 -0.061444 -0.156100
v 0.042407 -0.060111 -0.134371
v 0.036177 -0.034828 -0.139265
v 0.075363 0.052128 -0.143582
v 0.026633 0.017222 -0.163331
v 0.055597 0.022834 -0.151630
v 0.059925 0.096785 -0.120727
v -0.031942 0.039456 -0.119892
v -0.118078 0.059698 -0.127802
v -0.041626 0.033709 -0.125817
v -0.029529 0.058764 -0.117786
v -0.044898 -0.063598 -0.142736
v -0.116293 -0.066560 -0.126624
v -0.054463 -0.077757 -0.143118
v -0.052718 -0.022818 -0.141810
v 0.132257 -0.067487 0.103885
v 0.156442 -0.066484 0.029328
v 0.138144 -0.076694 0.082841
v 0.141946 0.011731 0.081941
v 0.092024 0.088007 0.103503
v 0.149158 0.107226 0.039444
v 0.122089 0.088408 0.094562
v 0.089086 0.110245 0.095596
v 0.148902 0.090031 -0.038314
v 0.122725 0.078871 -0.110986
v 0.149199 0.071291 -0.063462
v 0.136472 0.122357 -0.043607
v 0.137076 -0.056335 -0.052369
v 0.118470 -0.042879 -0.093812
v 0.126407 -0.065143 -0.069532
v 0.138327 0.007979 -0.072128
v -0.076787 -0.151681 0.090635
v -0.072716 -0.141115 0.028181
v -0.092937 -0.142421 0.073984
v -0.019797 -0.152072 0.092572
v 0.050950 -0.155320 0.117909
v 0.062855 -0.166087 0.017949
v 0.035636 -0.168683 0.095697
v 0.103210 -0.120167 0.080491
v 0.063889 -0.132199 -0.053796
v 0.058496 -0.111123 -0.105558
v 0.048724 -0.132784 -0.069828
v 0.098077 -0.105682 -0.065793
v -0.072286 -0.139841 -0.053112
v -0.063679 -0.122879 -0.123518
v -0.093356 -0.137270 -0.072564
v -0.010368 -0.126142 -0.072912
v -0.160894 -0.075600 -0.111145
v -0.172460 -0.073430 -0.038743
v -0.165908 -0.104998 -0.093844
v -0.159197 -0.030923 -0.085669
v -0.157618 0.071862 -0.069303
v -0.157798 0.105173 -0.034412
v -0.157202 0.061400 -0.058980
v -0.154033 0.152488 -0.038562
v -0.145621 0.067865 0.059546
v -0.096327 0.077714 0.094737
v -0.144712 0.045290 0.073377
v -0.133476 0.120859 0.063972
v -0.146949 -0.064457 0.052816
v -0.143506 -0.078191 0.080095
v -0.141601 -0.080722 0.064925
v -0.145510 -0.012783 0.051268
v -0.087821 -0.073064 0.134909
v -0.017947 -0.071714 0.167012
v -0.069839 -0.090281 0.146007
v -0.066969 -0.013674 0.156811
v -0.079206 0.074606 0.109577
v 0.010325 0.060191 0.170139
v -0.055684 0.055243 0.152689
v -0.048886 0.114791 0.124158
v 0.065048 0.064148 0.136818
v 0.072307 0.072701 0.112520
v 0.069788 0.051062 0.129787
v 0.068767 0.080803 0.114595
v 0.053864 -0.070660 0.145474
v 0.113424 -0.077822 0.132502
v 0.068789 -0.087122 0.140993
v 0.074601 -0.014064 0.128900
v 0.064003 0.109579 0.083922
v 0.083265 0.165115 0.015106
v 0.072330 0.116920 0.077221
v 0.008138 0.121316 0.064416
v -0.059493 0.122047 0.060604
v -0.114471 0.173820 0.014562
v -0.058663 0.122782 0.055497
v -0.131099 0.138319 0.059648
v -0.076649 0.137881 -0.035710
v -0.034724 0.097648 -0.099458
v -0.057365 0.120633 -0.071341
v -0.133466 0.162168 -0.041294
v 0.083575 0.159917 -0.056385
v 0.068291 0.107597 -0.103220
v 0.094548 0.141194 -0.069613
v 0.026391 0.145872 -0.081997
v 0.062712 0.107347 -0.102471
v 0.054705 0.098228 -0.116781
v 0.065234 0.105770 -0.102979
v 0.050997 0.099405 -0.116933
v 0.094899 0.132165 -0.084583
v 0.078051 0.116075 -0.102183
v 0.088774 0.121923 -0.097917
v 0.075442 0.114210 -0.098960
v 0.114801 0.182093 -0.001483
v 0.113277 0.161254 -0.036144
v 0.128374 0.167652 -0.000208
v 0.098230 0.175848 -0.027061
v -0.098832 0.142582 -0.074357
v -0.091776 0.122722 -0.109693
v -0.059066 0.116110 -0.083750
v -0.122870 0.138834 -0.091660
v -0.033923 0.104221 -0.086803
v -0.020484 0.068338 -0.115022
v -0.015756 0.086457 -0.115007
v -0.033474 0.100261 -0.091159
v -0.068011 0.156098 -0.011703
v -0.057524 0.132956 -0.065729
v -0.005948 0.155170 -0.039326
v -0.075105 0.141130 -0.030768
v -0.133912 0.157521 0.045009
v -0.133300 0.172887 0.025027
v -0.124860 0.174080 0.033295
v -0.138474 0.159083 0.037646
v -0.063705 0.139071 0.044330
v -0.065603 0.155882 0.014487
v -0.029158 0.177851 0.032982
v -0.072150 0.150793 0.023805
v -0.040846 0.121957 0.087803
v -0.045369 0.119641 0.067813
v -0.031458 0.117303 0.087410
v -0.047488 0.117225 0.072746
v 0.033335 0.130987 0.046502
v 0.051821 0.165669 0.007937
v 0.056844 0.148395 0.029607
v 0.020294 0.161198 0.028223
v 0.107661 0.142277 0.064844
v 0.112627 0.175962 0.025073
v 0.124892 0.176177 0.042376
v 0.097423 0.154308 0.038421
v 0.072122 0.087608 0.110571
v 0.079000 0.105857 0.096081
v 0.073231 0.090394 0.109337
v 0.072198 0.094592 0.103045
v 0.088517 -0.038043 0.126725
v 0.106212 -0.050950 0.133972
v 0.103372 -0.059917 0.134215
v 0.095476 -0.028322 0.123888
v 0.080856 -0.101652 0.136996
v 0.106278 -0.093958 0.124138
v 0.092182 -0.108969 0.130728
v 0.101817 -0.086493 0.130894
v 0.020891 -0.108977 0.167578
v 0.049115 -0.107059 0.157812
v 0.039862 -0.122520 0.162553
v 0.033582 -0.090221 0.163724
v 0.069779 0.079382 0.115846
v 0.070584 0.080483 0.114080
v 0.069733 0.075345 0.112817
v 0.070909 0.082372 0.114170
v 0.080285 0.031626 0.130175
v 0.100994 0.033266 0.125210
v 0.091409 0.010579 0.123988
v 0.082378 0.054683 0.120622
v 0.032990 0.032578 0.172084
v 0.055857 0.032932 0.146424
v 0.042822 0.019980 0.155527
v 0.051537 0.046490 0.158645
v -0.024533 0.114201 0.155894
v -0.004002 0.091614 0.140551
v -0.015819 0.085528 0.156873
v -0.018239 0.119276 0.146252
v -0.040684 0.034016 0.171824
v -0.000170 0.033363 0.183424
v -0.024032 0.017767 0.178774
v -0.013392 0.050489 0.180765
v -0.134101 0.024240 0.140527
v -0.091248 0.029003 0.155059
v -0.118802 0.005873 0.155397
v -0.107944 0.053197 0.129270
v -0.050167 -0.031988 0.161500
v -0.013300 -0.035098 0.174071
v -0.033954 -0.051688 0.166561
v -0.030409 -0.015783 0.174173
v -0.051279 -0.105876 0.152484
v -0.016010 -0.102176 0.165871
v -0.031830 -0.112053 0.155916
v -0.034990 -0.087318 0.161782
v -0.131034 -0.114931 0.117692
v -0.088821 -0.112842 0.134714
v -0.112203 -0.129306 0.122552
v -0.108854 -0.096397 0.127224
v -0.147557 -0.028371 0.057772
v -0.146625 -0.030969 0.115442
v -0.146231 -0.060715 0.079368
v -0.148640 -0.015767 0.103125
v -0.148296 -0.104583 0.076164
v -0.153202 -0.110772 0.097665
v -0.148880 -0.113717 0.091532
v -0.148055 -0.086826 0.076897
v -0.151121 -0.110376 0.019956
v -0.145534 -0.107353 0.053465
v -0.141559 -0.120570 0.042000
v -0.154601 -0.088756 0.030993
v -0.127643 0.108901 0.073990
v -0.090482 0.090499 0.085351
v -0.107399 0.088928 0.089144
v -0.103916 0.107332 0.079705
v -0.142103 0.031845 0.080841
v -0.136465 0.037371 0.117223
v -0.142387 0.020952 0.105107
v -0.127740 0.061274 0.100085
v -0.179118 0.044620 -0.015350
v -0.141774 0.026443 0.037741
v -0.182050 0.022998 0.005962
v -0.140546 0.040468 0.033553
v -0.150547 0.147242 -0.026312
v -0.153495 0.123990 -0.004058
v -0.152053 0.135348 -0.028402
v -0.147080 0.145533 -0.004847
v -0.162357 0.045820 -0.055556
v -0.175373 0.057012 -0.042218
v -0.172080 0.029385 -0.054276
v -0.163826 0.079666 -0.042570
v -0.141735 0.029247 -0.110536
v -0.151529 0.033659 -0.080140
v -0.147916 0.010154 -0.101576
v -0.150588 0.048349 -0.091601
v -0.168342 -0.047938 -0.089402
v -0.180823 -0.029378 -0.070167
v -0.172463 -0.062929 -0.074713
v -0.174162 -0.014312 -0.072572
v -0.165735 -0.115702 -0.058542
v -0.160544 -0.115252 -0.021512
v -0.159358 -0.129290 -0.044204
v -0.169223 -0.099251 -0.048004
v -0.142275 -0.082933 -0.128626
v -0.157988 -0.102066 -0.118646
v -0.146933 -0.102373 -0.128197
v -0.153868 -0.076965 -0.122717
v -0.025163 -0.122316 -0.093710
v -0.032059 -0.112592 -0.121359
v -0.048144 -0.126428 -0.112197
v -0.025087 -0.119154 -0.104356
v -0.110984 -0.133164 -0.088510
v -0.102693 -0.122777 -0.116152
v -0.124430 -0.125658 -0.111706
v -0.087454 -0.127926 -0.107800
v -0.110484 -0.144092 -0.013625
v -0.114142 -0.141502 -0.053802
v -0.133240 -0.142728 -0.040197
v -0.093077 -0.143994 -0.034353
v 0.086969 -0.108233 -0.078923
v 0.084740 -0.097906 -0.095924
v 0.073620 -0.111240 -0.093514
v 0.094661 -0.096934 -0.086408
v 0.032729 -0.132520 -0.083935
v 0.027801 -0.120704 -0.109554
v 0.014064 -0.128162 -0.101846
v 0.046004 -0.122173 -0.096906
v 0.016167 -0.167221 -0.021295
v 0.029381 -0.139272 -0.053781
v 0.007184 -0.156547 -0.040502
v 0.047760 -0.143613 -0.040277
v 0.095922 -0.136269 0.071167
v 0.107841 -0.140240 0.028266
v 0.085832 -0.145369 0.057715
v 0.120655 -0.136339 0.046934
v 0.033829 -0.173975 0.055966
v 0.018974 -0.175008 0.017107
v 0.012523 -0.170254 0.037500
v 0.057478 -0.163281 0.037148
v 0.038358 -0.142358 0.150665
v 0.019441 -0.164036 0.120421
v 0.016913 -0.149090 0.139345
v 0.030124 -0.161294 0.134549
v -0.034055 -0.141107 0.072719
v -0.043261 -0.142121 0.038603
v -0.053721 -0.137930 0.052123
v -0.022570 -0.148181 0.054317
v -0.108994 -0.139231 0.057659
v -0.107451 -0.142042 0.025415
v -0.121112 -0.136163 0.043417
v -0.090210 -0.142333 0.042571
v -0.117168 -0.141926 0.108400
v -0.114759 -0.139906 0.084724
v -0.131322 -0.130643 0.096477
v -0.098906 -0.149531 0.101034
v 0.136058 -0.000650 -0.083773
v 0.113669 0.005984 -0.102941
v 0.129435 -0.028939 -0.095970
v 0.121217 0.012254 -0.095849
v 0.118196 -0.074151 -0.075756
v 0.111847 -0.067557 -0.087149
v 0.109639 -0.079685 -0.082812
v 0.121117 -0.056759 -0.086589
v 0.140655 -0.091340 -0.016663
v 0.125830 -0.082626 -0.051536
v 0.130850 -0.101585 -0.035835
v 0.136436 -0.073813 -0.034384
v 0.125356 0.119533 -0.076705
v 0.111653 0.111001 -0.112952
v 0.123647 0.097853 -0.100068
v 0.108750 0.120545 -0.100207
v 0.146170 0.051993 -0.086525
v 0.127841 0.048057 -0.118008
v 0.130308 0.025406 -0.101922
v 0.133546 0.066366 -0.100979
v 0.141732 0.040467 0.006459
v 0.158781 0.051662 -0.046539
v 0.158899 0.031698 -0.025753
v 0.157319 0.069506 -0.021697
v 0.132351 0.133070 0.080073
v 0.162103 0.159417 0.042486
v 0.164116 0.150089 0.061881
v 0.147399 0.180004 0.048365
v 0.148205 0.083095 0.079573
v 0.132701 0.054979 0.025293
v 0.135307 0.050502 0.024426
v 0.153948 0.103825 0.064440
v 0.117853 0.046932 0.120110
v 0.131990 0.069801 0.105086
v 0.124615 0.036662 0.111424
v 0.106446 0.071306 0.113880
v 0.151964 -0.017899 0.066213
v 0.173233 -0.023835 0.038528
v 0.159357 -0.042853 0.048958
v 0.162217 0.006495 0.048635
v 0.142760 -0.096367 0.060679
v 0.149580 -0.098810 0.022672
v 0.142516 -0.115377 0.043983
v 0.152703 -0.084612 0.045326
v 0.119239 -0.087154 0.115920
v 0.129250 -0.087364 0.094802
v 0.113487 -0.089446 0.108759
v 0.124688 -0.078469 0.116206
v -0.077600 -0.034795 -0.147556
v -0.119977 -0.035530 -0.133801
v -0.103404 -0.049873 -0.139407
v -0.107802 -0.016814 -0.144230
v -0.076432 -0.096341 -0.138874
v -0.115034 -0.092469 -0.127595
v -0.098089 -0.106007 -0.130525
v -0.099270 -0.080337 -0.134553
v -0.007901 -0.115616 -0.149964
v -0.040568 -0.097225 -0.138277
v -0.034180 -0.105589 -0.130483
v -0.036688 -0.084044 -0.143161
v -0.056150 0.068470 -0.133273
v -0.114830 0.091073 -0.126095
v -0.097000 0.071421 -0.134791
v -0.091332 0.095884 -0.129665
v -0.077052 0.026318 -0.143446
v -0.119946 0.029271 -0.132462
v -0.107540 0.014865 -0.143350
v -0.102990 0.044197 -0.138154
v -0.034542 -0.001701 -0.142774
v -0.038164 0.022397 -0.127125
v -0.039417 -0.000531 -0.134673
v -0.035066 0.018988 -0.128179
v 0.056970 0.072444 -0.147059
v 0.030501 0.056882 -0.149915
v 0.042221 0.041465 -0.156161
v 0.041750 0.080253 -0.137945
v 0.039942 -0.000120 -0.164448
v 0.020948 -0.005473 -0.174880
v 0.030455 -0.015829 -0.174768
v 0.033583 0.008136 -0.167362
v 0.100635 0.039189 -0.135715
v 0.067474 0.017318 -0.145652
v 0.083789 0.010181 -0.123241
v 0.086519 0.047961 -0.138706
v 0.020896 -0.045895 -0.145311
v 0.011005 -0.048249 -0.167992
v 0.017295 -0.053607 -0.152265
v 0.020635 -0.043071 -0.164624
v 0.038378 -0.083029 -0.134124
v 0.025784 -0.092124 -0.154628
v 0.028618 -0.105008 -0.132051
v 0.017620 -0.063134 -0.147533
v 0.095194 -0.067446 -0.098797
v 0.069080 -0.074836 -0.114906
v 0.083332 -0.080718 -0.104197
v 0.079565 -0.057075 -0.108346
v 0.085239 -0.002930 -0.113185
v 0.055538 -0.021648 -0.123588
v 0.068192 -0.018419 -0.116953
v 0.071528 -0.005182 -0.116291
v 0.098685 0.104732 -0.127807
v 0.079646 0.091832 -0.136666
v 0.091391 0.082046 -0.136334
v 0.079552 0.110866 -0.114854
v -0.024360 0.037759 -0.124686
v -0.028501 0.046074 -0.117364
v -0.029743 0.035918 -0.121210
v -0.027344 0.038355 -0.119095
v -0.034326 -0.045755 -0.155292
v -0.044959 -0.036452 -0.140974
v -0.039576 -0.053501 -0.145119
v -0.039855 -0.025804 -0.140898
v 0.114205 -0.047889 0.124038
v 0.127328 -0.027579 0.097611
v 0.119957 -0.055844 0.117426
v 0.123639 -0.012136 0.113955
v 0.070979 0.081921 0.111764
v 0.081060 0.093921 0.106191
v 0.074372 0.081376 0.110256
v 0.072548 0.085934 0.110395
v 0.149266 0.123782 0.000328
v 0.139695 0.118086 -0.032001
v 0.145740 0.109935 -0.012213
v 0.142408 0.140498 -0.013453
v 0.173456 -0.027317 -0.001445
v 0.155351 -0.019399 -0.052111
v 0.152491 -0.043236 -0.031461
v 0.164064 -0.004257 -0.035821
v -0.040823 -0.141507 0.140938
v -0.038278 -0.150149 0.108103
v -0.061464 -0.156103 0.116401
v -0.021877 -0.148796 0.132722
v 0.084897 -0.120742 0.124464
v 0.084292 -0.128947 0.102802
v 0.070348 -0.132376 0.126648
v 0.093842 -0.108297 0.111545
v 0.103190 -0.132908 -0.014646
v 0.092787 -0.119274 -0.051020
v 0.082033 -0.131249 -0.035828
v 0.113471 -0.121178 -0.035374
v -0.046727 -0.149676 -0.008669
v -0.035963 -0.141965 -0.055007
v -0.055460 -0.144460 -0.033444
v -0.027253 -0.153091 -0.034239
v -0.142973 -0.039989 -0.113693
v -0.156821 -0.047790 -0.104476
v -0.153074 -0.055771 -0.114235
v -0.149796 -0.030197 -0.103017
v -0.147119 0.103566 -0.101485
v -0.161131 0.115749 -0.063819
v -0.155974 0.088213 -0.086297
v -0.150606 0.125190 -0.084224
v -0.146577 0.106176 0.037309
v -0.137394 0.109252 0.059524
v -0.142497 0.079794 0.040241
v -0.142916 0.128010 0.047689
v -0.188887 -0.021079 -0.035553
v -0.176287 -0.028740 0.027711
v -0.176615 -0.046421 0.006463
v -0.193810 -0.005251 -0.007694
v -0.146507 -0.027928 0.142202
v -0.088265 -0.028853 0.146739
v -0.107271 -0.051972 0.133560
v -0.119077 -0.019718 0.153291
v -0.082970 0.085552 0.086791
v -0.079018 0.088798 0.093856
v -0.083438 0.079430 0.092999
v -0.079743 0.087756 0.085662
v 0.037343 0.077462 0.138630
v 0.065708 0.077385 0.120693
v 0.058197 0.070509 0.143768
v 0.053074 0.081249 0.122575
v 0.024183 -0.033037 0.157675
v 0.059795 -0.030072 0.135171
v 0.040040 -0.050752 0.152279
v 0.042124 -0.012644 0.147896
v 0.039253 0.098074 0.101069
v 0.026651 0.109358 0.072970
v 0.050558 0.102776 0.091744
v 0.009531 0.111142 0.080103
v -0.077328 0.100364 0.077612
v -0.085710 0.124908 0.060846
v -0.063229 0.117563 0.064727
v -0.087093 0.110616 0.075249
v -0.126666 0.165826 0.001772
v -0.097329 0.157820 -0.022701
v -0.083206 0.150106 -0.010311
v -0.136230 0.160203 -0.001693
v 0.047081 0.171333 -0.025068
v 0.030602 0.152359 -0.049933
v 0.055456 0.168965 -0.036299
v 0.022428 0.150633 -0.038267
v 0.019574 0.146362 -0.046177
v 0.062355 0.160234 -0.058506
v 0.066626 0.177869 -0.021024
v -0.129951 0.164074 -0.017998
v -0.081675 0.142671 -0.022355
v -0.101144 0.159897 -0.007298
v -0.107685 0.128294 0.067550
v -0.070084 0.126732 0.055381
v -0.061907 0.112754 0.072216
v 0.007526 0.114558 0.071835
v 0.044551 0.109125 0.077668
v 0.055598 0.095187 0.103679
v 0.058707 -0.013492 0.138671
v 0.057316 -0.050259 0.141079
v 0.021125 -0.052916 0.161722
v 0.063016 0.080074 0.116468
v 0.066119 0.073030 0.126649
v 0.039667 0.068268 0.151133
v -0.074477 0.094806 0.089072
v -0.080203 0.081820 0.099947
v -0.084463 0.079928 0.089975
v -0.088233 -0.015254 0.153597
v -0.087281 -0.050775 0.138875
v -0.124990 -0.054655 0.125746
v -0.164459 -0.008851 0.038779
v -0.153684 -0.045107 0.048152
v -0.178730 -0.044849 -0.018537
v -0.138795 0.124411 0.055659
v -0.139894 0.088873 0.060804
v -0.142503 0.075101 0.028530
v -0.153749 0.135803 -0.061968
v -0.159369 0.092081 -0.066081
v -0.146004 0.083787 -0.102772
v -0.154486 -0.030667 -0.094349
v -0.158799 -0.059000 -0.109016
v -0.143088 -0.051012 -0.116850
v -0.015439 -0.141544 -0.057322
v -0.053944 -0.140530 -0.054092
v -0.058578 -0.145198 -0.010374
v 0.105782 -0.113478 -0.050606
v 0.078943 -0.125829 -0.052556
v 0.085623 -0.136529 -0.015316
v 0.099227 -0.114833 0.096077
v 0.065529 -0.141232 0.112716
v 0.071996 -0.128186 0.134699
v -0.020876 -0.151470 0.113102
v -0.057103 -0.150896 0.099505
v -0.062184 -0.148445 0.132275
v 0.149531 0.004360 -0.056483
v 0.146838 -0.039351 -0.052341
v 0.161113 -0.045120 -0.006068
v 0.139799 0.131535 -0.027402
v 0.141969 0.105248 -0.038135
v 0.142976 0.108008 0.013221
v 0.080816 0.097928 0.104973
v 0.085442 0.091108 0.106112
v 0.072276 0.078692 0.110148
v 0.130935 0.000047 0.097010
v 0.128688 -0.047715 0.100178
v 0.117911 -0.062413 0.124447
v -0.044359 -0.023795 -0.138975
v -0.044799 -0.049202 -0.141588
v -0.024016 -0.064788 -0.166513
v -0.026903 0.048553 -0.116280
v -0.030080 0.043779 -0.118341
v -0.027333 0.029429 -0.127933
v 0.069563 0.104272 -0.116068
v 0.078029 0.071795 -0.140953
v 0.101743 0.087117 -0.130380
v 0.058523 -0.016850 -0.125439
v 0.055182 -0.028483 -0.124735
v 0.086674 -0.015513 -0.114222
v 0.065262 -0.060197 -0.119036
v 0.069669 -0.086516 -0.111780
v 0.093629 -0.077833 -0.097310
v 0.015518 -0.070123 -0.154771
v 0.023556 -0.112619 -0.142405
v 0.040936 -0.098705 -0.124939
v 0.012037 -0.038556 -0.171515
v 0.014775 -0.056456 -0.159852
v 0.020943 -0.048492 -0.143241
v 0.071177 0.035425 -0.145427
v 0.067109 -0.002006 -0.133163
v 0.099308 0.016687 -0.120044
v 0.022733 0.006227 -0.170124
v 0.021633 -0.015900 -0.174436
v 0.037586 -0.014424 -0.164046
v 0.034040 0.072455 -0.143411
v 0.029386 0.037085 -0.158412
v 0.053489 0.051473 -0.150910
v -0.034640 0.031941 -0.123053
v -0.041638 0.007645 -0.132148
v -0.035364 -0.009438 -0.145551
v -0.118945 0.044481 -0.129989
v -0.121565 0.014166 -0.135722
v -0.079191 0.012191 -0.145839
v -0.112121 0.103852 -0.123264
v -0.116517 0.075374 -0.127071
v -0.064303 0.060275 -0.135977
v -0.044350 -0.078831 -0.142248
v -0.037953 -0.104646 -0.132617
v -0.021558 -0.115962 -0.139213
v -0.115720 -0.079433 -0.126282
v -0.114155 -0.103210 -0.127845
v -0.078345 -0.107845 -0.135269
v -0.121674 -0.018254 -0.136579
v -0.118133 -0.051130 -0.129908
v -0.074479 -0.050103 -0.145336
v 0.131637 -0.077524 0.099615
v 0.119790 -0.094809 0.092747
v 0.111067 -0.092628 0.114247
v 0.152624 -0.082546 0.026051
v 0.143672 -0.112768 0.023100
v 0.134239 -0.107710 0.060329
v 0.172099 -0.003377 0.033537
v 0.164929 -0.045216 0.033998
v 0.149319 -0.041315 0.066575
v 0.114203 0.078745 0.102767
v 0.136026 0.048536 0.102235
v 0.115005 0.023758 0.114417
v 0.135976 0.063796 0.028174
v 0.134388 0.046536 0.020208
v 0.148326 0.058700 0.065922
v 0.150820 0.171931 0.036950
v 0.161663 0.133520 0.045274
v 0.132334 0.121180 0.082039
v 0.154043 0.072007 -0.043501
v 0.158319 0.031070 -0.049134
v 0.146215 0.034013 -0.000807
v 0.125185 0.063703 -0.114580
v 0.121603 0.024159 -0.109745
v 0.140107 0.026651 -0.087728
v 0.102900 0.118196 -0.108537
v 0.117609 0.094969 -0.112290
v 0.131477 0.103045 -0.079376
v 0.131451 -0.069463 -0.051966
v 0.122249 -0.095052 -0.050785
v 0.138020 -0.105954 -0.016920
v 0.115079 -0.055180 -0.090330
v 0.106870 -0.077303 -0.086826
v 0.112052 -0.084345 -0.074554
v 0.112393 0.012540 -0.101770
v 0.120362 -0.028249 -0.100741
v 0.134909 -0.032040 -0.084421
v -0.095944 -0.146138 0.087469
v -0.126633 -0.130566 0.084405
v -0.130889 -0.131650 0.107015
v -0.090040 -0.143123 0.024972
v -0.122270 -0.138605 0.025375
v -0.121549 -0.133414 0.057943
v -0.031533 -0.148363 0.040346
v -0.056852 -0.139859 0.033949
v -0.052681 -0.139316 0.068718
v 0.026902 -0.170053 0.115014
v 0.008248 -0.158354 0.119033
v 0.025106 -0.141053 0.147728
v 0.048338 -0.165838 0.015236
v -0.004835 -0.169151 0.029073
v 0.016211 -0.172528 0.055491
v 0.122622 -0.134458 0.025182
v 0.089976 -0.140677 0.032720
v 0.069540 -0.153183 0.074598
v 0.047671 -0.136115 -0.053157
v 0.012094 -0.136076 -0.053979
v -0.008441 -0.168697 -0.014952
v 0.043076 -0.115771 -0.107482
v 0.011369 -0.124124 -0.114860
v 0.015294 -0.133915 -0.085985
v 0.093483 -0.092589 -0.091342
v 0.071550 -0.104403 -0.100657
v 0.074714 -0.115858 -0.081448
v -0.093209 -0.140685 -0.053462
v -0.133525 -0.138726 -0.057240
v -0.128310 -0.141747 -0.016472
v -0.084009 -0.123753 -0.119639
v -0.118853 -0.119585 -0.119931
v -0.129015 -0.131168 -0.093846
v -0.027691 -0.116525 -0.116544
v -0.037751 -0.115269 -0.123537
v -0.052181 -0.132530 -0.092807
v -0.159253 -0.085675 -0.117601
v -0.152155 -0.116865 -0.113330
v -0.138408 -0.095954 -0.130373
v -0.166652 -0.094301 -0.029988
v -0.153308 -0.127451 -0.020445
v -0.159249 -0.125735 -0.059789
v -0.182819 -0.006533 -0.062482
v -0.176683 -0.051675 -0.055940
v -0.168715 -0.067635 -0.089728
v -0.154646 0.052533 -0.074751
v -0.151505 0.013307 -0.088271
v -0.141975 0.011895 -0.115177
v -0.165353 0.081397 -0.037265
v -0.180292 0.033540 -0.044936
v -0.163566 0.022617 -0.064272
v -0.150801 0.133678 0.005132
v -0.154730 0.120540 -0.022136
v -0.153668 0.134077 -0.038689
v -0.141468 0.038962 0.037916
v -0.144617 0.015633 0.038752
v -0.188257 0.030155 -0.016815
v -0.113004 0.062947 0.105555
v -0.138890 0.017873 0.120292
v -0.144490 0.018916 0.076773
v -0.089606 0.095351 0.083320
v -0.092165 0.083061 0.089226
v -0.129732 0.093008 0.080533
v -0.147562 -0.083948 0.053062
v -0.140109 -0.117985 0.055607
v -0.144249 -0.122991 0.022661
v -0.148802 -0.094146 0.091111
v -0.149055 -0.116176 0.101702
v -0.143647 -0.114013 0.080311
v -0.146342 -0.010036 0.118402
v -0.145272 -0.057385 0.103939
v -0.142961 -0.056580 0.061939
v -0.089276 -0.093281 0.136395
v -0.091582 -0.127956 0.130824
v -0.130685 -0.123784 0.117178
v -0.018010 -0.089527 0.166562
v -0.013498 -0.111094 0.161356
v -0.054285 -0.120752 0.148846
v -0.011324 -0.017178 0.178512
v -0.015899 -0.053432 0.170442
v -0.051478 -0.050961 0.158251
v -0.081619 0.054608 0.136406
v -0.089237 0.013686 0.158978
v -0.131935 0.010178 0.145079
v 0.005282 0.047567 0.178994
v -0.005039 0.016856 0.183185
v -0.043751 0.018126 0.168091
v -0.008913 0.105823 0.134693
v 0.002436 0.075016 0.157015
v -0.027012 0.094434 0.157364
v 0.061129 0.047634 0.145025
v 0.055416 0.018392 0.142590
v 0.029549 0.017824 0.169583
v 0.088173 0.056488 0.121874
v 0.099131 0.010741 0.121670
v 0.081463 0.013724 0.129165
v 0.070973 0.082258 0.114032
v 0.070569 0.076240 0.112542
v 0.069713 0.074738 0.116331
v 0.050506 -0.089050 0.150622
v 0.050091 -0.120355 0.157563
v 0.027359 -0.121531 0.161322
v 0.109785 -0.085651 0.127957
v 0.100270 -0.102407 0.125063
v 0.077202 -0.113354 0.140643
v 0.102251 -0.032288 0.124149
v 0.109946 -0.064432 0.133869
v 0.089451 -0.054733 0.132114
v 0.072412 0.107757 0.090013
v 0.079470 0.104219 0.099603
v 0.071832 0.086876 0.111617
v 0.099165 0.167827 0.020346
v 0.124607 0.177349 0.030190
v 0.116235 0.144529 0.068841
v 0.028533 0.170062 0.007260
v 0.067159 0.166358 0.011874
v 0.050578 0.131776 0.048154
v -0.052584 0.119867 0.063850
v -0.031975 0.116567 0.075008
v -0.029618 0.123915 0.104724
v -0.072546 0.152073 0.011090
v -0.028792 0.182696 0.017511
v -0.047013 0.140676 0.051069
v -0.139842 0.163488 0.030332
v -0.124725 0.174961 0.020701
v -0.125325 0.163063 0.045456
v -0.070185 0.135157 -0.050344
v -0.006232 0.150001 -0.050251
v -0.019336 0.168496 -0.027099
v -0.025709 0.085704 -0.107276
v -0.014150 0.074324 -0.124720
v -0.025586 0.102996 -0.096980
v -0.116153 0.127761 -0.106136
v -0.053108 0.111546 -0.097238
v -0.069455 0.123602 -0.074549
v 0.097602 0.160966 -0.046924
v 0.124471 0.154182 -0.028913
v 0.131153 0.165987 0.014763
v 0.072267 0.110764 -0.102215
v 0.083955 0.118681 -0.102604
v 0.106392 0.135520 -0.077208
v 0.047433 0.092333 -0.123937
v 0.062353 0.103095 -0.107716
v 0.068699 0.110404 -0.097766
v 0.053558 0.109267 -0.109322
v 0.083396 0.123603 -0.090553
v 0.100783 0.181388 -0.011276
v -0.127079 0.145910 -0.069284
v -0.042802 0.107953 -0.080851
v -0.077539 0.146400 -0.013243
v -0.138052 0.150780 0.047068
v -0.069276 0.137211 0.040811
v -0.046545 0.118441 0.082536
v 0.015738 0.143174 0.047072
v 0.087554 0.135676 0.057300
v 0.070823 0.088081 0.108246
v 0.084999 -0.020829 0.125729
v 0.085242 -0.086784 0.136073
v 0.016678 -0.091535 0.168783
v 0.069838 0.081622 0.114507
v 0.075012 0.053165 0.123695
v 0.038175 0.045347 0.168492
v -0.027242 0.119357 0.147529
v -0.034564 0.052786 0.172584
v -0.107350 0.060203 0.118074
v -0.048637 -0.014631 0.165069
v -0.052311 -0.088636 0.154001
v -0.128393 -0.096759 0.115896
v -0.147263 -0.015617 0.057395
v -0.143922 -0.081937 0.069570
v -0.159745 -0.089354 0.009305
v -0.126171 0.117892 0.070683
v -0.140946 0.056326 0.086868
v -0.167109 0.059648 -0.004820
v -0.147593 0.154264 -0.019408
v -0.159832 0.070301 -0.049138
v -0.143425 0.046612 -0.107350
v -0.166683 -0.022558 -0.079029
v -0.168127 -0.100746 -0.064015
v -0.142947 -0.072090 -0.122755
v -0.019125 -0.122273 -0.088551
v -0.090403 -0.132600 -0.090191
v -0.091420 -0.144218 -0.013927
v 0.096542 -0.101494 -0.076230
v 0.047475 -0.127496 -0.083728
v 0.044141 -0.155142 -0.021724
v 0.111649 -0.127863 0.063848
v 0.047454 -0.168595 0.062406
v 0.048279 -0.139492 0.148271
v -0.018492 -0.150976 0.070014
v -0.091529 -0.142282 0.058156
v -0.096332 -0.147075 0.114110
v 0.130453 0.009780 -0.083414
v 0.124050 -0.061107 -0.078242
v 0.144771 -0.077254 -0.013690
v 0.122244 0.127502 -0.072904
v 0.141473 0.068862 -0.082245
v 0.138931 0.054420 0.017525
v 0.129436 0.140492 0.075760
v 0.138766 0.096393 0.082386
v 0.100711 0.064776 0.119296
v 0.152827 0.008589 0.065413
v 0.145965 -0.080900 0.064343
v 0.121541 -0.082083 0.120987
v -0.079498 -0.018815 -0.147959
v -0.075065 -0.080415 -0.141124
v -0.010949 -0.103511 -0.154999
v -0.056018 0.079402 -0.131472
v -0.074385 0.038644 -0.141220
v -0.032317 0.007827 -0.138744
v 0.049628 0.087540 -0.129426
v 0.044523 0.015469 -0.159409
v 0.101881 0.054414 -0.133322
v 0.022785 -0.043650 -0.149617
v 0.024361 -0.060365 -0.143243
v 0.094677 -0.055777 -0.101308
v 0.088801 0.002892 -0.112959
v 0.088164 0.113438 -0.115624
v -0.020888 0.048607 -0.125003
v -0.035095 -0.031567 -0.150609
v 0.116284 -0.023704 0.121202
v 0.071215 0.083667 0.111847
v 0.149923 0.132218 0.003040
v 0.174565 -0.010404 -0.008159
v -0.016586 -0.133527 0.144583
v 0.093439 -0.108908 0.118514
v 0.118980 -0.126777 -0.015821
v -0.036402 -0.156250 -0.008037
v -0.142515 -0.024926 -0.115216
v -0.141738 0.118396 -0.100303
v -0.147188 0.129202 0.035702
v -0.193150 -0.002036 -0.030214
v -0.146729 -0.009949 0.146696
v -0.082274 0.088655 0.085009
v 0.027334 0.086944 0.126046
v 0.026101 -0.015255 0.163399
v 0.013693 0.107507 0.092954
v -0.082755 0.100429 0.078299
v -0.138988 0.158452 0.009621
v 0.027581 0.158194 -0.030081
vt 0.338338 0.346868
vt 0.381408 0.353865
vt 0.350021 0.360036
vt 0.627731 0.165211
vt 0.620249 0.168218
vt 0.621690 0.163247
vt 0.618281 0.230021
vt 0.622525 0.231681
vt 0.622264 0.234843
vt 0.560730 0.314269
vt 0.590972 0.304377
vt 0.581673 0.327487
vt 0.688692 0.362431
vt 0.706829 0.344727
vt 0.705689 0.364785
vt 0.600309 0.321135
vt 0.595243 0.342916
vt 0.626045 0.233782
vt 0.626042 0.236456
vt 0.704354 0.242451
vt 0.697909 0.240386
vt 0.702025 0.237954
vt 0.704103 0.149271
vt 0.694624 0.144098
vt 0.702328 0.139757
vt 0.633938 0.177452
vt 0.626054 0.170788
vt 0.636402 0.171147
vt 0.642053 0.114953
vt 0.637590 0.108568
vt 0.643043 0.106856
vt 0.702271 0.096520
vt 0.709777 0.089732
vt 0.713365 0.098325
vt 0.859387 0.161920
vt 0.865317 0.186417
vt 0.853763 0.185912
vt 0.428872 0.745344
vt 0.451994 0.772291
vt 0.422057 0.767961
vt 0.839076 0.433554
vt 0.830165 0.445737
vt 0.832272 0.427432
vt 0.818959 0.318515
vt 0.797190 0.309212
vt 0.807216 0.297942
vt 0.443649 0.604263
vt 0.460416 0.589391
vt 0.470656 0.603992
vt 0.434281 0.450116
vt 0.444032 0.448763
vt 0.429873 0.464270
vt 0.572875 0.397559
vt 0.573869 0.395711
vt 0.575655 0.395577
vt 0.637425 0.575094
vt 0.643872 0.550515
vt 0.662141 0.588383
vt 0.097698 0.567276
vt 0.151540 0.609294
vt 0.092057 0.588899
vt 0.175315 0.450938
vt 0.218767 0.490840
vt 0.147085 0.461833
vt 0.313800 0.475756
vt 0.318587 0.470584
vt 0.320561 0.480688
vt 0.298589 0.585027
vt 0.311446 0.584432
vt 0.292532 0.591966
vt 0.303392 0.660863
vt 0.321799 0.643154
vt 0.322828 0.657574
vt 0.203115 0.655157
vt 0.221564 0.643645
vt 0.226672 0.659804
vt 0.200540 0.632701
vt 0.218482 0.618232
vt 0.221141 0.626460
vt 0.305758 0.518678
vt 0.315808 0.529080
vt 0.300549 0.531446
vt 0.234955 0.541705
vt 0.240715 0.553066
vt 0.222586 0.558481
vt 0.284917 0.463273
vt 0.284440 0.468328
vt 0.267382 0.472979
vt 0.107912 0.524746
vt 0.183225 0.548756
vt 0.176540 0.562140
vt 0.655789 0.060136
vt 0.652290 0.030373
vt 0.664745 0.057074
vt 0.633779 0.062531
vt 0.623542 0.039229
vt 0.628045 0.035476
vt 0.120517 0.673968
vt 0.162526 0.680269
vt 0.133069 0.702590
vt 0.746322 0.048807
vt 0.763060 0.035448
vt 0.758208 0.053901
vt 0.707710 0.049719
vt 0.695079 0.026406
vt 0.708893 0.025039
vt 0.806917 0.473654
vt 0.798925 0.467574
vt 0.806018 0.465622
vt 0.549337 0.665489
vt 0.579560 0.684745
vt 0.545965 0.690759
vt 0.507687 0.531189
vt 0.548284 0.551515
vt 0.525167 0.564127
vt 0.576813 0.448392
vt 0.583243 0.407311
vt 0.589449 0.449192
vt 0.501806 0.445404
vt 0.527724 0.449822
vt 0.505813 0.459925
vt 0.480532 0.428822
vt 0.522449 0.399885
vt 0.526604 0.404613
vt 0.456713 0.525209
vt 0.460312 0.504321
vt 0.463549 0.522074
vt 0.363245 0.510991
vt 0.379175 0.524546
vt 0.361219 0.526361
vt 0.363421 0.466282
vt 0.390206 0.476014
vt 0.362315 0.473475
vt 0.437498 0.669901
vt 0.462613 0.689707
vt 0.433671 0.688156
vt 0.350024 0.666374
vt 0.363109 0.654895
vt 0.360419 0.672544
vt 0.350572 0.585798
vt 0.365518 0.583070
vt 0.364901 0.587626
vt 0.794247 0.249090
vt 0.782920 0.246712
vt 0.786694 0.239591
vt 0.815174 0.213187
vt 0.798660 0.216988
vt 0.802792 0.206845
vt 0.855487 0.235848
vt 0.860014 0.263270
vt 0.845174 0.254511
vt 0.837769 0.370716
vt 0.825448 0.361002
vt 0.836519 0.358192
vt 0.578761 0.910683
vt 0.617078 0.963197
vt 0.546651 0.940347
vt 0.550550 0.788598
vt 0.576320 0.758521
vt 0.588265 0.789734
vt 0.982563 0.147776
vt 0.947359 0.168429
vt 0.949259 0.146986
vt 0.260471 0.784945
vt 0.295204 0.786105
vt 0.276187 0.806204
vt 0.339984 0.715522
vt 0.341153 0.738322
vt 0.327963 0.727893
vt 0.824623 0.156564
vt 0.811015 0.171040
vt 0.810514 0.155930
vt 0.797357 0.102323
vt 0.816034 0.108239
vt 0.801198 0.114857
vt 0.165140 0.838938
vt 0.164349 0.854251
vt 0.136439 0.827815
vt 0.741162 0.098056
vt 0.735336 0.091582
vt 0.741602 0.092021
vt 0.744943 0.128439
vt 0.753366 0.118891
vt 0.751595 0.132324
vt 0.712349 0.122119
vt 0.702619 0.116294
vt 0.716089 0.116865
vt 0.674814 0.105648
vt 0.665960 0.099421
vt 0.674181 0.096339
vt 0.667692 0.137133
vt 0.660116 0.136863
vt 0.671329 0.131665
vt 0.627794 0.149846
vt 0.625613 0.144159
vt 0.630408 0.141985
vt 0.673319 0.161610
vt 0.662231 0.158690
vt 0.665464 0.148584
vt 0.667644 0.214098
vt 0.658379 0.208519
vt 0.674482 0.206450
vt 0.627084 0.194620
vt 0.632175 0.193963
vt 0.630873 0.199806
vt 0.736654 0.163883
vt 0.747772 0.158309
vt 0.748340 0.169991
vt 0.738266 0.203631
vt 0.743936 0.203288
vt 0.744735 0.206245
vt 0.701973 0.199997
vt 0.706096 0.195080
vt 0.707615 0.198529
vt 0.753067 0.236233
vt 0.743822 0.224201
vt 0.753116 0.225277
vt 0.759488 0.287884
vt 0.744633 0.277260
vt 0.757454 0.274721
vt 0.707015 0.298273
vt 0.695417 0.285201
vt 0.707052 0.284487
vt 0.636811 0.240456
vt 0.653360 0.239139
vt 0.659884 0.242763
vt 0.642595 0.304486
vt 0.656978 0.284890
vt 0.658018 0.305212
vt 0.599024 0.270068
vt 0.612807 0.275450
vt 0.613574 0.292743
vt 0.650128 0.361772
vt 0.644208 0.350809
vt 0.655604 0.348879
vt 0.614193 0.428440
vt 0.605018 0.404076
vt 0.627066 0.424354
vt 0.577222 0.394038
vt 0.573527 0.390939
vt 0.578665 0.392630
vt 0.776599 0.344292
vt 0.757384 0.333328
vt 0.772678 0.328799
vt 0.796115 0.423902
vt 0.771121 0.417360
vt 0.789710 0.404130
vt 0.692898 0.439979
vt 0.705576 0.429649
vt 0.714756 0.442881
vt 0.564967 0.391365
vt 0.573089 0.392900
vt 0.475399 0.369172
vt 0.511397 0.377389
vt 0.478261 0.389304
vt 0.453723 0.303332
vt 0.484445 0.260730
vt 0.490963 0.286006
vt 0.587387 0.254435
vt 0.595564 0.254387
vt 0.581180 0.199809
vt 0.584764 0.210943
vt 0.579765 0.221444
vt 0.625933 0.182337
vt 0.624248 0.188708
vt 0.622479 0.180176
vt 0.584561 0.148951
vt 0.578794 0.154212
vt 0.583184 0.142509
vt 0.595648 0.086803
vt 0.593495 0.093811
vt 0.593183 0.078317
vt 0.629854 0.132886
vt 0.621057 0.139017
vt 0.624283 0.124925
vt 0.407058 0.414416
vt 0.412514 0.403620
vt 0.419083 0.410931
vt 0.326336 0.454295
vt 0.335440 0.445466
vt 0.353466 0.446105
vt 0.263363 0.419139
vt 0.300825 0.393738
vt 0.289363 0.447987
vt 0.306893 0.453157
vt 0.309469 0.439259
vt 0.320272 0.444470
vt 0.295387 0.457590
vt 0.292075 0.456430
vt 0.300601 0.455461
vt 0.269997 0.464719
vt 0.258525 0.442880
vt 0.279612 0.458004
vt 0.353414 0.460700
vt 0.378602 0.452649
vt 0.387975 0.461145
vt 0.318950 0.463742
vt 0.320012 0.459586
vt 0.325679 0.462896
vt 0.307697 0.458032
vt 0.307801 0.455984
vt 0.312544 0.456922
vt 0.417685 0.421855
vt 0.435375 0.426436
vt 0.430891 0.436135
vt 0.398941 0.445661
vt 0.407117 0.425374
vt 0.420598 0.435719
vt 0.376528 0.430028
vt 0.380717 0.409743
vt 0.394178 0.418581
vt 0.613845 0.115132
vt 0.595503 0.120748
vt 0.600843 0.098225
vt 0.625076 0.096748
vt 0.601513 0.088061
vt 0.606867 0.079680
vt 0.635459 0.115495
vt 0.628450 0.115144
vt 0.631320 0.107074
vt 0.202787 0.349891
vt 0.220625 0.350029
vt 0.207741 0.371302
vt 0.164782 0.424387
vt 0.194916 0.413594
vt 0.184656 0.435651
vt 0.602254 0.063226
vt 0.595672 0.066220
vt 0.606342 0.049421
vt 0.316163 0.232933
vt 0.358579 0.279500
vt 0.331640 0.304590
vt 0.306055 0.339064
vt 0.276387 0.269000
vt 0.320108 0.330939
vt 0.588373 0.126181
vt 0.585156 0.129314
vt 0.589858 0.114862
vt 0.614913 0.178917
vt 0.617965 0.192460
vt 0.596213 0.199419
vt 0.615638 0.169951
vt 0.612939 0.173053
vt 0.612356 0.168505
vt 0.624491 0.175064
vt 0.620355 0.175348
vt 0.619601 0.172079
vt 0.427271 0.214840
vt 0.449932 0.192256
vt 0.471943 0.217753
vt 0.378523 0.272482
vt 0.370539 0.212682
vt 0.394956 0.264142
vt 0.607869 0.166103
vt 0.576564 0.178413
vt 0.575197 0.167437
vt 0.591203 0.278890
vt 0.602102 0.280699
vt 0.600625 0.295037
vt 0.569765 0.258676
vt 0.578761 0.254143
vt 0.578940 0.268345
vt 0.580376 0.233429
vt 0.584985 0.237291
vt 0.582114 0.245227
vt 0.469570 0.326246
vt 0.504875 0.334390
vt 0.472943 0.347651
vt 0.414505 0.361433
vt 0.445440 0.358471
vt 0.422954 0.375806
vt 0.389594 0.303700
vt 0.423100 0.317313
vt 0.401058 0.337146
vt 0.477245 0.409463
vt 0.518743 0.396009
vt 0.477220 0.417358
vt 0.441906 0.423194
vt 0.450635 0.415418
vt 0.449608 0.423349
vt 0.430581 0.389288
vt 0.454189 0.398369
vt 0.435793 0.402440
vt 0.568371 0.395331
vt 0.572662 0.395146
vt 0.573281 0.395413
vt 0.538484 0.396056
vt 0.558992 0.394345
vt 0.562080 0.395443
vt 0.530477 0.382568
vt 0.547508 0.383670
vt 0.553719 0.389708
vt 0.736884 0.444502
vt 0.748007 0.425322
vt 0.758599 0.440670
vt 0.760160 0.462875
vt 0.770094 0.455779
vt 0.778119 0.461949
vt 0.652789 0.540126
vt 0.674639 0.561838
vt 0.668244 0.574883
vt 0.821681 0.400907
vt 0.806403 0.390417
vt 0.817497 0.380755
vt 0.824560 0.438755
vt 0.817015 0.436073
vt 0.826483 0.422995
vt 0.804806 0.455651
vt 0.789317 0.453653
vt 0.802720 0.445076
vt 0.793088 0.342771
vt 0.796828 0.329042
vt 0.807471 0.344279
vt 0.801432 0.370670
vt 0.811634 0.355504
vt 0.814000 0.366473
vt 0.784838 0.381701
vt 0.763195 0.369728
vt 0.780474 0.360518
vt 0.587116 0.397578
vt 0.583368 0.394087
vt 0.590688 0.395870
vt 0.582824 0.401421
vt 0.578703 0.395785
vt 0.584790 0.401246
vt 0.575711 0.395423
vt 0.575676 0.395173
vt 0.636469 0.459033
vt 0.665253 0.467823
vt 0.653695 0.483949
vt 0.631041 0.507303
vt 0.622081 0.472082
vt 0.642075 0.499744
vt 0.585952 0.406815
vt 0.603417 0.435740
vt 0.596447 0.441712
vt 0.675318 0.361848
vt 0.666438 0.346577
vt 0.678446 0.345905
vt 0.653288 0.391857
vt 0.670633 0.379387
vt 0.668668 0.398531
vt 0.636082 0.390458
vt 0.630614 0.374969
vt 0.643778 0.375302
vt 0.626522 0.299545
vt 0.619673 0.286323
vt 0.627324 0.288633
vt 0.612405 0.316186
vt 0.628176 0.309708
vt 0.629320 0.326611
vt 0.611145 0.296371
vt 0.604997 0.306158
vt 0.682895 0.300444
vt 0.673358 0.284463
vt 0.684294 0.285116
vt 0.680465 0.330854
vt 0.669149 0.318835
vt 0.681655 0.316456
vt 0.656135 0.334451
vt 0.644612 0.321593
vt 0.657634 0.320874
vt 0.687563 0.242845
vt 0.691728 0.239249
vt 0.694329 0.245757
vt 0.680581 0.266839
vt 0.695771 0.254258
vt 0.689615 0.269828
vt 0.639326 0.251610
vt 0.666099 0.247706
vt 0.659421 0.263854
vt 0.733047 0.294011
vt 0.718110 0.282959
vt 0.731481 0.280605
vt 0.737713 0.323014
vt 0.720794 0.311422
vt 0.734727 0.308346
vt 0.707326 0.328410
vt 0.693584 0.313928
vt 0.707009 0.313189
vt 0.780420 0.278263
vt 0.769035 0.271611
vt 0.778069 0.264590
vt 0.777442 0.313884
vt 0.781486 0.297058
vt 0.786031 0.312243
vt 0.752581 0.318462
vt 0.761802 0.301928
vt 0.766880 0.315202
vt 0.761729 0.234138
vt 0.762216 0.226799
vt 0.765460 0.233276
vt 0.775017 0.252381
vt 0.765680 0.244982
vt 0.771212 0.240953
vt 0.756077 0.260894
vt 0.743565 0.250889
vt 0.755034 0.248187
vt 0.714544 0.198910
vt 0.725504 0.197828
vt 0.730417 0.201504
vt 0.729213 0.225482
vt 0.716872 0.222298
vt 0.732075 0.211510
vt 0.703983 0.229692
vt 0.698007 0.223706
vt 0.707134 0.222442
vt 0.757349 0.210703
vt 0.765389 0.206234
vt 0.763077 0.212803
vt 0.759087 0.221244
vt 0.761319 0.218518
vt 0.761908 0.222926
vt 0.742110 0.212304
vt 0.747677 0.210882
vt 0.751034 0.218721
vt 0.760911 0.176059
vt 0.769584 0.166367
vt 0.769210 0.177750
vt 0.759901 0.196142
vt 0.768405 0.189442
vt 0.767057 0.197784
vt 0.734852 0.195553
vt 0.748441 0.182331
vt 0.745959 0.195657
vt 0.635766 0.203120
vt 0.647779 0.204030
vt 0.644636 0.209137
vt 0.628840 0.231245
vt 0.638366 0.223792
vt 0.633989 0.234022
vt 0.620395 0.224847
vt 0.626581 0.215974
vt 0.625667 0.229268
vt 0.688869 0.208748
vt 0.685384 0.198525
vt 0.695164 0.192423
vt 0.679431 0.231751
vt 0.688016 0.223933
vt 0.690005 0.231853
vt 0.656855 0.234016
vt 0.647047 0.225416
vt 0.662251 0.225017
vt 0.681952 0.156235
vt 0.687297 0.146808
vt 0.689565 0.155109
vt 0.690725 0.188816
vt 0.683275 0.184633
vt 0.691972 0.165389
vt 0.678997 0.187536
vt 0.671583 0.185535
vt 0.678083 0.185340
vt 0.637903 0.143234
vt 0.636914 0.139490
vt 0.646459 0.137713
vt 0.643156 0.150980
vt 0.633093 0.153783
vt 0.636773 0.147519
vt 0.629937 0.157186
vt 0.634932 0.162789
vt 0.689893 0.128367
vt 0.681992 0.126918
vt 0.691931 0.121475
vt 0.687113 0.140838
vt 0.675862 0.138498
vt 0.687846 0.134923
vt 0.650941 0.145529
vt 0.663874 0.141738
vt 0.663241 0.144531
vt 0.692892 0.099390
vt 0.682774 0.093523
vt 0.691317 0.091325
vt 0.693169 0.114514
vt 0.684466 0.111129
vt 0.694425 0.107263
vt 0.674392 0.123300
vt 0.666389 0.118083
vt 0.675192 0.114536
vt 0.736035 0.119624
vt 0.728326 0.113253
vt 0.736474 0.113578
vt 0.727633 0.136648
vt 0.722133 0.123794
vt 0.733293 0.127152
vt 0.705394 0.133655
vt 0.696650 0.130457
vt 0.708709 0.127283
vt 0.758892 0.134550
vt 0.762657 0.122774
vt 0.764481 0.133488
vt 0.760801 0.152726
vt 0.766449 0.140845
vt 0.768151 0.152984
vt 0.738648 0.144968
vt 0.751150 0.139977
vt 0.749488 0.149094
vt 0.753415 0.097826
vt 0.748201 0.092960
vt 0.754145 0.093800
vt 0.753069 0.108025
vt 0.754709 0.102408
vt 0.759651 0.109555
vt 0.741323 0.109281
vt 0.743436 0.103361
vt 0.746384 0.107443
vt 0.823267 0.084086
vt 0.850483 0.089433
vt 0.830713 0.101263
vt 0.811285 0.046859
vt 0.828648 0.048854
vt 0.814238 0.066247
vt 0.152176 0.764441
vt 0.116647 0.797146
vt 0.109077 0.772803
vt 0.786035 0.110078
vt 0.777377 0.122344
vt 0.775506 0.112333
vt 0.770240 0.096719
vt 0.782330 0.099921
vt 0.771894 0.102905
vt 0.787791 0.081632
vt 0.802379 0.078588
vt 0.791786 0.090259
vt 0.797384 0.156326
vt 0.788272 0.169350
vt 0.786116 0.154635
vt 0.792039 0.131169
vt 0.782677 0.141181
vt 0.780536 0.131782
vt 0.821191 0.123818
vt 0.808264 0.141348
vt 0.805484 0.127840
vt 0.315145 0.739990
vt 0.312973 0.769714
vt 0.298644 0.754790
vt 0.296459 0.717816
vt 0.285647 0.740197
vt 0.277446 0.728077
vt 0.322823 0.702370
vt 0.315596 0.717580
vt 0.309899 0.710313
vt 0.207420 0.812332
vt 0.254892 0.830832
vt 0.221645 0.857146
vt 0.211001 0.759361
vt 0.194203 0.783932
vt 0.182084 0.763504
vt 0.257245 0.738023
vt 0.246968 0.765418
vt 0.234944 0.748937
vt 0.889388 0.158071
vt 0.907336 0.173838
vt 0.881741 0.181949
vt 0.908876 0.099348
vt 0.927602 0.121950
vt 0.904507 0.128081
vt 0.294754 0.833265
vt 0.342384 0.830021
vt 0.313606 0.858087
vt 0.573396 0.885159
vt 0.597320 0.855179
vt 0.604993 0.907320
vt 0.489538 0.838091
vt 0.525090 0.810801
vt 0.538260 0.848622
vt 0.482578 0.780624
vt 0.510975 0.762013
vt 0.515774 0.785506
vt 0.901543 0.237106
vt 0.888473 0.282188
vt 0.875728 0.269599
vt 0.914646 0.194216
vt 0.902782 0.215624
vt 0.886985 0.201856
vt 0.460110 0.902711
vt 0.495264 0.914397
vt 0.448463 0.929386
vt 0.833543 0.347149
vt 0.820905 0.341848
vt 0.830105 0.333092
vt 0.864227 0.307158
vt 0.837852 0.319559
vt 0.853016 0.296625
vt 0.664960 0.920860
vt 0.701482 0.967395
vt 0.657419 0.979153
vt 0.839984 0.231384
vt 0.821731 0.234065
vt 0.827519 0.222860
vt 0.842500 0.202646
vt 0.830911 0.210611
vt 0.832570 0.196157
vt 0.867470 0.206408
vt 0.856255 0.220905
vt 0.853232 0.206568
vt 0.782461 0.201451
vt 0.787546 0.212539
vt 0.779347 0.210125
vt 0.787206 0.180885
vt 0.794683 0.193857
vt 0.785362 0.192438
vt 0.821456 0.188882
vt 0.806477 0.196434
vt 0.809133 0.184092
vt 0.778246 0.231210
vt 0.769355 0.231928
vt 0.771017 0.227266
vt 0.775538 0.216629
vt 0.779825 0.225441
vt 0.772108 0.222425
vt 0.804594 0.232412
vt 0.789673 0.232303
vt 0.794168 0.225045
vt 0.352375 0.630471
vt 0.367349 0.601832
vt 0.365971 0.634262
vt 0.328952 0.626122
vt 0.335058 0.592219
vt 0.339513 0.626470
vt 0.322747 0.578170
vt 0.333715 0.582930
vt 0.321963 0.582710
vt 0.344111 0.699589
vt 0.357385 0.691221
vt 0.355144 0.707148
vt 0.327277 0.688549
vt 0.338751 0.677368
vt 0.333594 0.691842
vt 0.331423 0.658951
vt 0.341417 0.643635
vt 0.340035 0.659968
vt 0.429245 0.725792
vt 0.456287 0.709656
vt 0.455734 0.729505
vt 0.379176 0.715328
vt 0.402838 0.703194
vt 0.402816 0.721880
vt 0.382644 0.679728
vt 0.408059 0.668559
vt 0.405424 0.685565
vt 0.360487 0.480984
vt 0.379180 0.492646
vt 0.360588 0.495740
vt 0.330901 0.501594
vt 0.338441 0.486536
vt 0.342041 0.499938
vt 0.327896 0.478800
vt 0.332303 0.468709
vt 0.336431 0.477779
vt 0.358788 0.542140
vt 0.373073 0.562767
vt 0.353369 0.565809
vt 0.326703 0.542090
vt 0.336498 0.565408
vt 0.325212 0.565707
vt 0.332586 0.515433
vt 0.343488 0.527723
vt 0.329592 0.528451
vt 0.451733 0.540773
vt 0.456588 0.541228
vt 0.445978 0.548763
vt 0.397036 0.542166
vt 0.420468 0.559279
vt 0.395944 0.562416
vt 0.399515 0.505698
vt 0.417029 0.522814
vt 0.397336 0.522831
vt 0.493594 0.438616
vt 0.530358 0.409187
vt 0.531200 0.418235
vt 0.452064 0.444716
vt 0.461492 0.445074
vt 0.457981 0.456490
vt 0.444131 0.430049
vt 0.451809 0.434282
vt 0.447566 0.438325
vt 0.506756 0.477330
vt 0.528493 0.493488
vt 0.505041 0.507598
vt 0.464551 0.522952
vt 0.466146 0.526887
vt 0.462894 0.530854
vt 0.461942 0.476645
vt 0.482336 0.468048
vt 0.464622 0.515289
vt 0.596723 0.506940
vt 0.596662 0.484657
vt 0.620236 0.514817
vt 0.551002 0.496659
vt 0.561168 0.475433
vt 0.575098 0.499439
vt 0.550942 0.420051
vt 0.563609 0.448382
vt 0.544977 0.449282
vt 0.544541 0.629853
vt 0.562547 0.589524
vt 0.574228 0.622450
vt 0.494451 0.611689
vt 0.516251 0.634790
vt 0.495768 0.639274
vt 0.462166 0.548991
vt 0.503120 0.573443
vt 0.486767 0.590052
vt 0.540381 0.715550
vt 0.575552 0.733998
vt 0.541917 0.738077
vt 0.483317 0.735030
vt 0.511633 0.719393
vt 0.511985 0.740673
vt 0.492276 0.669644
vt 0.515392 0.694704
vt 0.488444 0.692087
vt 0.825334 0.463245
vt 0.814686 0.463993
vt 0.822110 0.454872
vt 0.605962 0.705558
vt 0.645431 0.722255
vt 0.608992 0.728944
vt 0.618101 0.665301
vt 0.648744 0.684869
vt 0.612563 0.685237
vt 0.733496 0.046515
vt 0.722471 0.025295
vt 0.735347 0.026498
vt 0.719849 0.080231
vt 0.730214 0.069231
vt 0.730161 0.081052
vt 0.698365 0.081067
vt 0.707420 0.070318
vt 0.708859 0.080277
vt 0.769563 0.060587
vt 0.784707 0.051467
vt 0.776735 0.066733
vt 0.762060 0.087592
vt 0.761659 0.075167
vt 0.768705 0.079161
vt 0.748074 0.083665
vt 0.742020 0.070030
vt 0.752020 0.072210
vt 0.140635 0.718515
vt 0.163681 0.722317
vt 0.122252 0.733849
vt 0.799486 0.036561
vt 0.797380 0.030700
vt 0.804143 0.034527
vt 0.768474 0.026165
vt 0.759408 0.014604
vt 0.777618 0.020789
vt 0.639501 0.057963
vt 0.635963 0.032232
vt 0.647447 0.058819
vt 0.655221 0.091570
vt 0.645201 0.082014
vt 0.652494 0.080109
vt 0.641299 0.096560
vt 0.632909 0.088013
vt 0.639028 0.084872
vt 0.673826 0.055281
vt 0.681734 0.026785
vt 0.684331 0.053512
vt 0.680414 0.084249
vt 0.687352 0.072880
vt 0.689374 0.082416
vt 0.671726 0.086531
vt 0.660162 0.078474
vt 0.668839 0.076242
vt 0.098628 0.553162
vt 0.173339 0.575492
vt 0.170088 0.585950
vt 0.675691 0.019767
vt 0.673388 0.016617
vt 0.683365 0.015271
vt 0.649592 0.023775
vt 0.649061 0.020371
vt 0.662008 0.018171
vt 0.261315 0.499340
vt 0.264824 0.513630
vt 0.247951 0.519695
vt 0.224624 0.501344
vt 0.230080 0.526494
vt 0.212814 0.526422
vt 0.255439 0.473043
vt 0.252703 0.478791
vt 0.238737 0.484182
vt 0.211232 0.575851
vt 0.228870 0.597036
vt 0.206613 0.592110
vt 0.184755 0.577243
vt 0.192476 0.590569
vt 0.183147 0.588937
vt 0.200849 0.549909
vt 0.204649 0.564587
vt 0.190935 0.563482
vt 0.296328 0.545437
vt 0.312577 0.560470
vt 0.299740 0.572608
vt 0.254870 0.562757
vt 0.282618 0.580190
vt 0.258434 0.589242
vt 0.272685 0.526886
vt 0.283837 0.534317
vt 0.263200 0.543321
vt 0.202533 0.637934
vt 0.221336 0.636698
vt 0.203450 0.641299
vt 0.180993 0.642896
vt 0.186403 0.635229
vt 0.191447 0.642951
vt 0.172025 0.616316
vt 0.187685 0.601295
vt 0.185308 0.623343
vt 0.222281 0.713468
vt 0.242877 0.687762
vt 0.245742 0.706130
vt 0.182198 0.690414
vt 0.200276 0.717945
vt 0.182023 0.717339
vt 0.182782 0.650718
vt 0.193175 0.655658
vt 0.182702 0.661674
vt 0.305635 0.675516
vt 0.321054 0.685183
vt 0.305018 0.689142
vt 0.265841 0.683771
vt 0.288765 0.692659
vt 0.267710 0.699730
vt 0.260442 0.664447
vt 0.273611 0.638430
vt 0.282878 0.662186
vt 0.289707 0.613166
vt 0.310158 0.589613
vt 0.315861 0.622165
vt 0.252621 0.616922
vt 0.269419 0.615733
vt 0.250537 0.624722
vt 0.254353 0.601997
vt 0.273455 0.601688
vt 0.254505 0.610208
vt 0.313071 0.490044
vt 0.319734 0.502854
vt 0.309333 0.503950
vt 0.292625 0.492033
vt 0.298186 0.504676
vt 0.282306 0.508736
vt 0.303633 0.460839
vt 0.307670 0.471442
vt 0.297365 0.468450
vt 0.131456 0.473841
vt 0.191689 0.524504
vt 0.122994 0.487220
vt 0.637641 0.026797
vt 0.642072 0.021834
vt 0.643627 0.022068
vt 0.632304 0.027347
vt 0.633858 0.022456
vt 0.639932 0.021733
vt 0.116433 0.646532
vt 0.150104 0.625542
vt 0.159153 0.643591
vt 0.736758 0.017716
vt 0.725520 0.010990
vt 0.742855 0.011795
vt 0.708877 0.015910
vt 0.694621 0.012899
vt 0.711020 0.010530
vt 0.780496 0.479111
vt 0.770094 0.467808
vt 0.785921 0.467844
vt 0.608861 0.629097
vt 0.637229 0.603712
vt 0.647383 0.635403
vt 0.579303 0.557003
vt 0.588856 0.527470
vt 0.613762 0.562546
vt 0.577563 0.402711
vt 0.577527 0.396570
vt 0.581062 0.402432
vt 0.552124 0.403783
vt 0.573033 0.403493
vt 0.552738 0.410298
vt 0.547337 0.401285
vt 0.565254 0.395981
vt 0.568561 0.397921
vt 0.428804 0.471163
vt 0.452969 0.476331
vt 0.441628 0.483078
vt 0.401031 0.479085
vt 0.419815 0.484682
vt 0.397204 0.491125
vt 0.405002 0.451874
vt 0.415216 0.459419
vt 0.404212 0.467161
vt 0.451422 0.621297
vt 0.475907 0.641376
vt 0.445147 0.644797
vt 0.393406 0.616432
vt 0.414313 0.644823
vt 0.389734 0.640061
vt 0.385213 0.590982
vt 0.407255 0.581341
vt 0.412501 0.599239
vt 0.801013 0.277358
vt 0.789557 0.269377
vt 0.796917 0.260962
vt 0.823375 0.256851
vt 0.804842 0.252273
vt 0.814173 0.243607
vt 0.841966 0.284778
vt 0.818722 0.283532
vt 0.832920 0.270534
vt 0.841849 0.391772
vt 0.834675 0.410403
vt 0.831346 0.389635
vt 0.657043 0.877291
vt 0.668083 0.822097
vt 0.688709 0.858273
vt 0.622099 0.786793
vt 0.648395 0.745818
vt 0.659329 0.782807
vt 0.414320 0.793155
vt 0.441264 0.828947
vt 0.399826 0.821391
vt 0.353827 0.768147
vt 0.363790 0.804809
vt 0.337040 0.787798
vt 0.378902 0.733238
vt 0.392835 0.759335
vt 0.366809 0.750093
vt 0.848144 0.160566
vt 0.834396 0.178734
vt 0.836807 0.158715
vt 0.836492 0.118919
vt 0.852986 0.136793
vt 0.838770 0.138119
vt 0.875158 0.105381
vt 0.883848 0.134188
vt 0.867380 0.135753
vt 0.722260 0.099254
vt 0.727321 0.091579
vt 0.729000 0.098382
vt 0.726618 0.108800
vt 0.731822 0.104049
vt 0.733071 0.108227
vt 0.703698 0.110080
vt 0.716333 0.106425
vt 0.716255 0.111803
vt 0.657234 0.111689
vt 0.648991 0.105250
vt 0.657009 0.102281
vt 0.656326 0.130192
vt 0.647950 0.123060
vt 0.656825 0.120719
vt 0.636757 0.132351
vt 0.633602 0.122758
vt 0.640738 0.122930
vt 0.661542 0.180815
vt 0.645523 0.172741
vt 0.654494 0.166075
vt 0.650734 0.196736
vt 0.641461 0.188302
vt 0.657987 0.186349
vt 0.632584 0.183507
vt 0.632609 0.188357
vt 0.712524 0.146835
vt 0.723191 0.142910
vt 0.724395 0.154794
vt 0.715144 0.176207
vt 0.724662 0.166963
vt 0.723980 0.191338
vt 0.705404 0.183219
vt 0.697788 0.158765
vt 0.705133 0.158653
vt 0.711176 0.241620
vt 0.727995 0.233072
vt 0.729007 0.243773
vt 0.716721 0.269740
vt 0.729196 0.254947
vt 0.730521 0.267184
vt 0.707830 0.270980
vt 0.702074 0.256176
vt 0.708428 0.254450
vt 0.628356 0.237558
vt 0.632075 0.237018
vt 0.632312 0.239095
vt 0.626791 0.243977
vt 0.632996 0.240992
vt 0.632754 0.246353
vt 0.620478 0.242893
vt 0.621179 0.237185
vt 0.625647 0.238381
vt 0.623610 0.359381
vt 0.614192 0.337485
vt 0.630057 0.344858
vt 0.599272 0.389518
vt 0.598672 0.380684
vt 0.615982 0.376691
vt 0.575896 0.378912
vt 0.590154 0.372011
vt 0.583089 0.385136
vt 0.742213 0.358869
vt 0.723887 0.343707
vt 0.740997 0.338964
vt 0.745844 0.401923
vt 0.722676 0.389366
vt 0.743461 0.380008
vt 0.685105 0.403331
vt 0.703735 0.386883
vt 0.704321 0.407585
vt 0.560924 0.368589
vt 0.580516 0.358137
vt 0.522755 0.339881
vt 0.537433 0.321691
vt 0.544940 0.352746
vt 0.502184 0.241247
vt 0.522430 0.282988
vt 0.506890 0.282627
vt 0.615229 0.233317
vt 0.606741 0.242998
vt 0.595869 0.236140
vt 0.589124 0.213621
vt 0.606841 0.225277
vt 0.591015 0.228133
vt 0.617938 0.202353
vt 0.621854 0.209605
vt 0.615147 0.221727
vt 0.614447 0.159138
vt 0.609645 0.160981
vt 0.600159 0.152356
vt 0.600459 0.142494
vt 0.587177 0.146985
vt 0.588112 0.136589
vt 0.624062 0.151765
vt 0.620334 0.157434
vt 0.617390 0.149028
vt 0.386738 0.391416
vt 0.399084 0.380495
vt 0.406606 0.392722
vt 0.350309 0.408231
vt 0.347311 0.370804
vt 0.366346 0.389248
vt 0.326712 0.363399
vt 0.330077 0.354609
vt 0.336478 0.360843
vt 0.333017 0.376390
vt 0.320377 0.357161
vt 0.362931 0.423823
vt 0.396668 0.405969
vt 0.372456 0.375341
vt 0.608834 0.152067
vt 0.606341 0.129650
vt 0.585886 0.137958
vt 0.594947 0.108646
vt 0.594001 0.155654
vt 0.604004 0.210595
vt 0.583942 0.225264
vt 0.588268 0.244634
vt 0.516221 0.312714
vt 0.500322 0.310282
vt 0.526000 0.369131
vt 0.507215 0.361211
vt 0.562805 0.388332
vt 0.547820 0.383063
vt 0.545650 0.356926
vt 0.562247 0.347676
vt 0.723441 0.409758
vt 0.724901 0.431498
vt 0.685186 0.426523
vt 0.767081 0.392376
vt 0.760060 0.350917
vt 0.723650 0.365922
vt 0.589609 0.388988
vt 0.615285 0.388968
vt 0.598976 0.398580
vt 0.637755 0.362545
vt 0.609056 0.355632
vt 0.628405 0.239259
vt 0.638425 0.242960
vt 0.639860 0.284905
vt 0.636250 0.237890
vt 0.714895 0.254389
vt 0.698601 0.271302
vt 0.743980 0.263712
vt 0.743311 0.237932
vt 0.713237 0.158292
vt 0.711569 0.195371
vt 0.701321 0.193896
vt 0.737257 0.176901
vt 0.736675 0.201626
vt 0.735401 0.151729
vt 0.639476 0.193337
vt 0.637581 0.198470
vt 0.627437 0.187545
vt 0.662969 0.197735
vt 0.669611 0.181704
vt 0.644697 0.181372
vt 0.645795 0.131932
vt 0.665558 0.127446
vt 0.666404 0.108978
vt 0.648732 0.114343
vt 0.725708 0.104704
vt 0.738430 0.104699
vt 0.747716 0.117514
vt 0.735694 0.098481
vt 0.853573 0.113702
vt 0.887088 0.082707
vt 0.875798 0.077267
vt 0.823964 0.139910
vt 0.823440 0.173961
vt 0.380784 0.781618
vt 0.328899 0.752676
vt 0.352685 0.723976
vt 0.316908 0.809420
vt 0.423492 0.868122
vt 0.378246 0.856286
vt 0.636006 0.829738
vt 0.610893 0.753007
vt 0.708038 0.928047
vt 0.614432 0.926166
vt 0.827358 0.371599
vt 0.853290 0.392160
vt 0.854865 0.350931
vt 0.843669 0.413736
vt 0.810190 0.266000
vt 0.832794 0.245066
vt 0.799354 0.240613
vt 0.810241 0.223394
vt 0.787681 0.257310
vt 0.419990 0.622002
vt 0.383511 0.583418
vt 0.385212 0.662410
vt 0.468275 0.669477
vt 0.412387 0.471955
vt 0.385536 0.481704
vt 0.393146 0.467645
vt 0.419722 0.502060
vt 0.381159 0.507862
vt 0.450701 0.496332
vt 0.571346 0.399482
vt 0.542381 0.398474
vt 0.573224 0.408697
vt 0.531316 0.428333
vt 0.578737 0.407796
vt 0.574863 0.398586
vt 0.597636 0.596461
vt 0.559500 0.522991
vt 0.655772 0.670277
vt 0.583988 0.659395
vt 0.797980 0.474155
vt 0.796791 0.482246
vt 0.659072 0.615419
vt 0.664453 0.644891
vt 0.722860 0.016319
vt 0.752302 0.020978
vt 0.749346 0.029793
vt 0.156919 0.659773
vt 0.072978 0.655326
vt 0.070627 0.626092
vt 0.093558 0.613980
vt 0.635037 0.027014
vt 0.631456 0.033368
vt 0.627696 0.029049
vt 0.641908 0.025747
vt 0.641839 0.031981
vt 0.112883 0.508191
vt 0.115968 0.480070
vt 0.120451 0.471362
vt 0.305333 0.489929
vt 0.278020 0.494993
vt 0.298223 0.460241
vt 0.291178 0.520390
vt 0.252365 0.534057
vt 0.319529 0.516844
vt 0.270563 0.607708
vt 0.222533 0.631570
vt 0.251629 0.638614
vt 0.300120 0.645207
vt 0.286868 0.677536
vt 0.290821 0.708064
vt 0.269798 0.716023
vt 0.247682 0.723439
vt 0.317729 0.697843
vt 0.304436 0.703162
vt 0.196509 0.685114
vt 0.168346 0.702007
vt 0.199268 0.740810
vt 0.174008 0.743266
vt 0.147507 0.742792
vt 0.224198 0.732424
vt 0.216528 0.688403
vt 0.172235 0.629797
vt 0.163392 0.595841
vt 0.193525 0.647780
vt 0.203287 0.645376
vt 0.277109 0.550493
vt 0.230634 0.575047
vt 0.277821 0.593951
vt 0.313170 0.578237
vt 0.195273 0.578903
vt 0.178120 0.599361
vt 0.199848 0.617806
vt 0.242963 0.502712
vt 0.206535 0.503745
vt 0.235097 0.478379
vt 0.216741 0.549736
vt 0.660046 0.022423
vt 0.667525 0.028790
vt 0.692512 0.017243
vt 0.084504 0.548641
vt 0.089822 0.531289
vt 0.102078 0.540645
vt 0.677865 0.074490
vt 0.663403 0.089230
vt 0.696830 0.072037
vt 0.699691 0.089495
vt 0.695498 0.053827
vt 0.647496 0.094278
vt 0.635501 0.099137
vt 0.789028 0.033056
vt 0.777164 0.043726
vt 0.805907 0.040145
vt 0.809345 0.038286
vt 0.791113 0.059615
vt 0.103077 0.752636
vt 0.089674 0.739476
vt 0.094802 0.749580
vt 0.087214 0.726235
vt 0.755868 0.085475
vt 0.740204 0.082289
vt 0.768518 0.091089
vt 0.775484 0.083629
vt 0.760039 0.095524
vt 0.783581 0.072366
vt 0.718614 0.069447
vt 0.719486 0.091013
vt 0.720446 0.047944
vt 0.641299 0.699252
vt 0.573161 0.709958
vt 0.834678 0.453830
vt 0.839226 0.461962
vt 0.828454 0.471628
vt 0.816218 0.472382
vt 0.483652 0.714471
vt 0.482077 0.755983
vt 0.454986 0.748877
vt 0.541530 0.761136
vt 0.511705 0.603437
vt 0.479325 0.617972
vt 0.517422 0.669097
vt 0.542157 0.472526
vt 0.523883 0.469693
vt 0.532871 0.518057
vt 0.615602 0.538909
vt 0.578137 0.479946
vt 0.474979 0.506736
vt 0.462608 0.528245
vt 0.464683 0.535998
vt 0.455316 0.438978
vt 0.447515 0.459419
vt 0.441302 0.435101
vt 0.471903 0.452869
vt 0.485637 0.433139
vt 0.423559 0.544931
vt 0.376963 0.541412
vt 0.435415 0.581036
vt 0.341239 0.542337
vt 0.312530 0.541040
vt 0.333331 0.578357
vt 0.349637 0.581235
vt 0.328955 0.488321
vt 0.320433 0.490289
vt 0.324697 0.469064
vt 0.345508 0.513640
vt 0.380001 0.697956
vt 0.403493 0.740098
vt 0.429491 0.706712
vt 0.331376 0.675110
vt 0.324090 0.672728
vt 0.331618 0.643614
vt 0.328100 0.706979
vt 0.347865 0.684339
vt 0.322268 0.589869
vt 0.352024 0.649418
vt 0.353644 0.597800
vt 0.783606 0.219443
vt 0.767581 0.215069
vt 0.764656 0.220718
vt 0.771140 0.208333
vt 0.764278 0.227846
vt 0.764422 0.224679
vt 0.797052 0.182414
vt 0.798767 0.170866
vt 0.776498 0.191080
vt 0.777806 0.179329
vt 0.778480 0.167774
vt 0.773927 0.199735
vt 0.791259 0.203333
vt 0.842304 0.217835
vt 0.844226 0.182803
vt 0.818979 0.202069
vt 0.859989 0.329139
vt 0.844428 0.337568
vt 0.616020 0.996175
vt 0.673911 0.995173
vt 0.826867 0.303912
vt 0.810493 0.328122
vt 0.951395 0.195158
vt 0.933133 0.214621
vt 0.987756 0.174267
vt 0.876243 0.220027
vt 0.876776 0.237318
vt 0.921845 0.244195
vt 0.485048 0.806220
vt 0.448688 0.798169
vt 0.527610 0.885002
vt 0.565175 0.821590
vt 0.930859 0.101282
vt 0.955413 0.119456
vt 0.263601 0.856398
vt 0.896592 0.094750
vt 0.909526 0.088017
vt 0.872295 0.161833
vt 0.914698 0.151687
vt 0.224226 0.778417
vt 0.160433 0.790292
vt 0.183847 0.861743
vt 0.302510 0.727675
vt 0.267672 0.752176
vt 0.280515 0.768958
vt 0.794541 0.142594
vt 0.788234 0.120331
vt 0.772530 0.139993
vt 0.770196 0.132429
vt 0.767356 0.122439
vt 0.775843 0.152891
vt 0.779341 0.091877
vt 0.797165 0.068528
vt 0.761666 0.103723
vt 0.760228 0.099190
vt 0.765297 0.111324
vt 0.105478 0.783526
vt 0.098537 0.762469
vt 0.810273 0.093024
vt 0.846431 0.063161
vt 0.748660 0.102775
vt 0.758116 0.122952
vt 0.760331 0.141616
vt 0.761039 0.164751
vt 0.716183 0.130245
vt 0.711020 0.135419
vt 0.695487 0.137614
vt 0.742010 0.136845
vt 0.725923 0.118986
vt 0.683197 0.119218
vt 0.704775 0.103676
vt 0.683684 0.102512
vt 0.676247 0.142827
vt 0.678172 0.147478
vt 0.699482 0.123577
vt 0.679162 0.133015
vt 0.640333 0.159269
vt 0.647898 0.142077
vt 0.653151 0.140052
vt 0.631472 0.147535
vt 0.685330 0.188418
vt 0.697155 0.186658
vt 0.696137 0.151559
vt 0.677160 0.225362
vt 0.682576 0.236898
vt 0.639857 0.235163
vt 0.697003 0.232201
vt 0.681741 0.211023
vt 0.631292 0.217158
vt 0.628187 0.235280
vt 0.654198 0.213665
vt 0.760468 0.187797
vt 0.758253 0.204677
vt 0.757735 0.216448
vt 0.760092 0.225438
vt 0.714191 0.229410
vt 0.709102 0.236759
vt 0.740037 0.206201
vt 0.767379 0.257618
vt 0.776254 0.236727
vt 0.772583 0.300308
vt 0.785273 0.327619
vt 0.792106 0.290034
vt 0.771507 0.284789
vt 0.722354 0.326738
vt 0.692596 0.328872
vt 0.748263 0.304531
vt 0.746298 0.290415
vt 0.719529 0.296476
vt 0.690312 0.250486
vt 0.700520 0.246271
vt 0.667811 0.332529
vt 0.643686 0.336056
vt 0.690748 0.344181
vt 0.694510 0.299210
vt 0.671480 0.302425
vt 0.615524 0.301283
vt 0.656882 0.374509
vt 0.647498 0.412784
vt 0.621959 0.406733
vt 0.685400 0.382728
vt 0.665986 0.420915
vt 0.662156 0.360017
vt 0.608913 0.478841
vt 0.661611 0.529595
vt 0.678487 0.490807
vt 0.670586 0.510038
vt 0.578162 0.396372
vt 0.589164 0.406359
vt 0.592399 0.402328
vt 0.589894 0.398263
vt 0.595921 0.404709
vt 0.583722 0.401504
vt 0.580878 0.394824
vt 0.797840 0.355731
vt 0.823752 0.352160
vt 0.816254 0.450223
vt 0.794824 0.461017
vt 0.811349 0.412119
vt 0.686886 0.595705
vt 0.685317 0.612309
vt 0.681004 0.628335
vt 0.780080 0.435173
vt 0.750312 0.457691
vt 0.534628 0.393290
vt 0.514990 0.392030
vt 0.570100 0.395572
vt 0.566658 0.394646
vt 0.437722 0.415004
vt 0.425259 0.417703
vt 0.449372 0.429021
vt 0.476478 0.424172
vt 0.440108 0.340551
vt 0.370028 0.314660
vt 0.450764 0.376946
vt 0.576348 0.241937
vt 0.575033 0.228852
vt 0.559225 0.273559
vt 0.573178 0.279644
vt 0.470085 0.197311
vt 0.491033 0.215676
vt 0.580710 0.290724
vt 0.586815 0.262602
vt 0.354234 0.217012
vt 0.365254 0.200095
vt 0.338095 0.219782
vt 0.344688 0.206945
vt 0.406992 0.294572
vt 0.433659 0.281970
vt 0.616449 0.173351
vt 0.615081 0.165080
vt 0.609306 0.173493
vt 0.604084 0.183607
vt 0.248192 0.260583
vt 0.242881 0.291930
vt 0.222646 0.299050
vt 0.217152 0.324763
vt 0.283930 0.380192
vt 0.598783 0.054318
vt 0.615212 0.034231
vt 0.247030 0.461466
vt 0.194279 0.382750
vt 0.618575 0.104772
vt 0.596313 0.075496
vt 0.626912 0.067197
vt 0.390913 0.436765
vt 0.423983 0.451870
vt 0.314016 0.460715
vt 0.309766 0.463228
vt 0.303278 0.457071
vt 0.313667 0.466069
vt 0.341179 0.456758
vt 0.282586 0.461128
vt 0.267600 0.469000
vt 0.316652 0.453148
vt 0.299696 0.452924
vt 0.590381 0.082527
vt 0.592158 0.069721
vt 0.323889 0.214182
vt 0.273490 0.234084
vt 0.619237 0.178771
vt 0.624520 0.178685
vt 0.407766 0.193262
vt 0.440775 0.181624
vt 0.400301 0.183958
vt 0.559027 0.394237
vt 0.553810 0.389339
vt 0.725760 0.455450
vt 0.701155 0.453245
vt 0.651485 0.445776
vt 0.616488 0.295799
vt 0.747166 0.098071
vt 0.856036 0.063793
vt 0.838595 0.052413
vt 0.238144 0.800637
vt 0.532235 0.970967
vt 0.480385 0.959536
vt 0.536028 0.597404
vt 0.817456 0.481108
vt 0.807158 0.482262
vt 0.077814 0.688832
vt 0.095984 0.516071
vt 0.104716 0.499476
vt 0.288500 0.598814
vt 0.124201 0.465885
vt 0.122006 0.469036
vt 0.132336 0.458680
vt 0.072494 0.595995
vt 0.077698 0.573261
vt 0.853591 0.416592
vt 0.846102 0.439552
vt 0.545008 0.332901
vt 0.548556 0.303417
vt 0.626228 0.159688
vt 0.816813 0.041539
vt 0.300581 0.216460
vn -0.0275 0.7496 -0.6613
vn -0.8677 0.4445 -0.2225
vn 0.2231 0.4633 0.8577
vn 0.4733 0.8367 0.2753
vn 0.6121 -0.2664 0.7445
vn 0.3480 0.8084 0.4747
vn 0.2372 0.5225 0.8190
vn -0.5936 0.3238 0.7368
vn -0.9828 -0.1633 -0.0860
vn -0.9467 0.2583 0.1924
vn -0.7846 0.2751 -0.5557
vn -0.8594 -0.0978 -0.5019
vn -0.6623 -0.7487 0.0281
vn 0.3268 -0.8742 -0.3591
vn 0.7223 -0.6842 -0.1006
vn -0.1278 -0.7099 0.6926
vn 0.9615 -0.0349 -0.2725
vn 0.3773 0.6193 -0.6885
vn 0.9742 0.1479 0.1703
vn 0.1342 0.4027 0.9054
vn -0.6456 0.0566 -0.7616
vn -0.3878 -0.2560 -0.8855
vn -0.3063 0.6061 -0.7341
vn 0.5304 -0.7209 -0.4461
vn 0.4209 -0.2906 -0.8593
vn 0.4334 0.1636 -0.8862
vn 0.6416 -0.7409 -0.1987
vn 0.2491 0.1387 -0.9585
vn 0.4983 0.1524 -0.8535
vn -0.0854 0.7316 -0.6764
vn -0.4760 0.5727 -0.6674
vn 0.4359 0.1034 -0.8940
vn 0.4219 -0.0585 -0.9048
vn -0.1812 -0.4295 -0.8847
vn -0.0788 -0.1307 -0.9883
vn 0.2350 0.0845 -0.9683
vn 0.7823 -0.5970 0.1777
vn 0.8840 -0.2047 0.4203
vn 0.8397 0.1045 0.5329
vn -0.0753 0.4796 0.8742
vn 0.5829 0.0212 0.8123
vn 0.0487 0.5015 0.8638
vn 0.7239 -0.2505 0.6429
vn 0.8580 0.3281 -0.3953
vn 0.7935 0.5341 -0.2916
vn 0.8857 -0.2014 -0.4184
vn 0.7748 -0.4670 -0.4261
vn 0.7239 -0.3920 -0.5676
vn -0.3048 -0.9187 0.2510
vn 0.0434 -0.9990 -0.0049
vn -0.6376 -0.7668 -0.0741
vn 0.3869 -0.8047 0.4504
vn 0.4977 -0.8496 0.1744
vn 0.6458 -0.5136 0.5650
vn 0.4896 -0.7695 -0.4100
vn 0.2234 -0.9042 -0.3640
vn 0.6255 -0.6880 -0.3680
vn 0.0284 -0.9996 -0.0002
vn 0.0345 -0.9675 -0.2505
vn -0.4367 -0.8993 0.0221
vn -0.1113 0.2271 -0.9675
vn -0.9840 -0.1712 -0.0488
vn -0.5832 0.1162 -0.8039
vn -0.8799 0.0536 -0.4721
vn -0.9596 0.0262 -0.2801
vn -0.9064 0.3205 0.2750
vn -0.8909 0.3680 0.2662
vn -0.9774 0.1330 0.1641
vn -0.5978 0.2506 0.7615
vn -0.9439 -0.2600 0.2038
vn -0.9002 0.1245 -0.4172
vn -0.9597 -0.0132 -0.2807
vn -0.4619 0.3778 0.8025
vn -0.4161 0.0159 0.9092
vn -0.4030 -0.3198 0.8575
vn -0.2694 0.8805 0.3900
vn -0.5606 0.5037 0.6573
vn -0.5288 0.7788 0.3376
vn 0.5051 0.2136 0.8362
vn 0.6633 0.3165 0.6781
vn -0.4738 0.6806 0.5588
vn 0.1478 -0.0039 0.9890
vn 0.2814 0.1338 0.9502
vn 0.2227 -0.1116 0.9685
vn -0.6045 0.6168 0.5040
vn -0.3031 0.7985 0.5201
vn 0.2452 0.5489 0.7992
vn -0.2985 0.9068 -0.2977
vn 0.3366 0.7818 0.5249
vn -0.6107 0.3674 0.7015
vn 0.2863 0.7999 -0.5274
vn 0.0618 0.6433 -0.7631
vn -0.0495 0.8587 -0.5101
vn 0.1089 0.9668 -0.2313
vn 0.2317 0.6806 -0.6951
vn 0.3247 0.7086 -0.6265
vn 0.6199 0.1898 -0.7613
vn 0.2070 0.7926 -0.5736
vn 0.4306 0.5162 -0.7404
vn 0.6767 0.6615 -0.3231
vn -0.3036 0.9007 -0.3108
vn -0.4307 0.7970 -0.4235
vn 0.8135 0.4174 -0.4050
vn 0.7823 0.5162 -0.3486
vn 0.1222 0.7924 -0.5976
vn 0.5127 0.7967 -0.3201
vn 0.3242 0.9303 -0.1716
vn 0.0063 0.7957 -0.6057
vn -0.7758 -0.0831 -0.6255
vn -0.8736 0.2284 -0.4296
vn 0.6462 0.6946 -0.3160
vn -0.3702 0.7109 -0.5980
vn -0.0080 0.9040 -0.4275
vn -0.4934 0.7895 -0.3649
vn 0.3529 0.5983 0.7194
vn -0.2029 0.9770 0.0662
vn -0.8749 0.3248 0.3592
vn -0.2897 0.4694 0.8341
vn -0.5109 0.8237 0.2458
vn 0.4640 0.8827 0.0744
vn 0.4953 0.8686 -0.0140
vn 0.1106 0.9918 -0.0634
vn -0.2638 0.8729 0.4104
vn -0.0974 0.7431 0.6620
vn -0.1973 0.7438 0.6386
vn 0.4037 0.7749 0.4864
vn -0.4168 0.7904 0.4488
vn -0.6141 0.7841 0.0898
vn -0.3132 0.7747 0.5493
vn -0.7785 0.4869 0.3961
vn -0.9187 0.3938 -0.0295
vn -0.1912 0.6921 0.6960
vn 0.0480 0.3093 0.9497
vn 0.0585 0.0086 0.9983
vn 0.0887 0.2155 0.9725
vn 0.5105 0.2146 0.8327
vn 0.6491 -0.1575 0.7442
vn 0.3530 -0.4145 0.8388
vn 0.0599 -0.4203 0.9054
vn 0.4359 0.0151 0.8999
vn 0.5928 0.1900 0.7826
vn 0.8808 0.2736 0.3864
vn 0.6201 -0.3666 0.6936
vn 0.9402 0.1724 0.2939
vn 0.3087 -0.0333 0.9506
vn 0.2880 -0.0991 0.9525
vn -0.2803 0.2589 0.9243
vn 0.6411 -0.1768 0.7468
vn 0.6888 -0.2043 0.6956
vn 0.8168 -0.1128 0.5658
vn -0.4906 0.2930 0.8207
vn 0.4089 0.7177 0.5636
vn 0.8076 0.5888 -0.0337
vn -0.3551 0.1327 0.9254
vn -0.2301 -0.1227 0.9654
vn 0.1504 0.4179 0.8959
vn -0.8406 0.0453 0.5397
vn -0.1750 0.2225 0.9591
vn -0.1983 0.7943 0.5742
vn -0.4945 -0.1336 0.8588
vn -0.2245 -0.2023 0.9532
vn -0.2319 -0.2372 0.9434
vn -0.3698 -0.1196 0.9214
vn -0.2244 -0.4897 0.8425
vn -0.2737 -0.0233 0.9615
vn -0.3039 -0.0672 0.9503
vn -0.3506 -0.2213 0.9100
vn -0.4389 0.1493 0.8861
vn -0.9872 -0.1567 0.0281
vn -0.9898 -0.1311 0.0564
vn -0.9880 0.1110 0.1070
vn -0.7896 -0.5273 -0.3139
vn -0.7128 -0.6788 -0.1764
vn -0.8965 0.4113 0.1647
vn -0.8790 -0.4387 0.1869
vn -0.8908 -0.4194 0.1746
vn -0.9543 0.0338 0.2970
vn -0.7607 0.3301 0.5589
vn 0.1598 0.4274 0.8898
vn 0.1896 0.4842 0.8542
vn -0.9996 -0.0263 0.0114
vn -0.9547 0.1584 0.2520
vn -0.3540 0.4648 0.8115
vn -0.8386 0.5106 0.1897
vn -0.6412 0.1172 0.7584
vn -0.9738 -0.0481 -0.2224
vn -0.7810 -0.1581 0.6042
vn -0.9719 0.2156 0.0943
vn -0.9397 0.3381 0.0513
vn -0.6649 0.3065 -0.6812
vn -0.6871 0.2072 -0.6964
vn -0.8769 0.3215 -0.3573
vn -0.9083 0.1426 -0.3932
vn -0.9513 0.1185 -0.2847
vn -0.9703 -0.1368 -0.1997
vn -0.9306 0.1981 -0.3078
vn -0.9817 -0.1159 -0.1512
vn -0.6581 0.2067 -0.7240
vn -0.8417 -0.5359 -0.0665
vn -0.8419 -0.4775 0.2513
vn -0.9636 -0.1887 0.1894
vn -0.0851 0.2019 -0.9757
vn -0.5850 -0.4684 -0.6621
vn -0.8264 0.2022 -0.5255
vn 0.0447 -0.9771 -0.2079
vn 0.4352 -0.8083 -0.3966
vn -0.4324 -0.8960 -0.1009
vn -0.0484 -0.9781 -0.2022
vn 0.0975 -0.8311 -0.5476
vn -0.0280 -0.9402 -0.3396
vn -0.1400 -0.9882 0.0626
vn -0.0987 -0.9691 -0.2259
vn 0.0426 -0.9844 -0.1707
vn 0.5460 -0.7633 -0.3454
vn 0.5077 -0.5441 -0.6680
vn 0.6383 -0.4958 -0.5889
vn -0.1419 -0.9851 -0.0971
vn 0.2952 -0.8935 -0.3384
vn 0.3029 -0.7758 -0.5535
vn -0.2073 -0.9727 -0.1040
vn 0.0577 -0.5586 -0.8274
vn 0.3729 -0.8008 -0.4687
vn 0.6663 -0.6987 0.2604
vn 0.1178 -0.9794 -0.1643
vn 0.4820 -0.8756 -0.0321
vn -0.1629 -0.9866 0.0035
vn -0.1490 -0.9724 0.1795
vn -0.0419 -0.9902 0.1330
vn -0.2033 -0.8026 0.5608
vn -0.4369 -0.7334 0.5208
vn 0.4733 -0.8303 0.2943
vn -0.0398 -0.9679 -0.2481
vn -0.2086 -0.9681 0.1387
vn -0.5824 -0.7171 0.3829
vn -0.5413 -0.8236 0.1694
vn -0.3085 -0.9398 0.1470
vn 0.1067 -0.9932 0.0456
vn -0.5951 -0.8019 -0.0539
vn -0.6506 -0.7145 -0.2572
vn -0.2233 -0.9330 -0.2821
vn 0.8825 -0.1019 -0.4591
vn 0.4672 0.0354 -0.8834
vn 0.3728 -0.7160 -0.5902
vn 0.7762 -0.4902 -0.3966
vn 0.5972 -0.4381 -0.6719
vn 0.4148 -0.3766 -0.8283
vn 0.8892 -0.2480 -0.3844
vn 0.8456 -0.0905 -0.5260
vn 0.9106 -0.2587 -0.3222
vn 0.8724 0.3747 -0.3139
vn 0.8289 0.2905 -0.4780
vn 0.2212 0.8870 -0.4053
vn 0.8212 -0.1706 -0.5446
vn 0.6448 -0.3947 -0.6546
vn 0.7996 0.2582 -0.5421
vn 0.9028 0.3565 0.2404
vn 0.9995 -0.0193 -0.0243
vn 0.9474 0.3012 -0.1078
vn 0.2923 0.1907 0.9371
vn 0.9927 -0.0295 -0.1172
vn 0.5647 0.7441 -0.3570
vn 0.9751 -0.1046 0.1956
vn 0.6377 0.4869 -0.5969
vn 0.9489 -0.2326 -0.2135
vn 0.6521 -0.2986 0.6968
vn 0.7077 -0.1450 0.6915
vn 0.3056 0.6788 0.6677
vn 0.8377 0.0094 0.5461
vn 0.8347 -0.4036 0.3746
vn 0.8084 0.5669 0.1584
vn 0.6496 -0.5055 0.5679
vn 0.8673 -0.4976 -0.0141
vn 0.9738 -0.2257 -0.0282
vn 0.6479 -0.7351 -0.1996
vn 0.4924 -0.7484 0.4444
vn 0.9056 -0.2121 0.3672
vn 0.0939 0.0053 -0.9956
vn -0.5066 -0.2646 -0.8206
vn -0.4640 -0.1596 -0.8713
vn -0.1609 -0.2707 -0.9491
vn -0.1997 -0.2353 -0.9512
vn -0.4510 -0.1363 -0.8821
vn -0.2756 -0.8836 -0.3785
vn 0.1685 -0.7561 -0.6323
vn -0.2542 -0.2082 -0.9445
vn 0.4386 -0.1437 -0.8871
vn -0.3299 0.1808 -0.9265
vn -0.1762 0.2948 -0.9392
vn 0.3332 0.1083 -0.9366
vn -0.4735 0.2340 -0.8491
vn -0.4404 0.2278 -0.8684
vn -0.5549 0.0554 -0.8301
vn 0.0221 0.3004 -0.9535
vn -0.0570 0.3690 -0.9277
vn 0.3802 0.1056 -0.9189
vn 0.0271 0.3930 -0.9191
vn -0.0197 0.5868 -0.8095
vn 0.8464 -0.1537 -0.5098
vn -0.0372 -0.0449 -0.9983
vn 0.1344 0.4859 -0.8636
vn 0.1305 -0.5718 -0.8100
vn 0.6691 -0.4123 -0.6184
vn 0.4007 0.0008 -0.9162
vn 0.5943 -0.4947 -0.6341
vn 0.9219 -0.3447 -0.1768
vn 0.2412 -0.6461 -0.7242
vn 0.4719 -0.2924 -0.8317
vn 0.9291 -0.2586 -0.2642
vn 0.8928 0.1653 -0.4190
vn 0.5317 -0.1980 -0.8235
vn 0.5374 -0.1926 -0.8210
vn 0.6018 -0.0236 -0.7983
vn 0.3211 0.0588 -0.9452
vn 0.4351 0.1269 -0.8914
vn 0.6973 -0.7119 -0.0834
vn 0.3716 0.1970 -0.9072
vn 0.1865 0.1912 -0.9637
vn -0.4582 0.7744 -0.4363
vn -0.5536 0.4665 -0.6899
vn 0.4617 0.3216 -0.8267
vn -0.2879 0.2664 -0.9198
vn -0.2303 -0.4108 -0.8821
vn -0.5012 0.0975 -0.8598
vn -0.3102 0.1952 -0.9304
vn 0.8674 0.2561 0.4267
vn 0.8460 0.1661 0.5066
vn 0.9300 -0.0507 0.3640
vn 0.8071 -0.3057 0.5052
vn 0.1619 0.2250 0.9608
vn 0.6881 -0.1537 0.7091
vn 0.8460 -0.4964 -0.1945
vn 0.9489 0.2561 -0.1844
vn 0.8499 0.3565 -0.3881
vn 0.8091 -0.4689 -0.3543
vn 0.8768 -0.3706 -0.3064
vn 0.8090 -0.0414 -0.5863
vn 0.0695 -0.8552 0.5136
vn 0.1541 -0.9547 -0.2544
vn -0.2928 -0.9493 0.1144
vn 0.5365 -0.8054 0.2520
vn 0.6846 -0.6988 0.2073
vn 0.7764 -0.4364 0.4547
vn 0.2050 -0.9531 -0.2229
vn 0.4324 -0.8313 -0.3492
vn 0.3656 -0.7433 -0.5603
vn -0.3607 -0.9305 0.0632
vn -0.2155 -0.9563 -0.1978
vn -0.3360 -0.7622 -0.5533
vn -0.4797 0.2462 -0.8422
vn -0.7312 0.3630 -0.5775
vn -0.8781 0.0877 -0.4703
vn -0.8511 0.0149 -0.5248
vn -0.9852 -0.0849 -0.1492
vn -0.8637 0.3966 -0.3111
vn -0.9377 -0.1828 0.2954
vn -0.9911 -0.0147 0.1320
vn -0.8661 0.0951 0.4908
vn -0.9264 -0.3753 0.0287
vn -0.7512 -0.5016 0.4290
vn -0.8246 -0.2639 0.5004
vn -0.2889 -0.6597 0.6937
vn -0.2229 -0.3380 0.9144
vn 0.0471 -0.3885 0.9202
vn -0.1851 0.5209 0.8333
vn -0.8789 0.3895 0.2753
vn -0.8297 0.4960 0.2560
vn 0.2659 0.8276 0.4944
vn 0.6805 0.6108 0.4049
vn 0.3812 0.7980 0.4669
vn 0.4895 -0.0811 0.8682
vn 0.5154 0.2868 0.8076
vn 0.4849 -0.0270 0.8742
vn 0.4005 0.6438 0.6520
vn -0.0322 0.9058 0.4224
vn 0.1073 0.9278 0.3573
vn -0.5205 0.7895 0.3253
vn -0.0275 0.7034 0.7102
vn 0.1224 0.5126 0.8498
vn -0.1066 0.6679 -0.7366
vn 0.6597 0.6741 -0.3323
vn -0.1910 0.9690 0.1565
vn -0.0230 0.9280 -0.3718
vn -0.3680 0.8207 -0.4370
vn -0.0710 0.8882 -0.4540
vn -0.5412 0.7994 -0.2610
vn 0.3891 0.8916 -0.2315
vn -0.0161 0.9997 -0.0167
vn 0.0629 0.8635 -0.5004
vn 0.0830 0.6802 -0.7283
vn 0.4486 0.6791 -0.5810
vn 0.0725 0.9405 -0.3319
vn -0.0121 0.9286 -0.3708
vn -0.2279 0.9045 -0.3606
vn 0.1618 0.9720 -0.1705
vn 0.2005 0.9659 -0.1638
vn 0.0110 0.9965 -0.0832
vn 0.3556 0.9143 -0.1941
vn 0.7243 0.6888 -0.0316
vn 0.5710 0.8207 -0.0222
vn 0.1435 0.3725 -0.9169
vn 0.2571 0.7831 -0.5663
vn 0.2831 0.7152 -0.6390
vn 0.3042 0.6614 0.6855
vn 0.3108 0.6572 0.6867
vn -0.0717 0.5088 0.8579
vn -0.2253 0.7545 0.6164
vn 0.0786 0.8161 0.5726
vn 0.1409 0.7453 0.6517
vn -0.6459 0.7446 -0.1688
vn -0.3878 0.8888 0.2441
vn -0.1363 0.8225 0.5522
vn 0.1948 0.9538 0.2289
vn 0.2374 0.9324 0.2725
vn 0.2598 0.7031 0.6619
vn -0.0388 0.7860 0.6170
vn -0.1791 0.8501 0.4952
vn -0.1048 0.8902 0.4434
vn 0.1198 0.6279 0.7690
vn 0.1306 0.6514 0.7474
vn 0.0689 0.8548 0.5144
vn 0.4332 -0.1589 0.8872
vn 0.4817 -0.1047 0.8700
vn 0.5149 -0.1394 0.8458
vn 0.5488 0.0973 0.8303
vn 0.3786 0.1333 0.9159
vn 0.4716 0.1938 0.8602
vn 0.2535 -0.0693 0.9649
vn 0.4468 0.1545 0.8812
vn 0.4331 0.1153 0.8939
vn 0.3113 0.9348 0.1709
vn 0.3309 0.8774 0.3473
vn 0.0960 0.7916 0.6035
vn 0.8060 0.3350 0.4880
vn 0.8989 0.2787 0.3381
vn 0.7854 0.5242 0.3292
vn 0.2937 0.7443 0.5998
vn 0.2591 0.7587 0.5977
vn 0.1293 0.8102 0.5718
vn -0.9053 0.4240 0.0262
vn -0.7976 0.4210 0.4320
vn -0.7243 0.6742 0.1443
vn -0.6803 0.5511 0.4832
vn -0.7296 0.0549 0.6816
vn -0.7919 0.2039 0.5756
vn 0.1090 0.7993 0.5910
vn -0.3531 0.8178 0.4545
vn -0.7027 0.6245 0.3408
vn 0.0470 -0.4727 0.8800
vn -0.2533 -0.4351 0.8640
vn -0.1031 -0.4338 0.8951
vn -0.4062 -0.3198 0.8560
vn -0.4931 -0.1408 0.8585
vn -0.4271 -0.3222 0.8448
vn -0.4783 -0.4610 0.7474
vn -0.4294 -0.4023 0.8086
vn -0.2447 -0.6007 0.7611
vn -0.9211 -0.2813 0.2692
vn -0.6138 -0.0724 0.7861
vn -0.4972 0.2464 0.8319
vn -0.8624 -0.1868 0.4705
vn -0.8161 0.0233 0.5774
vn -0.6130 0.0785 0.7861
vn -0.9347 -0.3197 0.1554
vn -0.8875 -0.4221 0.1848
vn -0.8960 -0.4413 0.0481
vn -0.9064 0.0237 0.4218
vn -0.8940 0.1385 0.4260
vn -0.8201 0.0932 0.5646
vn -0.9868 -0.0038 -0.1620
vn -0.9464 0.2454 0.2100
vn -0.9415 0.2085 0.2648
vn -0.9124 -0.0315 0.4082
vn -0.9963 -0.0213 0.0834
vn -0.9875 -0.1462 0.0591
vn -0.8725 0.4150 -0.2580
vn -0.8711 0.3523 -0.3423
vn -0.8214 0.4597 -0.3377
vn -0.9820 -0.0793 -0.1714
vn -0.9963 -0.0858 -0.0031
vn -0.9850 -0.0875 0.1485
vn -0.8634 0.0132 -0.5043
vn -0.8740 -0.0116 -0.4858
vn -0.8572 -0.0148 -0.5147
vn -0.7143 0.3361 -0.6138
vn -0.7810 0.3934 -0.4850
vn -0.8700 0.1562 -0.4676
vn -0.7737 0.1757 -0.6087
vn -0.9234 0.0220 -0.3832
vn -0.8673 0.2133 -0.4499
vn -0.2622 0.1439 -0.9542
vn -0.2596 0.2201 -0.9403
vn -0.4172 0.4380 -0.7963
vn -0.3643 -0.8759 -0.3164
vn -0.0156 -0.9502 -0.3111
vn 0.2915 -0.7262 -0.6226
vn -0.0745 -0.9831 -0.1672
vn -0.0461 -0.9843 -0.1703
vn -0.0879 -0.9771 -0.1938
vn -0.1088 -0.9935 0.0320
vn -0.0750 -0.9968 -0.0270
vn -0.3428 -0.9363 -0.0763
vn 0.3745 -0.8071 -0.4563
vn 0.5017 -0.7186 -0.4816
vn 0.4970 -0.6433 -0.5824
vn 0.3929 -0.8716 -0.2932
vn 0.5619 -0.8085 -0.1751
vn 0.5903 -0.7320 -0.3401
vn 0.3387 -0.9056 -0.2552
vn 0.3374 -0.8952 -0.2910
vn 0.3109 -0.9059 -0.2876
vn 0.8194 -0.4987 0.2828
vn 0.6456 -0.7160 0.2656
vn 0.7611 -0.5289 0.3755
vn 0.6704 -0.6799 0.2971
vn 0.7724 -0.5747 0.2703
vn 0.6638 -0.6854 0.2993
vn 0.6143 -0.7028 0.3587
vn 0.6692 -0.6902 0.2752
vn 0.6270 -0.7362 0.2549
vn 0.0003 -0.9666 -0.2563
vn -0.3748 -0.8629 -0.3391
vn -0.6393 -0.7689 -0.0111
vn 0.1816 -0.9295 -0.3209
vn 0.2209 -0.8855 -0.4088
vn 0.0791 -0.8929 -0.4433
vn -0.1002 -0.9191 0.3811
vn -0.1679 -0.9222 0.3482
vn -0.2042 -0.8853 0.4178
vn 0.9166 -0.1155 -0.3828
vn 0.9091 0.1513 -0.3882
vn 0.7711 -0.2104 -0.6009
vn 0.8068 -0.5288 -0.2636
vn 0.8340 -0.4789 -0.2741
vn 0.8663 -0.3657 -0.3403
vn 0.8170 -0.4316 -0.3823
vn 0.7838 -0.5018 -0.3658
vn 0.8103 -0.4961 -0.3119
vn 0.9574 0.0868 -0.2753
vn 0.9658 0.0283 -0.2578
vn 0.6803 0.5691 -0.4619
vn 0.9019 0.4124 -0.1285
vn 0.8862 0.4064 -0.2224
vn 0.9062 0.3853 -0.1743
vn 0.9385 -0.2914 -0.1855
vn 0.9481 -0.0471 0.3146
vn 0.9465 -0.3127 0.0792
vn 0.4408 0.0027 0.8976
vn 0.3655 0.2912 0.8841
vn 0.2029 0.5032 0.8400
vn 0.3801 0.0290 0.9245
vn 0.3768 0.2767 0.8840
vn 0.3811 0.3224 0.8665
vn -0.1698 0.0618 0.9835
vn 0.3948 0.3657 0.8428
vn 0.3454 -0.3055 0.8874
vn 0.9072 -0.1837 0.3784
vn 0.8281 -0.0961 0.5522
vn 0.8659 -0.3012 0.3993
vn 0.8236 0.3650 0.4341
vn 0.8767 0.2367 0.4188
vn 0.8332 0.1250 0.5387
vn 0.7615 0.2180 0.6104
vn 0.7203 0.3288 0.6108
vn 0.8544 0.2312 0.4653
vn -0.3283 0.1641 -0.9302
vn 0.2701 0.0950 -0.9581
vn 0.3285 0.0788 -0.9412
vn -0.4624 0.0346 -0.8860
vn 0.1132 0.0782 -0.9905
vn 0.2050 0.0496 -0.9775
vn -0.2470 -0.2393 -0.9390
vn -0.7589 -0.2795 -0.5882
vn -0.8340 -0.1366 -0.5345
vn 0.4497 0.2591 -0.8548
vn 0.4851 0.0685 -0.8718
vn 0.3441 -0.0498 -0.9376
vn 0.1128 0.4078 -0.9061
vn 0.4143 0.1439 -0.8987
vn 0.3825 0.1264 -0.9153
vn -0.5546 0.3069 -0.7734
vn -0.5767 0.4371 -0.6902
vn -0.5867 0.4672 -0.6614
vn -0.3360 0.7244 -0.6020
vn -0.3283 0.7074 -0.6260
vn -0.4190 0.8030 -0.4238
vn 0.2850 0.0889 -0.9544
vn 0.2266 0.0966 -0.9692
vn 0.2012 0.1343 -0.9703
vn 0.3847 0.0526 -0.9216
vn 0.4718 0.0532 -0.8801
vn 0.3994 0.2275 -0.8881
vn 0.7415 -0.5867 -0.3255
vn 0.6887 -0.6632 -0.2929
vn 0.6793 -0.7141 -0.1693
vn 0.5487 0.0790 -0.8323
vn 0.4358 0.0576 -0.8982
vn 0.5084 -0.0903 -0.8564
vn 0.3373 -0.4053 -0.8497
vn 0.3620 -0.2307 -0.9032
vn 0.1073 0.2271 -0.9679
vn 0.5511 -0.0172 -0.8343
vn 0.5485 -0.0914 -0.8311
vn 0.5572 -0.0023 -0.8304
vn 0.4810 -0.2491 -0.8406
vn 0.4825 -0.3141 -0.8176
vn 0.5214 -0.2785 -0.8066
vn 0.5786 -0.1406 -0.8034
vn 0.5858 -0.1265 -0.8005
vn 0.5719 -0.0970 -0.8145
vn 0.8162 0.3780 -0.4369
vn 0.6809 0.1559 -0.7156
vn 0.8414 0.1774 -0.5105
vn 0.4466 -0.8827 -0.1459
vn 0.2221 -0.9731 0.0606
vn 0.6512 -0.7279 -0.2148
vn 0.3698 -0.5244 -0.7670
vn 0.4163 -0.7126 -0.5647
vn 0.5934 -0.3327 -0.7329
vn 0.5397 -0.6905 -0.4816
vn 0.6240 -0.3248 -0.7107
vn 0.3200 -0.3014 -0.8982
vn 0.9087 -0.3790 -0.1752
vn 0.9354 -0.2654 -0.2337
vn 0.9239 0.0478 -0.3797
vn 0.4724 -0.0939 -0.8764
vn 0.8229 -0.4902 -0.2872
vn 0.9427 -0.1974 -0.2691
vn 0.4253 -0.0758 -0.9019
vn 0.4360 -0.0357 -0.8992
vn 0.2953 0.1025 -0.9499
vn 0.7381 -0.4790 -0.4751
vn 0.7034 -0.4343 -0.5627
vn 0.6800 -0.3436 -0.6477
vn 0.4197 -0.6562 -0.6271
vn 0.4589 -0.5716 -0.6802
vn 0.3826 -0.5467 -0.7448
vn 0.0879 0.3636 -0.9274
vn 0.1146 0.3609 -0.9256
vn 0.0796 0.5292 -0.8447
vn 0.0242 0.1623 -0.9864
vn 0.2497 0.1386 -0.9583
vn 0.1851 -0.0296 -0.9823
vn 0.8180 -0.4083 -0.4051
vn 0.8712 -0.3971 -0.2887
vn 0.8267 0.0676 -0.5586
vn -0.2651 0.4223 -0.8668
vn -0.0806 0.2550 -0.9636
vn 0.3571 0.0247 -0.9337
vn 0.2394 0.2020 -0.9497
vn 0.0998 0.3668 -0.9249
vn -0.1133 0.4437 -0.8890
vn 0.4263 0.0446 -0.9035
vn 0.4029 0.0748 -0.9122
vn 0.2584 0.2046 -0.9441
vn 0.0288 0.3190 -0.9473
vn 0.4055 0.2265 -0.8856
vn 0.4030 0.1939 -0.8944
vn -0.1661 0.2865 -0.9436
vn 0.4145 0.2034 -0.8870
vn 0.3854 0.1916 -0.9026
vn -0.4656 0.4967 -0.7325
vn -0.8611 0.2017 -0.4667
vn -0.8061 0.2739 -0.5246
vn -0.4883 0.1713 -0.8557
vn -0.4277 0.1724 -0.8873
vn -0.4009 0.1527 -0.9033
vn -0.4636 0.2332 -0.8548
vn -0.4568 0.2120 -0.8639
vn -0.4374 0.2195 -0.8721
vn 0.2986 0.1425 -0.9437
vn -0.0951 0.1933 -0.9765
vn -0.0680 0.1904 -0.9793
vn -0.2096 0.3445 -0.9151
vn -0.2549 0.2604 -0.9312
vn -0.2236 0.2498 -0.9421
vn -0.4021 0.0826 -0.9119
vn -0.3978 0.0822 -0.9138
vn -0.3570 0.0961 -0.9292
vn 0.4179 -0.1034 -0.9026
vn -0.0870 0.0921 -0.9919
vn -0.0031 0.0968 -0.9953
vn 0.1411 -0.3802 -0.9141
vn 0.2229 -0.1617 -0.9613
vn 0.0827 -0.0289 -0.9962
vn 0.4905 -0.4469 -0.7481
vn 0.3538 -0.3391 -0.8717
vn 0.3168 -0.5021 -0.8047
vn -0.4857 -0.8593 -0.1606
vn -0.4161 -0.5551 -0.7202
vn -0.7289 -0.5771 -0.3683
vn -0.3312 -0.1073 -0.9374
vn 0.1011 0.1049 -0.9893
vn -0.1595 -0.0333 -0.9866
vn -0.0939 -0.2468 -0.9645
vn 0.3141 -0.0661 -0.9471
vn 0.2056 0.0396 -0.9778
vn -0.1794 -0.2925 -0.9393
vn -0.2222 -0.2419 -0.9445
vn -0.2476 -0.2326 -0.9405
vn -0.5001 -0.1852 -0.8459
vn -0.5587 -0.2835 -0.7794
vn -0.4802 -0.1991 -0.8543
vn -0.4960 -0.2370 -0.8354
vn -0.3793 -0.2357 -0.8947
vn -0.5107 -0.2645 -0.8180
vn -0.0077 -0.1380 -0.9904
vn -0.2514 -0.1443 -0.9571
vn -0.1989 -0.1803 -0.9633
vn 0.8212 -0.3988 0.4081
vn 0.8742 -0.3062 0.3768
vn 0.9234 -0.1569 0.3504
vn 0.4723 -0.7098 0.5226
vn 0.5646 -0.6509 0.5075
vn 0.6030 -0.6616 0.4457
vn 0.5294 -0.8193 -0.2201
vn 0.5667 -0.7844 -0.2522
vn 0.5734 -0.7928 -0.2068
vn 0.9835 -0.1732 -0.0521
vn 0.9600 -0.2723 -0.0651
vn 0.9518 -0.3059 0.0208
vn 0.8609 -0.5040 0.0697
vn 0.9126 -0.3985 0.0913
vn 0.9210 -0.3894 0.0134
vn 0.5851 -0.4896 0.6465
vn 0.6726 -0.3639 0.6444
vn 0.7345 -0.3905 0.5550
vn 0.7935 0.1854 0.5797
vn 0.7963 0.3242 0.5107
vn 0.8789 0.2922 0.3771
vn 0.9231 -0.3805 0.0553
vn 0.8154 -0.5747 0.0694
vn 0.7039 -0.6102 0.3636
vn 0.9031 -0.0283 0.4286
vn 0.9228 -0.1835 0.3389
vn 0.8494 -0.1719 0.4990
vn 0.1973 0.5944 0.7796
vn 0.2493 0.5739 0.7801
vn 0.2647 0.4895 0.8308
vn 0.6538 0.0321 0.7560
vn 0.8687 0.0609 0.4916
vn 0.8192 0.0793 0.5680
vn 0.3674 0.0423 0.9291
vn 0.2917 -0.0076 0.9565
vn 0.5881 -0.2604 0.7657
vn 0.7170 -0.0390 -0.6960
vn 0.8763 -0.2066 0.4352
vn 0.9251 -0.1415 -0.3525
vn 0.5995 0.4823 0.6388
vn 0.5893 0.6823 -0.4327
vn 0.8389 0.1212 0.5306
vn 0.9691 0.1346 0.2069
vn 0.8702 0.4083 -0.2757
vn 0.9026 -0.3765 -0.2088
vn 0.7692 0.5490 -0.3269
vn 0.9305 0.1342 -0.3407
vn 0.7019 0.5205 -0.4863
vn 0.9070 -0.4099 -0.0969
vn 0.9422 -0.2932 -0.1622
vn 0.8862 -0.4530 -0.0968
vn 0.2666 0.1018 0.9584
vn 0.3633 0.3455 0.8653
vn 0.4313 0.1465 0.8902
vn 0.9988 0.0176 0.0461
vn 0.9344 0.3186 -0.1595
vn 0.9181 0.3196 -0.2343
vn 0.8370 -0.1030 -0.5374
vn 0.7346 -0.4283 -0.5262
vn 0.9578 -0.0704 -0.2786
vn 0.6668 0.7452 -0.0087
vn 0.8912 0.3554 -0.2817
vn 0.8780 -0.1358 0.4590
vn 0.7621 0.2593 -0.5933
vn 0.7955 0.1908 -0.5752
vn 0.8412 0.1611 -0.5162
vn 0.4329 -0.7152 -0.5487
vn 0.6092 -0.7161 -0.3408
vn 0.8393 -0.3600 -0.4074
vn 0.6489 -0.5461 -0.5297
vn 0.5718 -0.6568 -0.4916
vn 0.7984 -0.2939 -0.5254
vn 0.5248 0.7344 -0.4304
vn 0.4586 0.8195 -0.3436
vn 0.1797 0.9482 -0.2621
vn 0.8697 0.2137 -0.4449
vn 0.8720 0.2214 -0.4367
vn 0.8600 0.2892 -0.4204
vn 0.8902 0.2529 -0.3790
vn 0.8770 0.2464 -0.4125
vn 0.8595 0.3134 -0.4039
vn 0.8762 -0.2152 -0.4312
vn 0.8264 -0.3668 -0.4271
vn 0.8605 -0.3792 -0.3403
vn 0.7766 -0.0881 -0.6238
vn 0.7120 -0.2382 -0.6605
vn 0.7905 -0.2613 -0.5539
vn 0.8977 -0.2841 -0.3367
vn 0.9225 -0.2124 -0.3222
vn 0.9108 -0.1576 -0.3816
vn 0.4839 -0.3744 -0.7910
vn 0.6096 -0.3428 -0.7148
vn 0.5182 -0.3622 -0.7748
vn 0.7241 -0.4845 -0.4908
vn 0.7951 -0.3976 -0.4580
vn 0.6945 -0.3751 -0.6139
vn 0.7678 -0.4614 -0.4445
vn 0.7253 -0.4941 -0.4793
vn 0.7208 -0.4920 -0.4883
vn 0.4757 0.3433 -0.8098
vn 0.3846 -0.0250 -0.9227
vn 0.3771 -0.8922 -0.2486
vn 0.3666 -0.4172 -0.8316
vn 0.3984 -0.4342 -0.8079
vn 0.5138 0.0454 -0.8567
vn 0.7963 -0.3844 -0.4671
vn 0.7984 -0.3683 -0.4763
vn 0.9009 -0.0240 -0.4334
vn -0.2926 -0.9205 -0.2588
vn -0.2677 -0.9258 -0.2670
vn -0.0714 -0.9574 -0.2799
vn -0.6529 -0.7366 -0.1764
vn -0.6040 -0.7798 -0.1647
vn -0.5933 -0.7630 -0.2566
vn -0.5533 -0.8033 -0.2204
vn -0.6434 -0.7280 -0.2368
vn -0.6759 -0.7358 -0.0425
vn -0.0916 -0.9929 0.0752
vn -0.0600 -0.9956 0.0720
vn 0.0648 -0.9962 0.0586
vn -0.2049 -0.9596 0.1927
vn -0.1399 -0.9718 0.1896
vn -0.1511 -0.9792 0.1357
vn -0.5256 -0.7974 0.2965
vn -0.4024 -0.8615 0.3096
vn -0.4122 -0.8974 0.1574
vn -0.4827 -0.8243 0.2961
vn -0.5607 -0.7713 0.3013
vn -0.6016 -0.7138 0.3586
vn 0.0598 -0.9968 0.0524
vn -0.0561 -0.9936 0.0975
vn -0.3799 -0.9043 0.1947
vn 0.1719 -0.9679 -0.1834
vn 0.1471 -0.9860 -0.0782
vn -0.0760 -0.9940 -0.0782
vn -0.7682 -0.1771 0.6152
vn -0.4808 -0.8354 0.2664
vn 0.5006 -0.8496 0.1660
vn -0.2095 -0.8702 0.4459
vn -0.2096 -0.9362 0.2820
vn -0.2480 -0.8807 0.4036
vn -0.2790 -0.7923 0.5426
vn -0.1333 -0.5557 0.8207
vn -0.1074 -0.6631 0.7407
vn 0.2892 -0.9500 -0.1174
vn 0.2697 -0.9461 -0.1793
vn 0.5564 -0.8070 -0.1979
vn -0.3934 -0.8624 0.3185
vn -0.4033 -0.8637 0.3022
vn -0.1072 -0.9882 0.1093
vn -0.5062 -0.8622 -0.0180
vn -0.4117 -0.9074 -0.0848
vn -0.0784 -0.9909 -0.1091
vn 0.3474 -0.9367 -0.0427
vn 0.3649 -0.9311 0.0035
vn 0.4586 -0.8881 -0.0318
vn 0.6435 -0.7561 0.1193
vn 0.7349 -0.5907 -0.3332
vn 0.0228 -0.9997 -0.0067
vn 0.7200 -0.6919 0.0541
vn 0.4817 -0.8741 0.0621
vn 0.5474 -0.8239 0.1468
vn 0.3274 -0.6740 -0.6623
vn 0.1708 -0.9850 -0.0249
vn 0.2244 -0.9582 -0.1773
vn -0.1132 -0.6296 -0.7686
vn -0.3201 -0.8682 -0.3792
vn -0.1812 -0.9826 -0.0408
vn -0.4929 -0.8701 0.0025
vn -0.3539 -0.8630 -0.3605
vn -0.0658 -0.8849 -0.4611
vn 0.3291 -0.8296 -0.4510
vn 0.4181 -0.7910 -0.4468
vn 0.3975 -0.7318 -0.5535
vn 0.1901 -0.9720 -0.1380
vn 0.2683 -0.9592 -0.0891
vn 0.4627 -0.8652 -0.1931
vn -0.2611 -0.9648 0.0316
vn -0.2653 -0.9641 0.0149
vn 0.2036 -0.9152 -0.3478
vn 0.6153 -0.4609 -0.6395
vn 0.6231 -0.5256 -0.5792
vn 0.6139 -0.5323 -0.5829
vn 0.5274 -0.5560 -0.6424
vn 0.5099 -0.5729 -0.6417
vn 0.5193 -0.5925 -0.6159
vn 0.5524 -0.7577 -0.3475
vn 0.5481 -0.7609 -0.3474
vn 0.5398 -0.7687 -0.3431
vn 0.0412 -0.9835 -0.1764
vn 0.0359 -0.9827 -0.1818
vn 0.0426 -0.9834 -0.1762
vn -0.0903 -0.9524 -0.2911
vn -0.0855 -0.9795 -0.1826
vn -0.1359 -0.9681 -0.2106
vn -0.1247 -0.9899 0.0671
vn -0.1234 -0.9900 0.0676
vn -0.1209 -0.9905 0.0661
vn -0.0554 -0.8919 -0.4488
vn -0.1329 -0.8740 -0.4674
vn -0.0342 -0.9216 -0.3867
vn 0.0952 -0.6488 -0.7549
vn 0.0672 -0.6765 -0.7334
vn -0.0257 -0.8152 -0.5786
vn -0.0502 -0.9861 -0.1585
vn -0.0151 -0.8622 -0.5063
vn -0.0211 -0.9538 -0.2997
vn -0.4578 -0.8453 -0.2753
vn -0.6978 -0.7061 -0.1203
vn -0.4830 -0.8635 -0.1453
vn 0.0255 -0.9434 -0.3308
vn 0.2709 -0.9238 -0.2705
vn 0.3816 -0.7305 -0.5663
vn -0.0224 -0.9735 -0.2275
vn -0.0395 -0.9694 -0.2422
vn 0.3388 -0.9154 -0.2175
vn -0.8636 -0.0346 -0.5031
vn -0.8720 -0.3686 -0.3221
vn -0.8989 -0.1809 -0.3990
vn -0.5917 -0.6061 -0.5316
vn -0.7460 -0.6083 -0.2709
vn -0.7316 -0.6131 -0.2981
vn -0.3305 -0.1429 -0.9329
vn -0.3317 -0.3526 -0.8750
vn -0.1790 -0.0942 -0.9793
vn -0.9513 -0.1745 0.2541
vn -0.9362 -0.2330 0.2630
vn -0.9551 -0.2306 0.1860
vn -0.8487 -0.4723 0.2377
vn -0.8652 -0.4401 0.2404
vn -0.8489 -0.4606 0.2592
vn -0.8441 -0.5240 -0.1138
vn -0.8632 -0.4825 -0.1483
vn -0.8637 -0.4901 -0.1178
vn -0.7269 0.2173 -0.6515
vn -0.6453 0.1923 -0.7393
vn -0.6411 0.1937 -0.7426
vn -0.9881 -0.1371 0.0692
vn -0.9656 -0.2307 0.1198
vn -0.9632 -0.2467 -0.1064
vn -0.9938 -0.0244 -0.1086
vn -0.9890 -0.1062 -0.1027
vn -0.9683 0.0225 -0.2487
vn -0.9655 -0.1190 -0.2318
vn -0.9652 -0.0892 -0.2457
vn -0.9879 -0.1269 -0.0888
vn -0.9430 0.0743 -0.3244
vn -0.9356 0.1127 -0.3345
vn -0.9459 0.1195 -0.3018
vn -0.9228 0.1306 -0.3625
vn -0.9231 0.1026 -0.3706
vn -0.9156 0.1157 -0.3851
vn -0.6777 0.3353 -0.6544
vn -0.7142 0.5584 -0.4220
vn -0.9494 0.3087 -0.0586
vn -0.4816 0.4984 -0.7209
vn -0.4568 0.5295 -0.7148
vn -0.6676 0.3086 -0.6776
vn -0.5041 0.3570 -0.7864
vn -0.4075 0.4649 -0.7860
vn -0.6127 0.3057 -0.7288
vn -0.9683 0.2490 0.0214
vn -0.9931 0.0399 0.1101
vn -0.9460 0.2971 0.1294
vn -0.9848 0.1706 0.0325
vn -0.9456 0.2684 0.1838
vn -0.9977 0.0183 0.0647
vn -0.9607 -0.0094 0.2773
vn -0.9128 0.1767 -0.3681
vn -0.9848 0.0997 0.1423
vn -0.5691 0.0024 0.8222
vn -0.9878 0.0263 -0.1537
vn -0.9934 -0.0863 -0.0755
vn -0.6717 0.2614 0.6932
vn -0.5872 0.2066 0.7827
vn -0.9999 -0.0154 -0.0061
vn -0.9085 0.4173 0.0214
vn -0.8424 0.5329 0.0794
vn -0.8029 0.4701 0.3665
vn -0.8427 0.4810 0.2419
vn -0.7160 0.6935 0.0803
vn -0.3890 0.7884 0.4766
vn -0.9382 0.3191 0.1342
vn -0.8530 0.4996 -0.1511
vn -0.9982 0.0403 0.0453
vn -0.9632 -0.0145 -0.2685
vn -0.9900 0.1402 0.0183
vn -0.9848 0.1625 0.0614
vn 0.0986 0.3691 0.9242
vn 0.1437 0.2956 0.9444
vn 0.2913 0.4918 0.8205
vn 0.0898 0.5141 0.8530
vn 0.1159 0.6677 0.7354
vn 0.2508 0.3696 0.8947
vn -0.8361 0.3248 0.4421
vn -0.3980 0.4383 0.8059
vn -0.2550 0.4310 0.8656
vn -0.9886 -0.0835 0.1252
vn -0.9796 -0.0817 0.1834
vn -0.8986 0.1646 0.4067
vn -0.8480 -0.4860 0.2114
vn -0.8385 -0.5002 0.2160
vn -0.9139 -0.3642 0.1796
vn -0.8697 -0.4562 0.1887
vn -0.8645 -0.4666 0.1870
vn -0.9054 -0.3872 0.1744
vn -0.9376 0.3101 0.1571
vn -0.9499 0.2764 0.1463
vn -0.9532 0.2825 0.1079
vn -0.6843 -0.6908 -0.2335
vn -0.7837 -0.5877 -0.2008
vn -0.8165 -0.5664 -0.1119
vn -0.7311 -0.6384 -0.2408
vn -0.6625 -0.7266 -0.1820
vn -0.6301 -0.7263 -0.2747
vn -0.9908 -0.0235 0.1332
vn -0.8725 0.0799 -0.4821
vn -0.8099 0.3244 -0.4887
vn -0.9560 -0.1593 -0.2464
vn -0.9984 -0.0398 -0.0392
vn -0.9399 -0.1756 0.2928
vn -0.9636 -0.2082 -0.1679
vn -0.9443 -0.1108 -0.3098
vn -0.9561 -0.1889 -0.2241
vn -0.3626 -0.0173 0.9318
vn -0.4265 -0.0873 0.9002
vn -0.4532 0.0977 0.8860
vn -0.3448 -0.1100 0.9322
vn -0.4894 -0.1013 0.8662
vn -0.4509 -0.1443 0.8808
vn -0.1342 0.0345 0.9904
vn -0.2389 -0.1411 0.9607
vn -0.3337 -0.2265 0.9151
vn -0.3037 -0.0998 0.9475
vn -0.2798 -0.1189 0.9527
vn -0.2773 0.0133 0.9607
vn -0.1058 -0.1605 0.9813
vn -0.2012 -0.5134 0.8342
vn -0.2830 -0.6091 0.7409
vn -0.4960 -0.0611 0.8662
vn -0.2121 -0.0207 0.9770
vn -0.2282 -0.1876 0.9554
vn -0.1805 -0.1649 0.9697
vn 0.0992 -0.2496 0.9632
vn 0.0642 -0.1914 0.9794
vn -0.2170 -0.1517 0.9643
vn -0.2597 -0.1499 0.9540
vn -0.0956 -0.1802 0.9790
vn -0.4905 -0.0917 0.8666
vn -0.4196 -0.1092 0.9011
vn -0.4294 -0.1235 0.8946
vn -0.2813 0.6022 0.7471
vn -0.2006 0.6250 0.7544
vn -0.4716 0.4916 0.7320
vn -0.1020 0.2154 0.9712
vn -0.1366 0.0735 0.9879
vn -0.0881 0.2361 0.9677
vn -0.3894 0.4769 0.7880
vn -0.3493 0.1610 0.9231
vn -0.6299 -0.0673 0.7737
vn -0.0634 0.1051 0.9924
vn 0.0882 0.2656 0.9600
vn 0.1632 0.5220 0.8372
vn -0.1547 0.0570 0.9863
vn -0.0068 -0.0739 0.9972
vn 0.0574 -0.0314 0.9979
vn -0.3355 0.2103 0.9183
vn -0.4255 0.2089 0.8805
vn -0.4748 -0.1134 0.8727
vn 0.8475 0.4244 0.3189
vn 0.3580 0.7891 0.4990
vn 0.6572 0.6835 0.3178
vn 0.3099 0.7173 0.6240
vn 0.0956 0.7359 0.6703
vn 0.1979 0.8305 0.5206
vn -0.6759 0.2287 0.7006
vn -0.1999 0.5600 0.8040
vn 0.2302 0.2374 0.9438
vn 0.8365 -0.1950 0.5121
vn 0.6612 -0.1676 0.7312
vn 0.8643 0.0439 0.5010
vn 0.5980 -0.0744 0.7981
vn 0.4392 0.0468 0.8972
vn 0.5371 -0.0227 0.8432
vn 0.6205 -0.1648 0.7667
vn 0.7770 -0.1394 0.6139
vn 0.7196 -0.2758 0.6372
vn 0.0492 0.1686 0.9845
vn 0.1073 0.1238 0.9865
vn -0.1721 0.3757 0.9106
vn 0.2831 -0.0776 0.9560
vn 0.2038 0.0463 0.9779
vn 0.5277 -0.1743 0.8314
vn 0.3885 -0.0234 0.9212
vn 0.5263 -0.0696 0.8475
vn 0.4358 -0.0952 0.8950
vn 0.9687 -0.2153 -0.1237
vn 0.8845 -0.1817 0.4297
vn 0.6539 0.3026 0.6934
vn 0.0801 -0.0336 0.9962
vn 0.3146 0.1488 0.9375
vn 0.9864 -0.0591 0.1531
vn 0.9983 0.0531 -0.0248
vn 0.9188 -0.0952 0.3832
vn 0.9999 -0.0139 0.0033
vn 0.5146 0.1804 0.8382
vn 0.5538 0.2715 0.7872
vn 0.4459 0.1648 0.8798
vn 0.3295 -0.1221 0.9362
vn 0.3445 -0.0031 0.9388
vn 0.4769 0.0185 0.8787
vn -0.0686 -0.2647 0.9619
vn -0.2502 -0.1570 0.9554
vn -0.1169 -0.2982 0.9473
vn 0.5416 -0.3627 0.7584
vn 0.4631 -0.5240 0.7148
vn 0.2433 -0.5690 0.7855
vn 0.8514 -0.4440 0.2792
vn 0.7367 -0.6728 -0.0681
vn 0.6902 -0.4268 0.5843
vn 0.6260 0.0707 0.7766
vn 0.6512 -0.0848 0.7541
vn 0.5293 0.0974 0.8428
vn 0.0207 0.4691 0.8829
vn 0.4338 0.2848 0.8548
vn -0.3031 0.3343 0.8924
vn 0.2784 -0.0257 0.9601
vn 0.2568 0.0003 0.9665
vn 0.3285 0.0148 0.9444
vn 0.0991 0.2169 0.9712
vn 0.0861 0.0433 0.9953
vn -0.0743 0.1967 0.9776
vn -0.4527 0.6504 0.6100
vn -0.3398 0.7271 0.5965
vn -0.2394 0.7886 0.5664
vn -0.2377 0.5807 0.7786
vn -0.5051 0.6657 0.5492
vn -0.6916 0.6150 0.3786
vn -0.6729 0.5717 0.4695
vn 0.1356 0.4442 0.8856
vn -0.9286 0.3712 0.0031
vn -0.5729 0.7073 0.4141
vn -0.5715 0.6728 0.4697
vn -0.3121 0.6779 0.6656
vn -0.5829 0.7704 -0.2584
vn 0.4442 0.7817 -0.4377
vn -0.1828 0.9692 0.1652
vn -0.3958 0.7852 0.4762
vn -0.5340 0.6046 0.5911
vn -0.5543 0.6179 0.5576
vn 0.1152 0.7167 0.6878
vn -0.3761 0.6632 0.6471
vn 0.2783 0.9092 0.3096
vn -0.0808 0.7268 0.6821
vn -0.0586 0.6414 0.7649
vn -0.2090 0.6504 0.7303
vn -0.1341 0.7932 0.5940
vn -0.0778 0.7835 0.6165
vn -0.0712 0.7547 0.6522
vn -0.2673 0.9058 0.3288
vn -0.2842 0.7770 0.5617
vn 0.2211 0.9596 0.1740
vn 0.1384 0.9896 0.0402
vn -0.1047 0.7505 0.6525
vn -0.0931 0.8412 0.5327
vn 0.5399 0.8405 0.0456
vn 0.3966 0.8905 -0.2230
vn 0.4015 0.8405 -0.3637
vn -0.7041 0.7013 -0.1118
vn -0.5041 0.8612 0.0648
vn 0.5372 0.8428 -0.0343
vn 0.1086 0.9535 0.2813
vn 0.0432 0.9923 0.1158
vn -0.5910 0.7980 0.1181
vn -0.1145 0.5469 0.8293
vn 0.1124 0.6373 0.7623
vn -0.4467 0.5557 0.7012
vn -0.6542 0.6619 0.3659
vn -0.7791 0.5813 -0.2348
vn -0.9573 0.2862 -0.0409
vn 0.0398 0.9922 -0.1178
vn 0.1165 0.9179 -0.3794
vn -0.1226 0.9360 -0.3301
vn -0.4748 -0.3153 0.8216
vn 0.2225 0.5740 0.7880
vn -0.4358 0.6753 0.5950
vn -0.6421 0.4808 -0.5971
vn -0.3355 0.3868 -0.8590
vn 0.3006 0.8604 -0.4116
vn 0.2435 0.8716 -0.4255
vn 0.2148 0.9748 -0.0597
vn -0.4018 0.8009 -0.4439
vn 0.1802 0.7202 -0.6700
vn 0.2096 0.7673 -0.6060
vn 0.0371 0.6956 -0.7175
vn 0.6387 0.4655 -0.6127
vn -0.5068 0.1936 -0.8401
vn 0.8462 0.1586 -0.5088
vn -0.3760 0.5154 -0.7700
vn -0.3678 0.5388 -0.7579
vn -0.8544 0.4291 -0.2931
vn -0.4669 0.5572 -0.6867
vn -0.3416 0.3878 -0.8561
vn -0.7993 0.1571 -0.5800
vn 0.0863 0.8185 -0.5680
vn 0.1355 0.7504 -0.6470
vn 0.1847 0.8156 -0.5483
vn 0.5829 0.7966 -0.1602
vn 0.6942 0.4586 -0.5547
vn 0.3297 0.7961 -0.5075
vn 0.4661 0.8110 -0.3536
vn 0.5132 0.8558 -0.0651
vn 0.4953 0.8575 -0.1389
vn 0.3108 0.7122 -0.6294
vn 0.4912 0.4796 -0.7271
vn 0.3790 0.6718 -0.6364
vn 0.7727 0.5774 -0.2638
vn 0.4563 0.5190 -0.7228
vn 0.6933 0.3873 -0.6077
vn 0.5185 0.3994 -0.7561
vn 0.7716 0.6224 -0.1312
vn 0.7300 0.6808 -0.0598
vn -0.6170 0.7857 -0.0449
vn -0.6528 0.7094 0.2658
vn -0.6399 0.7497 0.1687
vn -0.2325 0.9521 -0.1988
vn -0.3195 0.9469 0.0365
vn -0.4009 0.9151 0.0427
vn 0.4398 0.8952 -0.0715
vn 0.3727 0.7454 -0.5527
vn 0.2073 0.7275 -0.6540
vn 0.2626 0.7483 -0.6092
vn -0.2133 0.8493 -0.4830
vn 0.3840 0.6326 -0.6726
vn -0.4840 0.7506 -0.4498
vn -0.6618 0.7373 0.1358
vn -0.4309 0.8948 -0.1169
vn 0.4121 0.4479 -0.7934
vn -0.5591 0.7763 -0.2913
vn 0.2499 0.6352 -0.7308
vn 0.6125 0.1541 -0.7753
vn 0.5864 0.4872 -0.6471
vn 0.4293 0.4793 -0.7655
vn 0.4717 0.7599 -0.4473
vn -0.4270 0.8277 -0.3642
vn -0.5044 0.7725 -0.3859
vn 0.0484 0.9302 -0.3639
vn 0.1263 0.9600 -0.2498
vn 0.0204 0.9423 -0.3340
vn 0.0394 0.9220 -0.3853
vn 0.1222 0.9213 -0.3693
vn -0.0057 0.9531 -0.3025
vn -0.5341 0.0725 -0.8423
vn -0.1485 0.7241 -0.6736
vn 0.3935 0.8711 -0.2939
vn -0.3705 0.9275 0.0499
vn -0.7530 0.6238 -0.2096
vn -0.5742 0.7586 -0.3079
vn -0.3124 0.4478 0.8378
vn -0.6283 0.5847 0.5133
vn -0.7666 0.4644 0.4436
vn -0.4518 0.4051 0.7949
vn -0.5698 0.5479 0.6125
vn 0.4822 0.7225 0.4955
vn 0.0961 0.9736 -0.2070
vn -0.2083 0.9025 -0.3770
vn -0.2865 0.9538 -0.0910
vn 0.3531 0.5203 0.7776
vn 0.4217 0.5762 0.7001
vn 0.4340 0.5964 0.6752
vn -0.4274 0.7804 0.4563
vn -0.5847 0.6286 0.5128
vn -0.3617 0.7511 0.5522
vn -0.6079 0.6008 0.5191
vn -0.6153 0.6313 0.4721
vn -0.3473 0.6289 0.6955
vn -0.0245 0.0528 0.9983
vn -0.1200 0.3563 0.9266
vn 0.2682 0.1408 0.9530
vn 0.4653 0.1463 0.8730
vn 0.4736 -0.0853 0.8766
vn 0.2985 -0.0846 0.9506
vn 0.1470 -0.0328 0.9886
vn 0.0794 0.1488 0.9857
vn 0.2794 0.0866 0.9562
vn -0.3295 0.4806 0.8127
vn 0.5800 0.4067 0.7058
vn -0.2796 0.6962 0.6611
vn 0.3400 0.2020 0.9185
vn 0.3350 0.3345 0.8808
vn 0.2576 0.4647 0.8471
vn 0.5709 0.0724 0.8178
vn 0.6120 -0.0262 0.7904
vn 0.5772 0.1569 0.8014
vn -0.5894 0.5884 0.5535
vn 0.6554 0.4020 0.6394
vn 0.0485 0.9584 0.2812
vn -0.4794 0.3761 0.7930
vn -0.4317 0.1045 0.8959
vn -0.2563 0.5260 0.8109
vn -0.3169 0.6606 0.6806
vn -0.3805 0.6129 0.6925
vn -0.1134 0.8449 0.5227
vn -0.4774 -0.2203 0.8506
vn -0.4650 -0.1388 0.8743
vn -0.4468 -0.2231 0.8664
vn -0.3964 -0.0923 0.9134
vn -0.3781 -0.1035 0.9200
vn -0.4038 -0.0755 0.9117
vn -0.3607 0.2979 0.8838
vn -0.3661 0.1441 0.9194
vn -0.4943 0.1986 0.8463
vn -0.9871 0.0180 -0.1590
vn -0.9997 -0.0082 -0.0216
vn -0.9963 -0.0803 -0.0303
vn -0.8770 0.0297 -0.4796
vn -0.8772 0.0317 -0.4790
vn -0.9036 0.2857 -0.3191
vn -0.9367 -0.2732 0.2191
vn -0.9416 -0.2605 0.2134
vn -0.9341 -0.2740 0.2291
vn -0.6637 0.3515 0.6602
vn -0.1614 0.5482 0.8206
vn -0.1150 0.4940 0.8618
vn -0.9831 -0.1093 0.1467
vn -0.9883 0.0092 0.1523
vn -0.7302 0.2417 0.6391
vn -0.8348 0.4083 0.3694
vn -0.7894 0.2329 0.5679
vn -0.7896 0.1132 0.6031
vn -0.9229 0.1808 0.3400
vn -0.9578 0.2140 0.1921
vn -0.9319 0.2956 0.2101
vn -0.7678 0.1156 -0.6301
vn -0.4092 0.2706 -0.8714
vn -0.7471 0.1375 -0.6503
vn -0.9067 0.0472 -0.4192
vn -0.9377 -0.0277 -0.3464
vn -0.9105 -0.0054 -0.4135
vn -0.6403 0.4764 -0.6025
vn -0.5886 0.3385 -0.7341
vn -0.5317 0.1678 -0.8302
vn -0.9851 -0.1690 -0.0313
vn -0.9821 -0.1849 -0.0364
vn -0.9792 -0.1971 -0.0486
vn 0.0351 0.3567 -0.9336
vn -0.2247 0.4295 -0.8746
vn -0.2406 0.5325 -0.8115
vn 0.3872 -0.8067 -0.4465
vn -0.0092 -0.9585 -0.2848
vn -0.4238 -0.9055 -0.0189
vn 0.0337 -0.9582 -0.2839
vn 0.0025 -0.9568 -0.2906
vn 0.0052 -0.9667 -0.2557
vn -0.0060 -0.9993 0.0372
vn 0.0377 -0.9989 0.0270
vn 0.0403 -0.9991 -0.0143
vn 0.6040 -0.7479 -0.2754
vn 0.6797 -0.6661 -0.3071
vn 0.6932 -0.6013 -0.3975
vn 0.2557 -0.9167 -0.3071
vn 0.2384 -0.8634 -0.4447
vn 0.2257 -0.8943 -0.3864
vn 0.2577 -0.9357 -0.2409
vn 0.3510 -0.8284 -0.4365
vn 0.4909 -0.7797 -0.3887
vn 0.5926 -0.5874 0.5512
vn 0.5775 -0.6469 0.4980
vn 0.5541 -0.5877 0.5896
vn 0.2823 -0.9525 0.1140
vn 0.3763 -0.9250 -0.0528
vn 0.5407 -0.8404 0.0378
vn 0.3454 -0.8302 0.4377
vn 0.3443 -0.8373 0.4247
vn 0.2740 -0.6653 0.6945
vn -0.4016 -0.8927 -0.2046
vn -0.5139 -0.8578 0.0090
vn -0.6437 -0.7646 0.0311
vn -0.2655 -0.9613 0.0734
vn -0.1737 -0.9814 0.0812
vn 0.1166 -0.9931 0.0131
vn -0.2535 -0.9658 0.0541
vn -0.3630 -0.9298 0.0600
vn -0.3876 -0.8892 0.2433
vn 0.8047 0.3911 -0.4466
vn 0.7595 0.4251 -0.4925
vn 0.6868 -0.4195 -0.5936
vn 0.7997 -0.4780 -0.3632
vn 0.7800 -0.4356 -0.4493
vn 0.7623 -0.4242 -0.4888
vn 0.8837 -0.1658 -0.4377
vn 0.8794 -0.2167 -0.4238
vn 0.8846 -0.2447 -0.3970
vn 0.8552 0.4536 -0.2508
vn 0.5549 0.7501 -0.3598
vn 0.2385 0.9063 -0.3488
vn 0.8471 0.3396 -0.4087
vn 0.8470 0.3084 -0.4331
vn 0.8475 0.3439 -0.4044
vn 0.7096 -0.3449 0.6144
vn 0.8476 0.0566 0.5276
vn 0.8863 0.0969 0.4528
vn 0.0529 0.4911 0.8695
vn 0.0528 0.5172 0.8542
vn 0.0561 0.5515 0.8323
vn 0.7432 0.4168 0.5234
vn 0.9698 -0.2411 0.0377
vn 0.7329 0.1201 0.6697
vn 0.2015 0.1852 0.9618
vn 0.2130 0.2477 0.9451
vn 0.0543 0.6087 0.7915
vn 0.7687 -0.0057 0.6396
vn 0.8103 0.0779 0.5808
vn 0.8737 0.0956 0.4771
vn 0.8450 -0.2827 0.4540
vn 0.8831 -0.1828 0.4320
vn 0.9183 -0.1685 0.3583
vn 0.7933 -0.5722 0.2080
vn 0.7938 -0.5707 0.2104
vn 0.8651 -0.4436 0.2342
vn 0.1782 0.0995 -0.9790
vn -0.1779 -0.0459 -0.9830
vn -0.1367 -0.0965 -0.9859
vn -0.1407 -0.1266 -0.9819
vn -0.2546 -0.1138 -0.9603
vn -0.2603 -0.1259 -0.9573
vn -0.2699 -0.4269 -0.8631
vn -0.5896 -0.4322 -0.6823
vn -0.6477 -0.5150 -0.5614
vn 0.4758 -0.0908 -0.8748
vn 0.0757 0.1611 -0.9840
vn 0.0523 0.2188 -0.9744
vn 0.3726 0.0862 -0.9240
vn -0.0766 0.1792 -0.9808
vn -0.0674 0.1932 -0.9788
vn -0.5478 0.2973 -0.7820
vn -0.6860 0.4134 -0.5987
vn -0.5176 0.5175 -0.6814
vn -0.2540 0.6799 -0.6879
vn -0.1761 0.5827 -0.7934
vn 0.2476 0.6113 -0.7517
vn 0.7148 0.0159 -0.6992
vn 0.6210 0.2120 -0.7546
vn 0.3562 0.3896 -0.8493
vn 0.1507 0.1415 -0.9784
vn 0.2079 0.0010 -0.9782
vn 0.3474 -0.0457 -0.9366
vn 0.5798 -0.7985 -0.1619
vn 0.7610 -0.6488 -0.0044
vn 0.6609 -0.7403 -0.1233
vn 0.5447 -0.1047 -0.8321
vn 0.6838 0.1344 -0.7171
vn 0.5630 -0.0991 -0.8205
vn 0.5121 -0.1590 -0.8441
vn 0.5113 -0.1591 -0.8445
vn 0.4279 -0.1786 -0.8860
vn 0.3922 -0.2053 -0.8967
vn 0.2617 -0.3550 -0.8975
vn 0.4467 -0.7626 -0.4679
vn -0.0020 0.6640 -0.7478
vn -0.0627 0.7856 -0.6155
vn -0.2726 0.7227 -0.6352
vn -0.5421 0.1493 -0.8270
vn -0.5336 0.7623 -0.3662
vn -0.8558 0.5157 -0.0404
vn -0.6074 0.0991 -0.7882
vn -0.8623 0.1159 -0.4929
vn -0.8903 0.0305 -0.4544
vn 0.8562 0.2483 0.4530
vn 0.9416 -0.0418 0.3342
vn 0.4225 0.2729 0.8643
vn 0.9820 -0.1884 -0.0088
vn 0.7500 -0.1318 0.6482
vn 0.8721 -0.2399 0.4265
vn 0.9182 0.0546 -0.3923
vn 0.9424 0.1339 -0.3065
vn 0.9035 0.3616 -0.2302
vn 0.9387 -0.1073 -0.3276
vn 0.9272 -0.1892 -0.3234
vn 0.9376 0.0882 -0.3363
vn 0.1201 -0.6906 0.7132
vn 0.0293 -0.7132 0.7004
vn -0.1471 -0.5745 0.8052
vn 0.7860 -0.6173 -0.0354
vn 0.8058 -0.5918 -0.0202
vn 0.7521 -0.6589 -0.0142
vn 0.3070 -0.8661 -0.3945
vn 0.2682 -0.8894 -0.3703
vn 0.2872 -0.8964 -0.3376
vn -0.5386 -0.8410 0.0506
vn -0.5189 -0.8333 -0.1904
vn -0.5738 -0.7649 -0.2926
vn -0.7368 -0.0458 -0.6745
vn -0.5951 0.3656 -0.7157
vn -0.8559 -0.0141 -0.5169
vn -0.7613 0.2733 -0.5880
vn -0.7439 0.3168 -0.5884
vn -0.7668 0.3184 -0.5574
vn -0.9597 -0.0058 0.2809
vn -0.9347 -0.0122 0.3553
vn -0.9304 0.1261 0.3441
vn -0.9830 -0.1726 -0.0619
vn -0.9768 -0.2136 -0.0182
vn -0.9785 -0.1981 -0.0570
vn -0.7519 -0.1686 0.6374
vn -0.1895 -0.5045 0.8423
vn -0.2558 -0.0732 0.9640
vn -0.0545 0.5065 0.8605
vn -0.2117 0.6729 0.7088
vn -0.0279 0.5352 0.8443
vn 0.2219 0.8554 0.4680
vn 0.1448 0.9219 0.3593
vn 0.2476 0.7330 0.6336
vn 0.6139 -0.2944 0.7325
vn 0.6149 -0.1718 0.7697
vn 0.7003 -0.1249 0.7028
vn 0.2483 0.8818 0.4009
vn 0.2397 0.9190 0.3131
vn 0.3416 0.9275 0.1518
vn -0.1264 0.5451 0.8288
vn 0.1110 0.5548 0.8245
vn 0.2168 0.3636 0.9060
vn -0.6577 0.5390 -0.5261
vn -0.2967 0.8132 -0.5007
vn -0.7589 0.6456 -0.0850
vn -0.2094 0.8816 -0.4231
vn -0.4625 0.8174 -0.3434
vn -0.0249 0.7422 -0.6698
vn 0.0537 0.7061 -0.7061
vn -0.9442 0.3210 0.0739
vn 0.2548 0.4503 0.8557
vn 0.3470 0.9218 0.1731
vn 0.6123 -0.2667 0.7443
vn 0.4629 0.7048 0.5375
vn 0.2538 0.5014 0.8272
vn -0.5205 0.3341 0.7858
vn -0.9765 -0.1809 -0.1170
vn -0.9734 0.2091 0.0932
vn -0.7834 0.3223 -0.5314
vn -0.8870 -0.1524 -0.4358
vn -0.5724 -0.8198 -0.0128
vn 0.3899 -0.8629 -0.3214
vn 0.7218 -0.6836 -0.1082
vn -0.2587 -0.8013 0.5395
vn 0.9305 0.0811 -0.3571
vn 0.5256 0.3985 -0.7516
vn 0.9631 -0.2178 0.1582
vn 0.0223 0.2904 0.9566
vn -0.5264 0.3235 -0.7863
vn -0.3348 0.3531 -0.8736
vn -0.4130 0.5739 -0.7072
vn 0.4030 -0.8900 -0.2132
vn 0.3507 -0.1944 -0.9161
vn 0.3855 0.2135 -0.8977
vn 0.6393 -0.7538 -0.1519
vn 0.3013 0.2367 -0.9237
vn 0.4110 0.0648 -0.9093
vn 0.0401 0.7872 -0.6154
vn -0.4877 0.5222 -0.6996
vn 0.4602 0.1599 -0.8733
vn 0.4928 0.1319 -0.8601
vn -0.1775 -0.3870 -0.9048
vn -0.0185 -0.0375 -0.9991
vn 0.2707 -0.0151 -0.9626
vn 0.9067 -0.3905 0.1594
vn 0.8809 -0.1783 0.4384
vn 0.9558 -0.1881 0.2261
vn -0.2319 0.0960 0.9680
vn 0.1732 0.2796 0.9444
vn 0.0231 0.5324 0.8462
vn 0.9805 -0.0407 0.1923
vn 0.8585 0.3413 -0.3828
vn 0.8016 0.5127 -0.3075
vn 0.9089 -0.1616 -0.3845
vn 0.7704 -0.4252 -0.4751
vn 0.7195 -0.4111 -0.5597
vn -0.2451 -0.8937 0.3759
vn -0.0836 -0.9734 -0.2135
vn -0.6683 -0.7425 -0.0452
vn 0.3919 -0.8006 0.4533
vn 0.2680 -0.9493 -0.1641
vn 0.5390 -0.5378 0.6483
vn 0.5636 -0.7781 -0.2774
vn 0.2278 -0.9009 -0.3695
vn 0.5180 -0.6982 -0.4942
vn 0.0681 -0.9971 0.0338
vn 0.0080 -0.9745 -0.2241
vn -0.3310 -0.9416 0.0618
vn -0.2760 0.3829 -0.8816
vn -0.9880 -0.1288 -0.0857
vn -0.6344 0.1671 -0.7547
vn -0.8632 0.0159 -0.5046
vn -0.9952 0.0720 0.0668
vn -0.9334 0.2681 0.2384
vn -0.7278 0.3911 0.5633
vn -0.8371 0.2759 0.4724
vn -0.5891 0.2408 0.7714
vn -0.9560 -0.2425 0.1652
vn -0.9909 0.1001 0.0896
vn -0.9626 -0.0269 -0.2696
vn -0.5976 0.2061 0.7748
vn -0.4916 -0.0761 0.8675
vn -0.3342 -0.2401 0.9114
vn 0.0115 0.7579 0.6523
vn -0.5596 0.4992 0.6615
vn -0.8384 0.5254 0.1453
vn 0.4940 0.2016 0.8457
vn 0.9316 0.3611 0.0411
vn -0.6095 0.5638 0.5574
vn 0.2414 0.0911 0.9662
vn 0.0603 -0.0071 0.9982
vn 0.3011 -0.1774 0.9369
vn -0.3493 0.6274 0.6960
vn -0.3128 0.7953 0.5193
vn 0.3298 0.4639 0.8222
vn -0.2020 0.9657 -0.1635
vn 0.4901 0.7379 0.4640
vn -0.5857 0.4144 0.6966
vn 0.4775 0.5895 -0.6515
vn -0.3080 0.4921 -0.8142
vn -0.2113 0.8860 -0.4127
vn 0.0117 0.9483 -0.3173
vn -0.2561 0.6521 -0.7136
vn 0.0738 0.7734 -0.6296
vn 0.5558 0.1654 -0.8147
vn 0.2183 0.7711 -0.5981
vn 0.4365 0.5245 -0.7310
vn -0.1958 0.9711 -0.1367
vn -0.3999 0.8511 -0.3400
vn -0.4842 0.7506 -0.4497
vn 0.5698 0.7905 -0.2244
vn 0.6699 0.5471 -0.5019
vn 0.2539 0.8452 -0.4702
vn 0.5207 0.7888 -0.3266
vn 0.5143 0.7208 -0.4647
vn -0.0862 0.8667 -0.4914
vn -0.6518 -0.1254 -0.7480
vn -0.7808 0.2043 -0.5904
vn 0.3723 0.8677 -0.3293
vn -0.6075 0.7932 0.0424
vn -0.0349 0.7273 -0.6854
vn -0.5841 0.7499 -0.3106
vn -0.3253 0.4364 0.8389
vn -0.5075 0.7586 0.4086
vn -0.9020 0.3808 0.2035
vn -0.3684 0.4747 0.7993
vn -0.5791 0.8076 -0.1112
vn 0.4916 0.8657 -0.0942
vn 0.1522 0.9652 -0.2127
vn 0.1590 0.9796 0.1225
vn 0.0468 0.8724 0.4865
vn -0.1900 0.7135 0.6744
vn -0.0692 0.7722 0.6316
vn 0.5980 0.7694 0.2245
vn -0.5208 0.7828 0.3404
vn -0.2864 0.8511 0.4399
vn -0.3625 0.7419 0.5640
vn -0.9492 0.3117 -0.0443
vn -0.7477 0.5582 0.3597
vn -0.3198 0.6910 0.6482
vn 0.1074 0.2452 0.9635
vn -0.3475 0.1352 0.9279
vn 0.3496 0.1557 0.9239
vn 0.4699 0.1256 0.8737
vn 0.5241 -0.2848 0.8026
vn 0.0526 -0.5195 0.8528
vn 0.0892 -0.4581 0.8844
vn 0.5464 -0.0711 0.8345
vn 0.5455 0.1320 0.8276
vn 0.2349 0.0975 0.9671
vn 0.9989 0.0127 -0.0449
vn -0.9831 -0.1017 -0.1523
vn 0.3430 -0.0573 0.9376
vn 0.1258 -0.1642 0.9784
vn -0.2805 0.2588 0.9243
vn 0.5684 -0.2646 0.7791
vn 0.7643 -0.4339 0.4771
vn 0.8918 0.0132 0.4523
vn -0.6092 0.1345 0.7816
vn 0.7698 0.1616 0.6175
vn 0.5104 0.8574 -0.0656
vn -0.5136 -0.1010 0.8521
vn -0.0707 0.0064 0.9975
vn 0.2666 0.4798 0.8359
vn -0.8923 0.1600 0.4222
vn -0.1641 0.2096 0.9639
vn -0.4276 0.8520 0.3022
vn -0.4767 -0.1162 0.8713
vn -0.1805 -0.1663 0.9694
vn -0.1592 -0.1684 0.9728
vn -0.3874 -0.1444 0.9105
vn -0.2970 -0.3987 0.8676
vn -0.2116 -0.0949 0.9727
vn -0.3518 0.3394 0.8724
vn -0.3287 -0.1786 0.9274
vn -0.4802 0.0986 0.8716
vn -0.9542 -0.1170 -0.2754
vn -0.9807 -0.1181 0.1560
vn -0.9720 0.1694 0.1632
vn -0.7845 -0.4445 -0.4324
vn -0.7025 -0.6929 -0.1624
vn -0.8874 0.4606 0.0186
vn -0.8531 -0.4716 0.2231
vn -0.9079 -0.3950 0.1406
vn -0.8713 -0.1463 0.4684
vn -0.6815 0.2894 0.6722
vn 0.1561 0.4461 0.8812
vn 0.1966 0.5167 0.8333
vn -0.9845 0.1575 0.0770
vn -0.9598 0.2038 0.1929
vn 0.0903 0.5202 0.8493
vn -0.9040 0.2927 0.3118
vn -0.4144 0.1921 0.8896
vn -0.9887 -0.0328 -0.1461
vn -0.7825 -0.3179 0.5355
vn -0.9686 0.2478 0.0189
vn -0.9058 0.4216 0.0410
vn -0.6487 0.2970 -0.7007
vn -0.7125 0.2262 -0.6642
vn -0.9756 0.2085 0.0690
vn -0.8999 0.1243 -0.4180
vn -0.9497 0.1153 -0.2913
vn -0.9808 -0.1044 -0.1648
vn -0.8349 0.0249 -0.5498
vn -0.9205 -0.3168 -0.2287
vn -0.6403 0.1940 -0.7432
vn -0.7849 -0.6192 -0.0225
vn -0.8256 -0.4982 0.2650
vn -0.9857 -0.1506 0.0752
vn 0.0326 0.1424 -0.9893
vn -0.6326 -0.2766 -0.7234
vn -0.8093 0.2676 -0.5229
vn 0.2938 -0.8206 -0.4902
vn 0.5143 -0.7378 -0.4371
vn -0.4230 -0.9020 -0.0862
vn -0.1147 -0.9429 -0.3128
vn -0.0696 -0.8888 -0.4531
vn -0.0253 -0.9386 -0.3440
vn -0.1483 -0.9873 0.0574
vn -0.0605 -0.9830 -0.1735
vn 0.0469 -0.9850 -0.1660
vn 0.5951 -0.7544 -0.2770
vn 0.4897 -0.5330 -0.6900
vn 0.6826 -0.5273 -0.5060
vn 0.1125 -0.9423 -0.3152
vn 0.2236 -0.8687 -0.4421
vn 0.1735 -0.7212 -0.6706
vn -0.0288 -0.9432 -0.3310
vn -0.1139 -0.6621 -0.7407
vn 0.2138 -0.9327 -0.2905
vn 0.5278 -0.7379 0.4205
vn 0.0064 -0.9974 -0.0722
vn 0.4603 -0.8876 -0.0148
vn -0.0817 -0.9966 -0.0066
vn 0.0116 -0.9730 0.2305
vn 0.3573 -0.9047 0.2323
vn -0.2136 -0.8064 0.5514
vn -0.0895 -0.7874 0.6099
vn 0.4561 -0.8492 0.2660
vn -0.0070 -0.9804 -0.1967
vn -0.1380 -0.9712 0.1943
vn -0.4701 -0.7697 0.4320
vn -0.4188 -0.9065 0.0531
vn -0.2255 -0.9715 0.0727
vn 0.1101 -0.9927 0.0498
vn -0.5218 -0.8473 0.0991
vn -0.5780 -0.7461 -0.3306
vn -0.2593 -0.8935 -0.3667
vn 0.7999 -0.0169 -0.5999
vn 0.4693 0.0350 -0.8823
vn 0.5017 -0.5830 -0.6391
vn 0.7736 -0.5105 -0.3754
vn 0.5277 -0.2959 -0.7963
vn 0.3870 -0.3483 -0.8538
vn 0.8869 -0.1523 -0.4362
vn 0.8558 -0.2732 -0.4394
vn 0.8876 -0.3880 -0.2482
vn 0.8603 0.4421 -0.2540
vn 0.8310 0.2891 -0.4752
vn 0.0670 0.8788 -0.4725
vn 0.9127 -0.0482 -0.4059
vn 0.7928 -0.2932 -0.5344
vn 0.8208 0.3479 -0.4530
vn 0.8809 0.3999 0.2530
vn 0.9960 0.0675 0.0591
vn 0.9495 0.2872 -0.1262
vn 0.3064 0.1548 0.9392
vn 0.9754 0.2206 0.0049
vn 0.2896 0.9468 -0.1401
vn 0.8399 0.0693 0.5383
vn 0.3990 0.3928 -0.8285
vn 0.9406 -0.2621 -0.2159
vn 0.7047 -0.2498 0.6641
vn 0.7959 0.0704 0.6013
vn 0.0312 0.5468 0.8367
vn 0.7641 -0.0764 0.6405
vn 0.7253 -0.1623 0.6690
vn 0.6179 0.7040 0.3500
vn 0.5912 -0.6541 0.4719
vn 0.9165 -0.3906 -0.0860
vn 0.9872 -0.1450 0.0664
vn 0.5689 -0.8145 -0.1137
vn 0.4100 -0.8477 0.3366
vn 0.9077 -0.3164 0.2755
vn 0.1656 -0.1084 -0.9802
vn -0.4888 -0.2366 -0.8397
vn -0.4539 -0.1473 -0.8788
vn -0.1316 -0.2142 -0.9679
vn -0.3211 -0.0042 -0.9470
vn -0.5146 -0.0456 -0.8562
vn -0.1532 -0.6707 -0.7257
vn -0.1052 -0.6262 -0.7725
vn -0.5049 -0.0458 -0.8620
vn 0.4775 -0.0873 -0.8743
vn -0.3017 0.0914 -0.9490
vn -0.1690 0.2410 -0.9557
vn 0.3888 0.1905 -0.9014
vn -0.4848 0.2219 -0.8460
vn -0.3948 0.1527 -0.9060
vn -0.5381 0.3348 -0.7736
vn 0.0162 0.3189 -0.9477
vn -0.0440 0.4008 -0.9151
vn 0.3671 0.0955 -0.9253
vn -0.1877 0.2429 -0.9517
vn 0.2907 0.5880 -0.7548
vn 0.7289 -0.3348 -0.5972
vn 0.1163 0.0961 -0.9886
vn 0.1267 0.4816 -0.8672
vn 0.3428 -0.3927 -0.8534
vn 0.6510 -0.4444 -0.6154
vn 0.3827 -0.0546 -0.9223
vn 0.5971 -0.0989 -0.7960
vn 0.7886 -0.2107 -0.5777
vn -0.0697 -0.3042 -0.9501
vn 0.5512 -0.3530 -0.7560
vn 0.9886 -0.0381 -0.1459
vn 0.8941 0.0253 -0.4472
vn 0.5124 -0.2262 -0.8284
vn 0.5720 -0.0970 -0.8145
vn 0.5579 -0.0019 -0.8299
vn 0.2627 0.1090 -0.9587
vn 0.4086 0.2192 -0.8860
vn 0.6384 -0.7696 -0.0119
vn 0.3286 0.1439 -0.9334
vn 0.2218 0.2341 -0.9466
vn -0.5653 0.5562 -0.6092
vn -0.5456 0.4847 -0.6836
vn 0.1577 0.2929 -0.9430
vn -0.3432 0.2274 -0.9113
vn -0.6032 0.1365 -0.7858
vn -0.3786 0.0397 -0.9247
vn -0.2477 0.1758 -0.9527
vn 0.8668 0.2336 0.4405
vn 0.8403 0.1241 0.5277
vn 0.7764 -0.2862 0.5616
vn 0.9370 0.2589 0.2344
vn 0.2882 0.1526 0.9453
vn 0.0431 0.4880 0.8718
vn 0.8745 -0.4522 -0.1751
vn 0.9616 0.0675 -0.2660
vn 0.8384 0.4605 -0.2917
vn 0.8453 -0.4326 -0.3134
vn 0.7782 -0.4620 -0.4255
vn 0.8285 -0.1922 -0.5259
vn 0.1496 -0.6960 0.7023
vn 0.1728 -0.9628 -0.2079
vn -0.0029 -0.9108 0.4128
vn 0.5265 -0.8489 0.0462
vn 0.6362 -0.6846 0.3558
vn 0.7355 -0.4522 0.5046
vn 0.0095 -0.9414 -0.3371
vn 0.3028 -0.8409 -0.4485
vn 0.2261 -0.7525 -0.6186
vn -0.3530 -0.9331 0.0684
vn -0.0905 -0.9562 -0.2784
vn 0.2714 -0.7346 -0.6219
vn -0.6954 -0.1749 -0.6970
vn -0.7103 0.3862 -0.5885
vn -0.9470 0.0396 -0.3187
vn -0.8402 -0.0121 -0.5422
vn -0.9899 -0.0615 -0.1277
vn -0.8406 0.4608 -0.2847
vn -0.9480 -0.1953 0.2513
vn -0.9008 0.1364 0.4122
vn -0.9283 0.1272 0.3494
vn -0.9368 -0.3416 -0.0760
vn -0.9161 -0.3011 0.2647
vn -0.6231 0.4074 0.6676
vn -0.7406 -0.5129 0.4341
vn 0.0510 -0.5259 0.8490
vn 0.0298 -0.4360 0.8994
vn -0.1026 0.4563 0.8839
vn -0.9050 0.4247 0.0256
vn -0.7275 0.6683 0.1552
vn 0.2331 0.8036 0.5476
vn 0.6807 0.6129 0.4013
vn 0.4018 0.7830 0.4748
vn 0.6063 0.0680 0.7923
vn 0.4201 0.2070 0.8835
vn 0.5867 -0.1526 0.7953
vn 0.0847 0.8881 0.4518
vn -0.0817 0.9303 0.3575
vn 0.1645 0.9853 0.0453
vn -0.5238 0.4814 0.7028
vn 0.1880 0.6349 0.7494
vn -0.0724 0.4813 0.8735
vn -0.2501 0.8204 -0.5142
vn 0.3749 0.9160 0.1429
vn -0.5899 0.6859 0.4262
vn -0.2069 0.8814 -0.4247
vn -0.3144 0.8799 -0.3563
vn 0.0490 0.9252 -0.3764
vn -0.5267 0.8128 -0.2488
vn -0.5030 0.8576 -0.1074
vn -0.0492 0.9983 -0.0308
vn -0.1042 0.9141 -0.3918
vn 0.1412 0.6997 -0.7003
vn -0.3426 0.7031 -0.6231
vn -0.0110 0.9260 -0.3774
vn -0.0980 0.8893 -0.4467
vn -0.3657 0.8174 -0.4451
vn -0.0437 0.9757 0.2148
vn 0.1724 0.9793 -0.1061
vn -0.1834 0.9669 0.1777
vn 0.5966 0.7146 -0.3653
vn 0.6771 0.7358 -0.0091
vn 0.6885 0.7079 -0.1576
vn -0.0266 0.7343 -0.6783
vn 0.3038 0.7408 -0.5991
vn 0.2220 0.9750 -0.0126
vn 0.3105 0.6597 0.6844
vn -0.1149 0.4355 0.8928
vn -0.5435 0.3115 0.7795
vn -0.0453 0.6963 0.7163
vn 0.1808 0.7643 0.6191
vn 0.3278 0.6919 0.6433
vn -0.4140 0.8253 0.3841
vn -0.1998 0.8080 0.5542
vn -0.1521 0.5477 0.8227
vn 0.2304 0.9178 0.3233
vn 0.4104 0.6570 0.6323
vn 0.1674 0.6176 0.7685
vn -0.1696 0.8692 0.4645
vn -0.2012 0.8651 0.4595
vn -0.1463 0.9164 0.3726
vn 0.1178 0.6302 0.7674
vn 0.0036 0.8445 0.5355
vn -0.0311 0.9071 0.4197
vn 0.4686 -0.1993 0.8606
vn 0.5144 -0.1447 0.8453
vn 0.4321 -0.0372 0.9010
vn 0.5400 0.0889 0.8369
vn 0.4672 0.2262 0.8548
vn 0.4724 0.1946 0.8596
vn 0.4668 0.1493 0.8717
vn 0.4296 0.1386 0.8923
vn 0.5651 0.2681 0.7802
vn 0.3213 0.8783 0.3540
vn 0.2121 0.4932 0.8437
vn 0.1331 0.7659 0.6291
vn 0.8088 0.3981 0.4329
vn 0.8982 0.2709 0.3462
vn 0.7403 0.3779 0.5560
vn 0.3029 0.7531 0.5840
vn 0.1959 0.6853 0.7014
vn 0.1815 0.8754 0.4480
vn -0.7999 0.6002 -0.0055
vn -0.7278 0.6692 0.1496
vn -0.7201 0.6722 0.1720
vn -0.7544 0.6435 0.1299
vn -0.7413 0.4981 0.4498
vn -0.7825 0.4795 0.3972
vn 0.1358 0.7715 0.6215
vn -0.4644 0.8352 0.2948
vn -0.3288 0.5299 0.7818
vn 0.0562 -0.4497 0.8914
vn -0.1248 -0.2647 0.9562
vn -0.0513 -0.3542 0.9338
vn -0.2443 -0.1641 0.9557
vn -0.4540 -0.0967 0.8857
vn -0.2611 -0.1602 0.9519
vn -0.3917 -0.4105 0.8234
vn -0.3394 -0.3269 0.8820
vn -0.1889 -0.6207 0.7610
vn -0.8230 0.1919 0.5347
vn -0.5378 0.0754 0.8397
vn -0.5010 0.3109 0.8077
vn -0.8566 -0.1961 0.4773
vn -0.6350 -0.0350 0.7717
vn -0.6326 0.0873 0.7695
vn -0.9564 -0.2896 0.0382
vn -0.9205 -0.3871 0.0536
vn -0.9097 -0.4137 -0.0350
vn -0.8869 0.0075 0.4620
vn -0.8275 0.0657 0.5576
vn -0.8460 0.1073 0.5223
vn -0.9649 0.2627 0.0062
vn -0.9258 0.2865 0.2467
vn -0.8943 0.1365 0.4262
vn -0.9121 -0.0211 0.4095
vn -0.9990 -0.0414 0.0171
vn -0.9241 -0.1020 0.3683
vn -0.8878 0.3540 -0.2942
vn -0.8256 0.4547 -0.3341
vn -0.7291 0.6059 -0.3182
vn -0.9862 -0.0608 -0.1540
vn -0.9995 -0.0072 0.0310
vn -0.9866 -0.0603 0.1513
vn -0.8539 -0.0082 -0.5204
vn -0.8596 -0.0395 -0.5095
vn -0.8453 -0.0396 -0.5328
vn -0.8268 0.3656 -0.4275
vn -0.8127 0.3938 -0.4294
vn -0.9366 0.1072 -0.3337
vn -0.7235 0.2318 -0.6502
vn -0.8567 0.1705 -0.4869
vn -0.7825 0.3474 -0.5167
vn -0.4185 -0.0513 -0.9068
vn -0.3140 0.1432 -0.9386
vn -0.5502 0.2352 -0.8012
vn -0.0338 -0.8868 -0.4609
vn 0.3902 -0.7153 -0.5797
vn 0.2629 -0.7164 -0.6463
vn -0.0470 -0.9806 -0.1901
vn -0.0211 -0.9808 -0.1936
vn 0.0328 -0.9528 -0.3017
vn -0.0501 -0.9958 0.0767
vn -0.0957 -0.9944 -0.0448
vn -0.2178 -0.9677 -0.1270
vn 0.2358 -0.8142 -0.5306
vn 0.3516 -0.7483 -0.5626
vn 0.3395 -0.6789 -0.6511
vn 0.3367 -0.8758 -0.3459
vn 0.3899 -0.8549 -0.3422
vn 0.4186 -0.7718 -0.4787
vn 0.3480 -0.9044 -0.2469
vn 0.3389 -0.8951 -0.2897
vn 0.2015 -0.9110 -0.3597
vn 0.7089 -0.5265 0.4693
vn 0.7198 -0.5795 0.3822
vn 0.6584 -0.5612 0.5016
vn 0.7160 -0.6743 0.1809
vn 0.7173 -0.6470 0.2586
vn 0.6252 -0.7282 0.2808
vn 0.6262 -0.7475 0.2216
vn 0.6378 -0.7289 0.2489
vn 0.6288 -0.7754 0.0581
vn 0.2464 -0.9585 0.1432
vn -0.0828 -0.9963 0.0249
vn -0.3315 -0.9020 0.2765
vn 0.2093 -0.9484 -0.2383
vn 0.2202 -0.8849 -0.4105
vn 0.1612 -0.9491 -0.2705
vn -0.0346 -0.8500 0.5256
vn -0.1379 -0.8945 0.4252
vn -0.0585 -0.7038 0.7080
vn 0.8334 0.1043 -0.5427
vn 0.7897 0.3870 -0.4760
vn 0.7466 -0.3978 -0.5332
vn 0.8242 -0.4732 -0.3112
vn 0.8520 -0.3963 -0.3422
vn 0.8443 -0.0982 -0.5267
vn 0.8359 -0.4150 -0.3593
vn 0.8308 -0.4581 -0.3161
vn 0.8180 -0.4881 -0.3043
vn 0.9599 0.1172 -0.2548
vn 0.9676 0.0750 -0.2411
vn 0.7917 0.3549 -0.4972
vn 0.9268 0.3220 -0.1931
vn 0.9187 0.3530 -0.1773
vn 0.9165 0.2926 -0.2728
vn 0.9269 -0.2444 -0.2847
vn 0.9519 0.2800 0.1246
vn 0.9478 0.0445 -0.3156
vn 0.1848 0.2963 0.9371
vn 0.1500 0.5332 0.8326
vn 0.1513 0.5464 0.8237
vn 0.2414 0.1347 0.9610
vn 0.4509 0.2322 0.8618
vn 0.2619 0.3830 0.8859
vn -0.1598 0.5376 0.8279
vn -0.3879 0.2674 0.8821
vn 0.4271 0.2706 0.8628
vn 0.9398 -0.1157 0.3215
vn 0.8347 -0.0851 0.5440
vn 0.9316 -0.1889 0.3104
vn 0.8133 0.2457 0.5275
vn 0.8393 0.1061 0.5332
vn 0.7976 0.0170 0.6030
vn 0.8000 0.3462 0.4901
vn 0.7444 0.3655 0.5589
vn 0.8343 0.1665 0.5256
vn -0.3252 0.1626 -0.9316
vn 0.3322 0.1318 -0.9340
vn 0.4206 0.1308 -0.8978
vn -0.5177 0.0716 -0.8526
vn 0.2048 0.0190 -0.9786
vn 0.2698 0.0055 -0.9629
vn -0.2569 -0.2814 -0.9246
vn -0.8115 -0.0115 -0.5842
vn -0.8935 0.0162 -0.4488
vn 0.2508 0.2475 -0.9359
vn 0.3356 -0.0524 -0.9405
vn 0.3496 -0.0440 -0.9359
vn -0.0124 0.3424 -0.9395
vn 0.4143 0.1464 -0.8983
vn 0.3169 0.0174 -0.9483
vn -0.5607 0.4384 -0.7024
vn -0.5401 0.5004 -0.6767
vn -0.4733 0.8307 -0.2931
vn -0.3695 0.6769 -0.6366
vn -0.2933 0.7480 -0.5953
vn -0.4521 0.7771 -0.4378
vn 0.2752 0.0732 -0.9586
vn 0.2282 0.0985 -0.9686
vn 0.2539 0.1827 -0.9498
vn 0.4159 0.1018 -0.9037
vn 0.4761 0.0583 -0.8775
vn 0.3635 0.1961 -0.9107
vn 0.7497 -0.5636 -0.3469
vn 0.7112 -0.5899 -0.3824
vn 0.6623 -0.7368 -0.1358
vn 0.5169 -0.0063 -0.8560
vn 0.4361 0.0536 -0.8983
vn 0.4305 0.1275 -0.8935
vn 0.1874 -0.2859 -0.9398
vn 0.1617 -0.1066 -0.9811
vn 0.0734 0.0903 -0.9932
vn 0.6065 -0.0654 -0.7924
vn 0.5544 -0.0957 -0.8267
vn 0.4059 0.1472 -0.9020
vn 0.5248 -0.1379 -0.8400
vn 0.5149 -0.2427 -0.8222
vn 0.5630 -0.1870 -0.8050
vn 0.5325 -0.2077 -0.8206
vn 0.5773 -0.1406 -0.8043
vn 0.5117 -0.1968 -0.8363
vn 0.7971 0.3018 -0.5230
vn 0.6771 0.3116 -0.6667
vn 0.8500 0.1407 -0.5076
vn 0.8918 -0.4376 -0.1144
vn 0.5996 -0.7989 0.0477
vn 0.9702 -0.1929 -0.1466
vn 0.4773 -0.3152 -0.8203
vn 0.6087 -0.4613 -0.6455
vn 0.6764 -0.3609 -0.6420
vn 0.4698 -0.3453 -0.8124
vn 0.4283 0.1528 -0.8907
vn 0.1320 -0.3858 -0.9131
vn 0.9083 -0.3882 -0.1559
vn 0.8774 -0.4267 -0.2193
vn 0.6396 0.3154 -0.7010
vn 0.4673 0.0642 -0.8818
vn 0.9128 0.0613 -0.4037
vn 0.9409 -0.3034 -0.1506
vn 0.4329 -0.0472 -0.9002
vn 0.4204 -0.0747 -0.9043
vn 0.2677 0.0392 -0.9627
vn 0.6849 -0.5947 -0.4210
vn 0.6874 -0.4777 -0.5470
vn 0.6410 -0.4252 -0.6391
vn 0.2887 -0.7846 -0.5487
vn 0.4061 -0.6560 -0.6362
vn 0.3878 -0.5421 -0.7455
vn 0.1585 0.4034 -0.9012
vn 0.1128 0.3593 -0.9264
vn 0.0562 0.5103 -0.8582
vn -0.0383 0.1307 -0.9907
vn 0.1951 0.0986 -0.9758
vn 0.1420 0.0194 -0.9897
vn 0.7684 -0.4576 -0.4474
vn 0.8329 -0.1381 -0.5359
vn 0.7185 -0.1375 -0.6818
vn -0.0447 0.6026 -0.7968
vn 0.0118 0.3831 -0.9236
vn 0.5138 0.2757 -0.8124
vn 0.1234 0.1430 -0.9820
vn -0.0576 0.2475 -0.9672
vn -0.1769 0.3966 -0.9008
vn 0.4267 0.0449 -0.9033
vn 0.3795 0.0573 -0.9234
vn 0.1876 0.1472 -0.9712
vn 0.0853 0.3642 -0.9274
vn 0.4075 0.2270 -0.8846
vn 0.4562 0.2009 -0.8669
vn -0.1169 0.2639 -0.9574
vn 0.3860 0.1902 -0.9027
vn 0.4147 0.2043 -0.8867
vn -0.4920 0.3627 -0.7915
vn -0.8627 0.1831 -0.4714
vn -0.7986 0.2971 -0.5235
vn -0.4408 0.2245 -0.8691
vn -0.4019 0.1408 -0.9048
vn -0.3918 0.1400 -0.9093
vn -0.4744 0.2219 -0.8519
vn -0.4364 0.2334 -0.8689
vn -0.4235 0.2342 -0.8751
vn 0.3529 0.2220 -0.9089
vn -0.0626 0.2381 -0.9692
vn -0.0768 0.1778 -0.9811
vn -0.1955 0.2515 -0.9479
vn -0.2437 0.2017 -0.9486
vn -0.2145 0.1946 -0.9571
vn -0.3363 0.1542 -0.9291
vn -0.3690 0.0367 -0.9287
vn -0.3296 0.0383 -0.9434
vn 0.5001 0.0704 -0.8631
vn 0.0546 0.2626 -0.9634
vn 0.1006 0.2201 -0.9703
vn -0.2855 -0.2580 -0.9230
vn 0.0790 -0.0626 -0.9949
vn 0.1067 -0.0453 -0.9933
vn 0.3688 -0.4109 -0.8338
vn 0.3237 -0.4292 -0.8432
vn 0.1993 -0.2692 -0.9422
vn -0.3006 -0.7682 -0.5653
vn -0.7310 -0.5518 -0.4013
vn -0.5752 -0.3449 -0.7418
vn -0.4453 0.0665 -0.8929
vn 0.0355 0.3567 -0.9335
vn -0.2364 0.2218 -0.9460
vn -0.1811 -0.1031 -0.9780
vn 0.2581 0.1427 -0.9555
vn 0.1738 0.2372 -0.9558
vn -0.1621 -0.2612 -0.9516
vn -0.2489 -0.2825 -0.9264
vn -0.2582 -0.2496 -0.9333
vn -0.4669 -0.1408 -0.8730
vn -0.4826 -0.1851 -0.8561
vn -0.4447 -0.1594 -0.8814
vn -0.5082 -0.2568 -0.8221
vn -0.4930 -0.0567 -0.8682
vn -0.5719 -0.1823 -0.7998
vn 0.0930 0.0234 -0.9954
vn -0.1971 -0.2308 -0.9528
vn -0.1812 -0.2092 -0.9609
vn 0.7843 -0.5444 0.2975
vn 0.8727 -0.3684 0.3203
vn 0.9299 -0.1911 0.3142
vn 0.3890 -0.8166 0.4265
vn 0.5128 -0.7390 0.4369
vn 0.5350 -0.7736 0.3395
vn 0.5666 -0.7809 -0.2631
vn 0.5457 -0.8066 -0.2270
vn 0.5282 -0.8345 -0.1571
vn 0.9892 -0.1455 -0.0197
vn 0.9811 -0.1905 0.0330
vn 0.9645 -0.2478 0.0910
vn 0.9157 -0.4020 0.0005
vn 0.9540 -0.2986 0.0263
vn 0.9617 -0.2664 -0.0641
vn 0.5332 -0.6288 0.5660
vn 0.6346 -0.5247 0.5674
vn 0.6975 -0.5385 0.4727
vn 0.8561 0.0748 0.5114
vn 0.8748 0.1601 0.4572
vn 0.6818 0.6080 0.4067
vn 0.9114 -0.1835 0.3684
vn 0.8273 -0.4136 0.3802
vn 0.6310 -0.3875 0.6721
vn 0.8372 0.1065 0.5364
vn 0.8677 -0.0239 0.4965
vn 0.8056 -0.0820 0.5867
vn 0.3737 0.6289 0.6818
vn 0.1715 0.5526 0.8156
vn 0.2276 0.4776 0.8486
vn 0.6361 -0.0142 0.7715
vn 0.8576 -0.0038 0.5143
vn 0.8132 0.0521 0.5796
vn 0.3186 -0.0067 0.9479
vn 0.2973 -0.0000 0.9548
vn 0.6879 -0.1480 0.7106
vn 0.5162 0.4361 -0.7371
vn 0.9097 -0.3872 0.1505
vn 0.8654 -0.1376 -0.4818
vn 0.6432 0.4828 -0.5943
vn 0.5579 0.7852 -0.2685
vn 0.9186 0.3217 -0.2294
vn 0.9777 0.1084 0.1800
vn 0.9018 0.2713 -0.3365
vn 0.9975 0.0380 -0.0590
vn 0.6788 0.6799 -0.2775
vn 0.7588 0.4990 -0.4185
vn 0.5641 0.7663 -0.3075
vn 0.9912 -0.1314 -0.0153
vn 0.9014 -0.3847 -0.1985
vn 0.9959 -0.0262 -0.0861
vn 0.1902 0.3518 0.9165
vn 0.4146 0.1678 0.8944
vn 0.3217 0.3430 0.8825
vn 0.9633 0.2418 -0.1170
vn 0.9379 0.2537 -0.2367
vn 0.9177 0.3268 -0.2260
vn 0.9824 0.1844 -0.0293
vn 0.9259 -0.2714 -0.2627
vn 0.9806 0.0028 -0.1962
vn 0.6669 0.7451 -0.0092
vn 0.7276 0.6102 0.3133
vn 0.8527 0.0042 0.5224
vn 0.7800 0.3144 -0.5411
vn 0.8165 0.2524 -0.5192
vn 0.8648 0.2443 -0.4387
vn 0.5556 -0.6534 -0.5142
vn 0.6135 -0.7225 -0.3189
vn 0.7975 -0.3136 -0.5154
vn 0.7702 -0.4577 -0.4442
vn 0.7018 -0.5641 -0.4350
vn 0.8950 -0.1951 -0.4012
vn 0.3903 0.7774 -0.4932
vn 0.4629 0.7988 -0.3842
vn 0.1078 0.9492 -0.2958
vn 0.8494 0.2315 -0.4743
vn 0.8754 0.2444 -0.4171
vn 0.8622 0.3035 -0.4056
vn 0.8850 0.3436 -0.3141
vn 0.8898 0.2296 -0.3943
vn 0.8501 0.3754 -0.3693
vn 0.8615 -0.3789 -0.3380
vn 0.8054 -0.4790 -0.3491
vn 0.8349 -0.4775 -0.2740
vn 0.7863 -0.2539 -0.5633
vn 0.6887 -0.4421 -0.5747
vn 0.7583 -0.4870 -0.4334
vn 0.9015 -0.2076 -0.3797
vn 0.9207 -0.1104 -0.3745
vn 0.9065 -0.1002 -0.4101
vn 0.4338 -0.3288 -0.8389
vn 0.5446 -0.2909 -0.7866
vn 0.4390 -0.2903 -0.8503
vn 0.6680 -0.3394 -0.6622
vn 0.7505 -0.2821 -0.5977
vn 0.6441 -0.2718 -0.7150
vn 0.7621 -0.5074 -0.4021
vn 0.7263 -0.4857 -0.4863
vn 0.7194 -0.5070 -0.4748
vn 0.5451 0.2491 -0.8005
vn 0.4794 0.2439 -0.8430
vn 0.6084 -0.7173 -0.3396
vn 0.3930 -0.4346 -0.8103
vn 0.3432 -0.4040 -0.8479
vn 0.3813 0.0718 -0.9217
vn 0.7917 -0.3686 -0.4871
vn 0.7982 -0.3678 -0.4771
vn 0.7720 0.0905 -0.6291
vn -0.2630 -0.9209 -0.2877
vn -0.2276 -0.9246 -0.3056
vn -0.1717 -0.8638 -0.4736
vn -0.5938 -0.7694 -0.2355
vn -0.5257 -0.8188 -0.2307
vn -0.5090 -0.7952 -0.3296
vn -0.5010 -0.8631 -0.0636
vn -0.5777 -0.8144 -0.0541
vn -0.6029 -0.7917 0.0986
vn -0.0608 -0.9972 0.0442
vn -0.0456 -0.9973 0.0573
vn 0.0976 -0.9909 0.0932
vn -0.2706 -0.9515 0.1462
vn -0.2067 -0.9687 0.1377
vn -0.2256 -0.9718 0.0692
vn -0.4177 -0.8894 0.1858
vn -0.2680 -0.9480 0.1714
vn -0.3151 -0.9469 0.0642
vn -0.4623 -0.8317 0.3074
vn -0.4807 -0.8081 0.3406
vn -0.5902 -0.7206 0.3639
vn 0.0893 -0.9919 0.0899
vn 0.0186 -0.9864 0.1634
vn -0.2479 -0.9297 0.2722
vn 0.1529 -0.9613 -0.2291
vn 0.1405 -0.9859 -0.0911
vn -0.0782 -0.9937 -0.0809
vn -0.3567 -0.8291 0.4306
vn 0.2875 -0.9558 0.0622
vn 0.2846 -0.8954 0.3424
vn -0.1638 -0.8693 0.4663
vn -0.4292 -0.8171 0.3849
vn -0.4623 -0.8444 0.2706
vn -0.2495 -0.7836 0.5690
vn -0.2204 -0.5875 0.7786
vn -0.2178 -0.7138 0.6657
vn 0.3754 -0.9256 -0.0486
vn 0.2847 -0.9448 -0.1623
vn 0.1276 -0.6567 -0.7433
vn -0.2328 -0.9029 0.3614
vn -0.3847 -0.8899 0.2452
vn -0.2120 -0.9757 0.0558
vn -0.4054 -0.9118 -0.0647
vn -0.4286 -0.9031 -0.0262
vn -0.0731 -0.9906 -0.1152
vn 0.3550 -0.9336 -0.0486
vn 0.4154 -0.9089 -0.0375
vn 0.4354 -0.9001 -0.0130
vn 0.5191 -0.8515 -0.0738
vn 0.3154 -0.9490 0.0003
vn 0.0287 -0.9995 -0.0113
vn 0.4862 -0.8689 0.0927
vn 0.4832 -0.8733 0.0621
vn 0.2609 -0.8791 0.3990
vn 0.1640 -0.8520 -0.4971
vn 0.2934 -0.9409 -0.1695
vn 0.2512 -0.9464 -0.2031
vn 0.2298 -0.5730 -0.7867
vn -0.1738 -0.9840 -0.0404
vn -0.1438 -0.9835 -0.1095
vn -0.3015 -0.9454 -0.1240
vn -0.0187 -0.8984 -0.4387
vn 0.1591 -0.8295 -0.5354
vn 0.2256 -0.8045 -0.5495
vn 0.3229 -0.7669 -0.5546
vn 0.2899 -0.6851 -0.6682
vn 0.0734 -0.9481 -0.3094
vn 0.2071 -0.9569 -0.2036
vn 0.3176 -0.8383 -0.4431
vn -0.4035 -0.9069 -0.1216
vn 0.0783 -0.9352 -0.3453
vn 0.1230 -0.8892 -0.4408
vn 0.6555 -0.4823 -0.5812
vn 0.6429 -0.5626 -0.5197
vn 0.5039 -0.5464 -0.6690
vn 0.5313 -0.5854 -0.6124
vn 0.5138 -0.5879 -0.6248
vn 0.5552 -0.7572 -0.3439
vn 0.5528 -0.7603 -0.3411
vn 0.5466 -0.7680 -0.3337
vn 0.0464 -0.9842 -0.1707
vn 0.0412 -0.9835 -0.1762
vn 0.0363 -0.9849 -0.1694
vn -0.0484 -0.9726 -0.2276
vn -0.1080 -0.9714 -0.2116
vn -0.1087 -0.9782 -0.1770
vn -0.1354 -0.9889 0.0617
vn -0.1247 -0.9899 0.0668
vn -0.1384 -0.9890 0.0522
vn -0.1155 -0.9258 -0.3600
vn -0.1642 -0.8901 -0.4251
vn -0.0429 -0.9270 -0.3726
vn 0.0509 -0.8196 -0.5707
vn -0.1552 -0.7525 -0.6400
vn -0.1645 -0.8642 -0.4755
vn -0.0755 -0.9751 -0.2085
vn 0.0465 -0.9578 -0.2835
vn -0.0185 -0.9553 -0.2949
vn -0.1779 -0.9691 -0.1710
vn -0.6135 -0.7851 -0.0849
vn -0.4288 -0.9014 -0.0606
vn 0.2318 -0.7911 -0.5661
vn 0.4015 -0.7263 -0.5579
vn 0.5140 -0.7400 -0.4339
vn -0.0383 -0.9761 -0.2141
vn 0.0283 -0.9552 -0.2947
vn 0.4399 -0.8208 -0.3643
vn -0.8235 0.1965 -0.5322
vn -0.9494 -0.0535 -0.3095
vn -0.9378 0.0657 -0.3409
vn -0.6632 -0.4061 -0.6288
vn -0.7749 -0.5591 -0.2949
vn -0.8246 -0.4488 -0.3446
vn -0.0692 0.1034 -0.9922
vn -0.1701 -0.1062 -0.9797
vn -0.0688 0.1126 -0.9913
vn -0.9758 -0.1310 0.1752
vn -0.9615 -0.2072 0.1806
vn -0.9684 -0.2213 0.1149
vn -0.8320 -0.4951 0.2502
vn -0.8449 -0.4682 0.2588
vn -0.8384 -0.4737 0.2696
vn -0.7858 -0.6144 -0.0713
vn -0.8435 -0.5224 -0.1251
vn -0.8414 -0.5330 -0.0889
vn -0.6722 0.1826 -0.7175
vn -0.6427 0.1910 -0.7419
vn -0.6387 0.1923 -0.7450
vn -0.9806 -0.1420 -0.1353
vn -0.9605 -0.2615 -0.0950
vn -0.8907 -0.4130 -0.1900
vn -0.9464 0.0368 -0.3210
vn -0.9717 -0.1141 -0.2068
vn -0.8695 -0.2024 -0.4505
vn -0.9727 -0.1009 -0.2092
vn -0.9888 -0.0232 -0.1472
vn -0.9979 -0.0611 -0.0217
vn -0.9559 0.0906 -0.2793
vn -0.9457 0.1203 -0.3019
vn -0.9469 0.1209 -0.2979
vn -0.9106 0.1099 -0.3984
vn -0.9167 0.0946 -0.3883
vn -0.9280 0.1380 -0.3461
vn -0.8285 0.4165 -0.3744
vn -0.9240 0.3823 -0.0127
vn -0.8965 0.3501 0.2716
vn -0.5103 0.5241 -0.6819
vn -0.5068 0.5996 -0.6193
vn -0.8016 0.2318 -0.5511
vn -0.5941 0.4153 -0.6889
vn -0.4591 0.5035 -0.7319
vn -0.4744 0.2141 -0.8539
vn -0.9367 0.3448 0.0604
vn -0.9782 0.1875 0.0891
vn -0.9573 0.2772 0.0820
vn -0.9819 0.1878 0.0243
vn -0.9868 0.0892 0.1350
vn -0.9941 0.0300 0.1041
vn -0.9291 0.0282 0.3687
vn -0.9824 0.1249 0.1388
vn -0.9854 0.1006 0.1377
vn -0.7657 0.6405 0.0591
vn -0.9896 0.0957 -0.1076
vn -0.9618 0.1137 0.2488
vn -0.4966 0.5314 0.6863
vn -0.5430 0.5687 0.6178
vn -0.9605 0.2393 -0.1422
vn -0.8578 0.4813 0.1805
vn -0.6800 0.6259 0.3820
vn -0.5912 0.6054 0.5329
vn -0.3327 0.6267 0.7046
vn -0.3948 0.7637 0.5107
vn 0.1037 0.7082 0.6984
vn -0.9432 0.2076 0.2593
vn -0.9476 0.3110 0.0724
vn -0.9898 0.1087 -0.0918
vn -0.9765 0.2024 -0.0741
vn -0.9767 0.2066 0.0577
vn -0.9740 0.2106 0.0831
vn 0.1135 0.4088 0.9055
vn 0.1347 0.3618 0.9225
vn 0.2971 0.4678 0.8324
vn 0.2294 0.6063 0.7615
vn 0.2944 0.6908 0.6604
vn 0.2186 0.4115 0.8848
vn -0.7448 0.4177 0.5204
vn -0.1737 0.6360 0.7519
vn -0.2431 0.3965 0.8853
vn -0.9204 -0.1986 0.3368
vn -0.8997 0.0983 0.4253
vn -0.8143 0.0329 0.5795
vn -0.8650 -0.4680 0.1811
vn -0.8488 -0.4896 0.1998
vn -0.8841 -0.4038 0.2349
vn -0.8703 -0.4554 0.1878
vn -0.8704 -0.4588 0.1785
vn -0.8761 -0.4307 0.2168
vn -0.9385 0.3246 0.1178
vn -0.9492 0.2948 0.1105
vn -0.9425 0.3330 0.0293
vn -0.6593 -0.7281 -0.1875
vn -0.7402 -0.6596 -0.1310
vn -0.7707 -0.6346 -0.0579
vn -0.7404 -0.6092 -0.2841
vn -0.6963 -0.6485 -0.3076
vn -0.6573 -0.5505 -0.5147
vn -0.9884 -0.0081 0.1517
vn -0.8877 0.1408 -0.4384
vn -0.6242 0.7655 -0.1560
vn -0.9867 -0.1514 0.0590
vn -0.9515 -0.0948 0.2927
vn -0.9077 -0.2062 -0.3655
vn -0.9764 -0.2105 -0.0485
vn -0.9476 -0.2216 -0.2303
vn -0.9978 -0.0603 -0.0290
vn -0.4111 -0.0875 0.9074
vn -0.4298 -0.0928 0.8981
vn -0.5145 0.0153 0.8574
vn -0.3615 -0.1334 0.9228
vn -0.4622 -0.0707 0.8839
vn -0.4234 -0.1014 0.9002
vn -0.1100 0.4873 0.8663
vn -0.2708 0.0301 0.9622
vn -0.3866 -0.0686 0.9197
vn -0.2840 -0.1265 0.9504
vn -0.2930 -0.0983 0.9511
vn -0.2468 -0.0236 0.9688
vn -0.2390 -0.4140 0.8783
vn -0.2482 -0.4146 0.8755
vn -0.3441 -0.4994 0.7951
vn -0.4075 0.0453 0.9121
vn -0.2481 -0.1389 0.9587
vn -0.2808 -0.3992 0.8728
vn -0.2314 -0.2099 0.9500
vn 0.0614 -0.2825 0.9573
vn -0.0069 -0.2560 0.9666
vn -0.2220 -0.1558 0.9625
vn -0.0842 -0.0162 0.9963
vn 0.1109 -0.0159 0.9937
vn -0.4955 -0.0968 0.8632
vn -0.4294 -0.1193 0.8952
vn -0.4652 -0.1591 0.8708
vn -0.2347 0.6285 0.7416
vn -0.4987 0.3788 0.7796
vn -0.5434 0.6958 0.4697
vn -0.1390 0.0733 0.9876
vn -0.0792 0.1854 0.9795
vn -0.1402 0.1134 0.9836
vn -0.3906 0.6688 0.6325
vn -0.4380 0.4822 0.7587
vn -0.7196 0.1111 0.6855
vn 0.1300 0.2494 0.9596
vn 0.1304 0.2978 0.9457
vn 0.0202 0.4321 0.9016
vn -0.2266 -0.0087 0.9739
vn 0.0578 -0.0096 0.9983
vn 0.0619 -0.0273 0.9977
vn -0.3511 0.1929 0.9163
vn -0.4676 0.1641 0.8686
vn -0.4293 -0.0543 0.9015
vn 0.8837 0.3160 0.3452
vn 0.6169 0.4727 0.6293
vn 0.6422 0.6976 0.3177
vn 0.3797 0.6681 0.6399
vn 0.1476 0.6985 0.7002
vn 0.3127 0.7273 0.6109
vn -0.5359 -0.0343 0.8436
vn 0.2322 0.2400 0.9426
vn 0.4716 0.0064 0.8818
vn 0.8037 -0.2362 0.5462
vn 0.8585 0.0816 0.5062
vn 0.9335 0.1677 0.3170
vn 0.6804 -0.2412 0.6920
vn 0.5306 -0.0850 0.8433
vn 0.6534 -0.2115 0.7269
vn 0.6433 -0.1310 0.7543
vn 0.7244 -0.2358 0.6479
vn 0.5599 -0.4646 0.6860
vn -0.2463 0.1242 0.9612
vn -0.1342 0.0679 0.9886
vn -0.0439 0.4666 0.8834
vn 0.2881 -0.0795 0.9543
vn 0.5325 -0.0765 0.8429
vn 0.1954 -0.2859 0.9381
vn 0.3242 0.0270 0.9456
vn 0.4575 -0.0168 0.8890
vn 0.3397 -0.0307 0.9400
vn 0.8975 -0.0282 0.4401
vn 0.6498 -0.1977 0.7339
vn -0.9763 -0.1468 -0.1592
vn 0.2135 0.0989 0.9719
vn 0.6054 0.7405 0.2917
vn 0.8948 -0.2306 0.3822
vn 0.9578 -0.1063 0.2671
vn 0.9665 0.2521 0.0491
vn 0.8750 -0.2970 0.3824
vn 0.5791 0.2633 0.7716
vn 0.4478 0.1528 0.8810
vn 0.3827 0.0969 0.9188
vn 0.4393 -0.0045 0.8984
vn 0.4551 0.1264 0.8814
vn 0.5721 0.1924 0.7973
vn 0.0495 -0.4544 0.8894
vn -0.1155 -0.2699 0.9559
vn 0.0775 -0.4124 0.9077
vn 0.3447 -0.5083 0.7892
vn 0.2088 -0.7375 0.6422
vn -0.0865 -0.6996 0.7093
vn 0.7158 -0.6390 0.2817
vn 0.5308 -0.8358 -0.1403
vn 0.4694 -0.6713 0.5736
vn 0.5752 -0.0426 0.8169
vn 0.5826 -0.2231 0.7815
vn 0.4669 -0.0343 0.8836
vn 0.2226 0.4376 0.8712
vn -0.2616 0.4055 0.8759
vn 0.2568 0.2395 0.9363
vn 0.0816 0.0424 0.9958
vn 0.3084 -0.0170 0.9511
vn 0.2141 0.0518 0.9754
vn 0.0366 0.2800 0.9593
vn -0.0682 0.2119 0.9749
vn -0.1615 0.2950 0.9417
vn -0.4084 0.6455 0.6454
vn -0.3902 0.7473 0.5378
vn -0.3054 0.8073 0.5050
vn -0.5637 0.6303 0.5338
vn -0.5502 0.6666 0.5029
vn -0.7014 0.6115 0.3661
vn 0.3959 0.3740 0.8387
vn -0.1579 0.5804 0.7989
vn -0.9370 0.3424 -0.0694
vn -0.6038 0.6651 0.4393
vn -0.4326 0.6537 0.6209
vn -0.3333 0.6677 0.6656
vn -0.3411 0.9349 0.0979
vn -0.3435 0.9323 0.1131
vn -0.0203 0.8130 0.5819
vn -0.3910 0.7845 0.4813
vn -0.4219 0.6467 0.6354
vn -0.4517 0.6657 0.5939
vn 0.4722 0.7299 0.4943
vn 0.1697 0.9433 0.2853
vn 0.3758 0.9183 0.1241
vn -0.0878 0.7249 0.6832
vn -0.1058 0.6297 0.7696
vn -0.2166 0.6477 0.7304
vn -0.2254 0.7587 0.6113
vn -0.1380 0.7603 0.6347
vn -0.0972 0.7464 0.6583
vn -0.1754 0.9118 0.3713
vn -0.3680 0.7615 0.5336
vn 0.5134 0.8337 0.2034
vn 0.0628 0.9961 -0.0617
vn 0.0114 0.8568 0.5155
vn -0.1083 0.8709 0.4794
vn 0.4405 0.8974 0.0236
vn 0.2031 0.9073 -0.3681
vn 0.4078 0.8505 -0.3321
vn -0.5162 0.8504 0.1017
vn -0.4301 0.8936 0.1284
vn 0.4641 0.8823 0.0785
vn 0.0995 0.9489 0.2995
vn 0.0792 0.9961 0.0396
vn -0.6004 0.7944 0.0918
vn -0.0908 0.5836 0.8070
vn -0.0806 0.4671 0.8805
vn -0.3368 0.6528 0.6786
vn -0.6561 0.5860 0.4756
vn -0.8364 0.5439 -0.0677
vn -0.9663 0.2423 0.0874
vn -0.1886 0.9798 0.0665
vn -0.0849 0.9445 -0.3173
vn -0.3186 0.9295 -0.1860
vn 0.1848 0.3247 0.9276
vn -0.1267 0.7376 0.6633
vn -0.4557 0.6576 0.5999
vn -0.8009 0.4861 -0.3496
vn -0.7215 0.2792 -0.6336
vn -0.4267 0.8364 -0.3442
vn 0.2471 0.8734 -0.4196
vn -0.5429 0.7746 -0.3244
vn 0.0416 0.6001 -0.7988
vn -0.0461 0.8484 -0.5273
vn 0.2097 0.7670 -0.6064
vn -0.2939 0.9402 -0.1720
vn -0.2456 0.6576 -0.7122
vn -0.5397 0.2022 -0.8172
vn -0.1340 0.4699 -0.8725
vn -0.3697 0.5504 -0.7486
vn -0.3489 0.6098 -0.7116
vn -0.9488 0.1746 -0.2631
vn -0.2239 0.4184 -0.8802
vn -0.4633 0.5126 -0.7229
vn -0.7498 0.1821 -0.6361
vn 0.0934 0.8112 -0.5772
vn 0.0804 0.8045 -0.5885
vn 0.0955 0.8987 -0.4281
vn 0.5135 0.8558 -0.0628
vn 0.4945 0.7296 -0.4723
vn 0.3927 0.7175 -0.5753
vn 0.4526 0.8168 -0.3578
vn 0.5314 0.8427 -0.0861
vn 0.5305 0.8231 -0.2027
vn 0.3741 0.7365 -0.5636
vn 0.6009 0.5608 -0.5696
vn 0.2625 0.6547 -0.7089
vn 0.5629 0.7162 -0.4126
vn 0.5662 0.4363 -0.6994
vn 0.6648 0.4221 -0.6163
vn 0.4612 0.4678 -0.7539
vn 0.7981 0.5969 -0.0818
vn 0.7226 0.6614 -0.2012
vn -0.6710 0.7316 -0.1199
vn -0.6947 0.6847 0.2203
vn -0.6726 0.7255 0.1454
vn -0.3499 0.8993 -0.2623
vn -0.3636 0.9315 0.0110
vn -0.4029 0.9143 0.0418
vn 0.0181 0.9992 0.0345
vn -0.2233 0.8911 -0.3951
vn -0.2614 0.8198 -0.5096
vn 0.2289 0.6243 -0.7469
vn -0.2122 0.8495 -0.4830
vn 0.3201 0.5109 -0.7978
vn -0.5156 0.8415 -0.1617
vn -0.6786 0.7309 0.0722
vn -0.4649 0.8286 -0.3118
vn 0.1471 0.3772 -0.9144
vn -0.5680 0.7653 -0.3027
vn 0.3115 0.7039 -0.6384
vn -0.0406 0.5782 -0.8149
vn 0.5245 0.4306 -0.7345
vn 0.3208 0.6861 -0.6529
vn -0.3414 0.8013 -0.4913
vn -0.5730 0.7599 -0.3070
vn -0.4360 0.8000 -0.4122
vn 0.1131 0.9663 -0.2314
vn 0.0848 0.9358 -0.3421
vn -0.0107 0.9285 -0.3712
vn 0.1271 0.8700 -0.4763
vn 0.0603 0.9549 -0.2906
vn 0.0462 0.9342 -0.3539
vn -0.4826 0.0985 -0.8703
vn -0.1471 0.7243 -0.6736
vn 0.3399 0.8900 -0.3040
vn -0.6758 0.7005 -0.2294
vn -0.6564 0.6925 -0.2994
vn 0.1704 0.7952 -0.5819
vn -0.1322 0.6667 0.7335
vn -0.6481 0.5567 0.5196
vn -0.7729 0.3546 0.5262
vn -0.5804 0.3306 0.7442
vn -0.7063 0.4901 0.5108
vn 0.5076 0.6520 0.5632
vn -0.2847 0.9106 -0.2997
vn 0.0199 0.9919 -0.1252
vn -0.1182 0.9721 0.2025
vn 0.3688 0.4957 0.7863
vn 0.4003 0.6121 0.6820
vn 0.4741 0.5244 0.7073
vn -0.3547 0.8007 0.4828
vn -0.4346 0.7442 0.5072
vn -0.3081 0.7823 0.5414
vn -0.6382 0.6026 0.4791
vn -0.5322 0.5942 0.6031
vn -0.3156 0.6239 0.7150
vn 0.1941 -0.1557 0.9685
vn 0.2451 0.1059 0.9637
vn 0.5356 -0.0505 0.8429
vn 0.2869 -0.0252 0.9576
vn 0.2889 -0.3044 0.9077
vn 0.0134 -0.3143 0.9492
vn 0.1490 -0.0348 0.9882
vn 0.2865 0.0030 0.9581
vn 0.4355 0.2354 0.8689
vn -0.3102 0.4940 0.8123
vn 0.1681 0.1944 0.9664
vn -0.6166 0.4127 0.6705
vn 0.6428 0.3607 0.6758
vn 0.3010 0.3416 0.8903
vn 0.5622 0.6496 0.5118
vn 0.5285 0.0241 0.8486
vn 0.5952 -0.0456 0.8023
vn 0.5037 0.0728 0.8608
vn -0.6106 0.6609 0.4364
vn 0.0792 0.8599 0.5043
vn -0.8079 0.4306 0.4023
vn -0.6621 0.1865 0.7259
vn -0.3342 0.2002 0.9210
vn -0.2370 0.4856 0.8414
vn -0.5691 0.7829 0.2515
vn -0.5957 0.6948 0.4031
vn -0.2089 0.8741 0.4386
vn -0.4126 -0.1485 0.8987
vn -0.4496 -0.1224 0.8848
vn -0.4346 -0.2090 0.8760
vn -0.4046 -0.1041 0.9085
vn -0.3969 -0.1394 0.9072
vn -0.4204 -0.0962 0.9022
vn -0.4883 0.1559 0.8586
vn -0.5014 -0.0102 0.8652
vn -0.5305 0.1543 0.8335
vn -0.9676 0.0847 -0.2377
vn -0.9993 0.0221 -0.0300
vn -0.9920 0.1247 0.0207
vn -0.8969 0.0247 -0.4416
vn -0.8794 0.0315 -0.4750
vn -0.9582 0.2858 -0.0129
vn -0.9417 -0.2681 0.2034
vn -0.9358 -0.2677 0.2293
vn -0.9438 -0.2592 0.2052
vn -0.5935 0.2609 0.7614
vn -0.1949 0.3665 0.9098
vn -0.1234 0.3967 0.9096
vn -0.9572 -0.0257 0.2883
vn -0.7024 0.4861 0.5199
vn -0.3916 0.4853 0.7818
vn -0.8076 0.4787 0.3446
vn -0.5722 0.5032 0.6476
vn -0.9961 -0.0761 0.0457
vn -0.9463 0.0938 0.3094
vn -0.9683 0.1976 0.1526
vn -0.9409 0.2835 0.1854
vn -0.8857 0.2011 -0.4186
vn -0.5121 0.3360 -0.7905
vn -0.8701 0.2043 -0.4486
vn -0.8837 -0.0001 -0.4680
vn -0.9108 -0.0762 -0.4058
vn -0.8766 -0.0676 -0.4764
vn -0.3451 0.3744 -0.8607
vn -0.4219 0.2900 -0.8590
vn -0.6015 0.2173 -0.7687
vn -0.9887 -0.1401 -0.0536
vn -0.9831 -0.1759 -0.0508
vn -0.9798 -0.1859 -0.0739
vn -0.1105 0.4679 -0.8768
vn -0.2066 0.4559 -0.8657
vn -0.3221 0.3749 -0.8693
vn 0.4069 -0.8072 -0.4276
vn 0.2414 -0.9307 -0.2747
vn -0.4157 -0.9094 -0.0100
vn 0.0056 -0.9669 -0.2552
vn -0.0257 -0.9651 -0.2605
vn -0.0110 -0.9710 -0.2389
vn -0.0495 -0.9988 0.0058
vn -0.0068 -0.9999 -0.0104
vn 0.0298 -0.9993 -0.0245
vn 0.5166 -0.7657 -0.3832
vn 0.5987 -0.6838 -0.4170
vn 0.6096 -0.6103 -0.5059
vn 0.3051 -0.8807 -0.3624
vn 0.3023 -0.8716 -0.3858
vn 0.2128 -0.9040 -0.3709
vn 0.3505 -0.8273 -0.4389
vn 0.3583 -0.8227 -0.4414
vn 0.3760 -0.8804 -0.2890
vn 0.5778 -0.5888 0.5652
vn 0.4602 -0.6710 0.5813
vn 0.4448 -0.6079 0.6577
vn 0.3192 -0.9412 0.1108
vn 0.3839 -0.9224 -0.0417
vn 0.5603 -0.8212 0.1082
vn 0.3797 -0.8067 0.4529
vn -0.0687 -0.4898 0.8691
vn 0.3881 -0.6517 0.6516
vn -0.5430 -0.8366 -0.0721
vn -0.5368 -0.8436 -0.0107
vn -0.6517 -0.7580 0.0243
vn -0.1713 -0.9849 -0.0239
vn -0.0925 -0.9957 -0.0046
vn 0.0571 -0.9950 -0.0820
vn -0.1917 -0.9517 0.2399
vn -0.2928 -0.9276 0.2319
vn -0.3298 -0.8782 0.3463
vn 0.7710 0.4305 -0.4692
vn 0.7698 0.4084 -0.4905
vn 0.6361 -0.5669 -0.5233
vn 0.7964 -0.4370 -0.4181
vn 0.7735 -0.4086 -0.4846
vn 0.7625 -0.4252 -0.4876
vn 0.8992 -0.1417 -0.4140
vn 0.9016 -0.1804 -0.3932
vn 0.9015 -0.2152 -0.3754
vn 0.8971 0.1779 -0.4044
vn 0.7134 0.5085 -0.4822
vn 0.5667 0.5481 -0.6152
vn 0.8481 0.3536 -0.3946
vn 0.8493 0.3392 -0.4045
vn 0.8472 0.3302 -0.4162
vn 0.6989 -0.3158 0.6417
vn 0.9158 -0.1201 0.3832
vn 0.9481 -0.0459 0.3147
vn 0.0371 0.5130 0.8576
vn -0.0409 0.5818 0.8123
vn -0.1327 0.6330 0.7627
vn 0.2620 0.6025 0.7539
vn 0.6542 0.3193 0.6856
vn 0.6436 -0.2937 0.7067
vn 0.2394 0.2725 0.9319
vn 0.2550 0.4747 0.8424
vn 0.0650 0.6198 0.7820
vn 0.8248 -0.0847 0.5590
vn 0.8718 -0.0136 0.4897
vn 0.8824 0.3762 -0.2826
vn 0.8451 -0.3181 0.4297
vn 0.8893 -0.2715 0.3681
vn 0.9206 -0.1935 0.3391
vn 0.7958 -0.5689 0.2077
vn 0.8544 -0.4795 0.2000
vn 0.9398 -0.2698 0.2099
vn 0.2241 0.0020 -0.9746
vn -0.1379 -0.1183 -0.9834
vn -0.1205 -0.1239 -0.9850
vn -0.0893 -0.0544 -0.9945
vn -0.2609 -0.1033 -0.9598
vn -0.2534 -0.1124 -0.9608
vn -0.2638 -0.3221 -0.9092
vn -0.6039 -0.3686 -0.7067
vn -0.7420 -0.2082 -0.6372
vn 0.5338 0.1311 -0.8354
vn 0.0921 0.3014 -0.9491
vn 0.0559 0.2575 -0.9647
vn 0.4417 0.2085 -0.8726
vn -0.0678 0.1915 -0.9792
vn -0.0643 0.1803 -0.9815
vn -0.5324 0.4322 -0.7279
vn -0.6919 0.3991 -0.6016
vn -0.5667 0.4416 -0.6956
vn -0.1787 0.7725 -0.6094
vn 0.0005 0.7597 -0.6502
vn 0.2348 0.6071 -0.7591
vn 0.6107 -0.0869 -0.7871
vn 0.5328 0.1144 -0.8385
vn 0.2512 0.2561 -0.9335
vn 0.1996 0.2451 -0.9487
vn 0.2803 0.1266 -0.9515
vn 0.4484 0.1111 -0.8869
vn 0.6764 -0.6713 -0.3030
vn 0.8427 -0.5197 -0.1408
vn 0.7175 -0.5928 -0.3658
vn 0.4405 -0.0870 -0.8935
vn 0.4980 0.1187 -0.8590
vn 0.6628 0.2928 -0.6892
vn 0.4209 -0.2949 -0.8578
vn 0.4256 -0.0598 -0.9029
vn 0.3891 -0.1340 -0.9114
vn 0.3697 -0.0219 -0.9289
vn 0.2364 -0.1073 -0.9657
vn 0.4743 -0.6735 -0.5669
vn -0.3099 0.6264 -0.7152
vn -0.2759 0.7404 -0.6129
vn -0.4216 0.6877 -0.5910
vn -0.5162 0.3517 -0.7809
vn -0.8413 0.2553 -0.4764
vn -0.9223 0.0954 -0.3746
vn -0.6219 0.2148 -0.7530
vn -0.8626 0.1170 -0.4922
vn -0.9060 0.0820 -0.4153
vn 0.5995 0.0422 0.7993
vn 0.8015 -0.1463 0.5798
vn 0.1553 0.0964 0.9831
vn 0.9910 -0.1327 -0.0175
vn 0.7515 -0.0198 0.6594
vn 0.8851 -0.1572 0.4381
vn 0.9098 0.1272 -0.3952
vn 0.9186 0.0542 -0.3914
vn 0.9117 0.3790 -0.1587
vn 0.9438 -0.1736 -0.2814
vn 0.9203 -0.1131 -0.3745
vn 0.9517 0.0417 -0.3043
vn 0.0650 -0.7581 0.6489
vn 0.0916 -0.6305 0.7708
vn -0.1287 -0.5585 0.8195
vn 0.7855 -0.6123 -0.0901
vn 0.8051 -0.5932 -0.0054
vn 0.7513 -0.6448 -0.1406
vn 0.3603 -0.8589 -0.3641
vn 0.3178 -0.8841 -0.3427
vn 0.3364 -0.8894 -0.3094
vn -0.5423 -0.8388 0.0480
vn -0.3689 -0.8987 -0.2372
vn -0.3455 -0.8676 -0.3575
vn -0.8160 -0.2295 -0.5306
vn -0.8533 -0.0267 -0.5208
vn -0.9046 -0.0774 -0.4192
vn -0.7617 0.3212 -0.5626
vn -0.7437 0.3610 -0.5627
vn -0.7656 0.3554 -0.5363
vn -0.9730 0.0336 0.2285
vn -0.9420 -0.0016 0.3355
vn -0.9644 0.2086 0.1627
vn -0.9770 -0.1934 -0.0902
vn -0.9644 -0.2562 -0.0648
vn -0.9644 -0.2390 -0.1128
vn -0.8148 -0.0600 0.5766
vn -0.3032 -0.2346 0.9236
vn -0.4390 -0.2662 0.8581
vn 0.0434 0.3050 0.9514
vn -0.0433 0.5048 0.8621
vn -0.1142 0.5989 0.7926
vn 0.3456 0.7883 0.5092
vn 0.2503 0.8584 0.4477
vn 0.2005 0.7937 0.5744
vn 0.6084 -0.3019 0.7340
vn 0.6897 -0.2882 0.6643
vn 0.7695 -0.2358 0.5935
vn 0.2226 0.9081 0.3546
vn 0.2009 0.9577 0.2059
vn 0.1187 0.9886 -0.0924
vn 0.1174 0.4515 0.8845
vn 0.4002 0.4151 0.8171
vn 0.0774 0.4087 0.9094
vn -0.7842 0.5634 -0.2601
vn -0.5092 0.8606 0.0091
vn -0.8524 0.5157 0.0862
vn -0.3687 0.7544 -0.5430
vn -0.5151 0.7665 -0.3837
vn -0.0099 0.7552 -0.6555
g Cube_Cube_rock
usemtl rock
s off
f 411/1/1 414/2/1 1538/3/1
f 646/4/2 652/5/2 1537/6/2
f 1536/7/3 7/8/3 400/9/3
f 1535/10/4 15/11/4 399/12/4
f 415/13/5 418/14/5 1534/15/5
f 399/12/6 656/16/6 1533/17/6
f 400/9/7 394/18/7 1532/19/7
f 1531/20/8 12/21/8 393/22/8
f 1530/23/9 23/24/9 422/25/9
f 1529/26/10 18/27/10 660/28/10
f 1528/29/11 5/30/11 637/31/11
f 661/32/12 638/33/12 1527/34/12
f 1526/35/13 24/36/13 426/37/13
f 650/38/14 664/39/14 1525/40/14
f 1524/41/15 4/42/15 404/43/15
f 665/44/16 403/45/16 1523/46/16
f 1522/47/17 25/48/17 430/49/17
f 401/50/18 668/51/18 1521/52/18
f 1520/53/19 3/54/19 635/55/19
f 1519/56/20 13/57/20 636/58/20
f 431/59/21 434/60/21 1518/61/21
f 407/62/22 672/63/22 1517/64/22
f 1516/65/23 1/66/23 631/67/23
f 673/68/24 632/69/24 1515/70/24
f 1514/71/25 32/72/25 584/73/25
f 1513/74/26 75/75/26 677/76/26
f 1512/77/27 73/78/27 678/79/27
f 487/80/28 583/81/28 1511/82/28
f 488/83/29 681/84/29 1510/85/29
f 456/86/30 682/87/30 1509/88/30
f 1508/89/31 72/90/31 624/91/31
f 492/92/32 685/93/32 1507/94/32
f 1506/95/33 47/96/33 686/97/33
f 495/98/34 482/99/34 1505/100/34
f 496/101/35 689/102/35 1504/103/35
f 1503/104/36 71/105/36 690/106/36
f 1502/107/37 36/108/37 588/109/37
f 500/110/38 693/111/38 1501/112/38
f 621/113/39 694/114/39 1500/115/39
f 1499/116/40 35/117/40 587/118/40
f 504/119/41 697/120/41 1498/121/41
f 1497/122/42 42/123/42 698/124/42
f 1496/125/43 68/126/43 620/127/43
f 508/128/44 701/129/44 1495/130/44
f 449/131/45 702/132/45 1494/133/45
f 511/134/46 478/135/46 1493/136/46
f 1492/137/47 82/138/47 705/139/47
f 1491/140/48 67/141/48 706/142/48
f 515/143/49 451/144/49 1490/145/49
f 516/146/50 709/147/50 1489/148/50
f 1488/149/51 65/150/51 710/151/51
f 519/152/52 452/153/52 1487/154/52
f 520/155/53 713/156/53 1486/157/53
f 1485/158/54 49/159/54 714/160/54
f 523/161/55 616/162/55 1484/163/55
f 1483/164/56 85/165/56 717/166/56
f 602/167/57 718/168/57 1482/169/57
f 527/170/58 474/171/58 1481/172/58
f 1480/173/59 86/174/59 721/175/59
f 471/176/60 722/177/60 1479/178/60
f 1478/179/61 38/180/61 590/181/61
f 532/182/62 725/183/62 1477/184/62
f 1476/185/63 61/186/63 726/187/63
f 1475/188/64 37/189/64 589/190/64
f 1474/191/65 88/192/65 729/193/65
f 1473/194/66 46/195/66 730/196/66
f 1472/197/67 60/198/67 612/199/67
f 1471/200/68 89/201/68 733/202/68
f 453/203/69 734/204/69 1470/205/69
f 543/206/70 470/207/70 1469/208/70
f 544/209/71 737/210/71 1468/211/71
f 467/212/72 738/213/72 1467/214/72
f 1466/215/73 33/216/73 441/217/73
f 1465/218/74 91/219/74 741/220/74
f 1464/221/75 57/222/75 742/223/75
f 551/224/76 442/225/76 1463/226/76
f 552/227/77 745/228/77 1462/229/77
f 448/230/78 746/231/78 1461/232/78
f 1460/233/79 56/234/79 608/235/79
f 1459/236/80 93/237/80 749/238/80
f 1458/239/81 39/240/81 750/241/81
f 1457/242/82 58/243/82 466/244/82
f 1456/245/83 94/246/83 753/247/83
f 463/248/84 754/249/84 1455/250/84
f 1454/251/85 39/240/85 447/252/85
f 564/253/86 757/254/86 1453/255/86
f 1452/256/87 53/257/87 758/258/87
f 1451/259/88 40/260/88 448/230/88
f 1450/261/89 96/262/89 761/263/89
f 597/264/90 762/265/90 1449/266/90
f 571/267/91 604/268/91 1448/269/91
f 572/270/92 765/271/92 1447/272/92
f 598/273/93 766/274/93 1446/275/93
f 1445/276/94 54/277/94 462/278/94
f 1444/279/95 98/280/95 769/281/95
f 459/282/96 770/283/96 1443/284/96
f 1442/285/97 290/286/97 578/287/97
f 1441/288/98 291/289/98 773/290/98
f 1440/291/99 171/292/99 774/293/99
f 1439/294/100 289/295/100 577/296/100
f 1438/297/101 292/298/101 777/299/101
f 1437/300/102 288/301/102 778/302/102
f 779/303/103 654/304/103 1436/305/103
f 1435/306/104 293/307/104 781/308/104
f 1434/309/105 287/310/105 782/311/105
f 783/312/106 574/313/106 1433/314/106
f 784/315/107 785/316/107 1432/317/107
f 406/318/108 786/319/108 1431/320/108
f 787/321/109 573/322/109 1430/323/109
f 788/324/110 789/325/110 1429/326/110
f 764/327/111 790/328/111 1428/329/111
f 791/330/112 412/331/112 1427/332/112
f 1426/333/113 296/334/113 793/335/113
f 763/336/114 794/337/114 1425/338/114
f 1424/339/115 282/340/115 570/341/115
f 796/342/116 797/343/116 1423/344/116
f 405/345/117 798/346/117 1422/347/117
f 1421/348/118 281/349/118 569/350/118
f 1420/351/119 298/352/119 801/353/119
f 760/354/120 802/355/120 1419/356/120
f 1418/357/121 160/358/121 640/359/121
f 1417/360/122 299/361/122 805/362/122
f 1416/363/123 279/364/123 806/365/123
f 807/366/124 566/367/124 1415/368/124
f 808/369/125 809/370/125 1414/371/125
f 413/372/126 810/373/126 1413/374/126
f 811/375/127 565/376/127 1412/377/127
f 1411/378/128 301/379/128 813/380/128
f 756/381/129 814/382/129 1410/383/129
f 1409/384/130 159/385/130 639/386/130
f 1408/387/131 302/388/131 817/389/131
f 1407/390/132 275/391/132 818/392/132
f 819/393/133 562/394/133 1406/395/133
f 820/396/134 821/397/134 1405/398/134
f 655/399/135 822/400/135 1404/401/135
f 1403/402/136 273/403/136 561/404/136
f 1402/405/137 304/406/137 825/407/137
f 1401/408/138 272/409/138 826/410/138
f 827/411/139 658/412/139 1400/413/139
f 828/414/140 829/415/140 1399/416/140
f 1398/417/141 271/418/141 830/419/141
f 1397/420/142 270/421/142 558/422/142
f 1396/423/143 306/424/143 833/425/143
f 1395/426/144 159/385/144 834/427/144
f 835/428/145 557/429/145 1394/430/145
f 1393/431/146 307/432/146 837/433/146
f 748/434/147 838/435/147 1392/436/147
f 1391/437/148 128/438/148 416/439/148
f 840/440/149 841/441/149 1390/442/149
f 1389/443/150 267/444/150 842/445/150
f 1388/446/151 266/447/151 554/448/151
f 844/449/152 845/450/152 1387/451/152
f 640/359/153 846/452/153 1386/453/153
f 1385/454/154 265/455/154 553/456/154
f 1384/457/155 310/458/155 849/459/155
f 1383/460/156 264/461/156 850/462/156
f 851/463/157 634/464/157 1382/465/157
f 852/466/158 853/467/158 1381/468/158
f 743/469/159 854/470/159 1380/471/159
f 1379/472/160 262/473/160 550/474/160
f 1378/475/161 312/476/161 857/477/161
f 1377/478/162 129/479/162 858/480/162
f 1376/481/163 261/482/163 549/483/163
f 860/484/164 861/485/164 1375/486/164
f 740/487/165 862/488/165 1374/489/165
f 863/490/166 633/491/166 1373/492/166
f 1372/493/167 314/494/167 865/495/167
f 1371/496/168 259/497/168 866/498/168
f 867/499/169 546/500/169 1370/501/169
f 1369/502/170 315/503/170 869/504/170
f 1368/505/171 179/506/171 870/507/171
f 871/508/172 545/509/172 1367/510/172
f 872/511/173 873/512/173 1366/513/173
f 736/514/174 874/515/174 1365/516/174
f 875/517/175 662/518/175 1364/519/175
f 876/520/176 877/521/176 1363/522/176
f 735/523/177 878/524/177 1362/525/177
f 879/526/178 542/527/178 1361/528/178
f 880/529/179 881/530/179 1360/531/179
f 645/532/180 882/533/180 1359/534/180
f 1358/535/181 253/536/181 541/537/181
f 884/538/182 885/539/182 1357/540/182
f 1356/541/183 252/542/183 886/543/183
f 887/544/184 420/545/184 1355/546/184
f 1354/547/185 320/548/185 889/549/185
f 1353/550/186 251/551/186 890/552/186
f 1352/553/187 250/554/187 538/555/187
f 1351/556/188 321/557/188 893/558/188
f 646/4/189 894/559/189 1350/560/189
f 1349/561/190 249/562/190 537/563/190
f 1348/564/191 322/565/191 897/566/191
f 728/567/192 898/568/192 1347/569/192
f 1346/570/193 109/571/193 397/572/193
f 1345/573/194 323/574/194 901/575/194
f 1344/576/195 247/577/195 902/578/195
f 1343/579/196 246/580/196 534/581/196
f 1342/582/197 324/583/197 905/584/197
f 1341/585/198 133/586/198 906/587/198
f 907/588/199 533/589/199 1340/590/199
f 908/591/200 909/592/200 1339/593/200
f 724/594/201 910/595/201 1338/596/201
f 1337/597/202 110/598/202 398/599/202
f 912/600/203 913/601/203 1336/602/203
f 723/603/204 914/604/204 1335/605/204
f 1334/606/205 242/607/205 530/608/205
f 1333/609/206 327/610/206 917/611/206
f 663/612/207 918/613/207 1332/614/207
f 919/615/208 529/616/208 1331/617/208
f 1330/618/209 328/619/209 921/620/209
f 1329/621/210 240/622/210 922/623/210
f 923/624/211 666/625/211 1328/626/211
f 924/627/212 925/628/212 1327/629/212
f 719/630/213 926/631/213 1326/632/213
f 927/633/214 526/634/214 1325/635/214
f 928/636/215 929/637/215 1324/638/215
f 410/639/216 930/640/216 1323/641/216
f 1322/642/217 237/643/217 525/644/217
f 932/645/218 933/646/218 1321/647/218
f 716/648/219 934/649/219 1320/650/219
f 1319/651/220 136/652/220 424/653/220
f 1318/654/221 332/655/221 937/656/221
f 1317/657/222 235/658/222 938/659/222
f 1316/660/223 234/661/223 522/662/223
f 1315/663/224 333/664/224 941/665/224
f 1314/666/225 121/667/225 942/668/225
f 1313/669/226 233/670/226 521/671/226
f 944/672/227 945/673/227 1312/674/227
f 712/675/228 946/676/228 1311/677/228
f 947/678/229 644/679/229 1310/680/229
f 948/681/230 949/682/230 1309/683/230
f 711/684/231 950/685/231 1308/686/231
f 951/687/232 518/688/232 1307/689/232
f 952/690/233 953/691/233 1306/692/233
f 425/693/234 954/694/234 1305/695/234
f 1304/696/235 229/697/235 517/698/235
f 1303/699/236 337/700/236 957/701/236
f 708/702/237 958/703/237 1302/704/237
f 959/705/238 643/706/238 1301/707/238
f 1300/708/239 338/709/239 961/710/239
f 707/711/240 962/712/240 1299/713/240
f 1298/714/241 226/715/241 514/716/241
f 1297/717/242 339/718/242 965/719/242
f 667/720/243 966/721/243 1296/722/243
f 1295/723/244 225/724/244 513/725/244
f 1294/726/245 340/727/245 969/728/245
f 1293/729/246 224/730/246 970/731/246
f 1292/732/247 190/733/247 670/734/247
f 1291/735/248 341/736/248 973/737/248
f 1290/738/249 223/739/249 974/740/249
f 975/741/250 510/742/250 1289/743/250
f 1288/744/251 342/745/251 977/746/251
f 1287/747/252 161/748/252 978/749/252
f 979/750/253 509/751/253 1286/752/253
f 980/753/254 981/754/254 1285/755/254
f 700/756/255 982/757/255 1284/758/255
f 983/759/256 428/760/256 1283/761/256
f 984/762/257 985/763/257 1282/764/257
f 699/765/258 986/766/258 1281/767/258
f 1280/768/259 218/769/259 506/770/259
f 988/771/260 989/772/260 1279/773/260
f 642/774/261 990/775/261 1278/776/261
f 991/777/262 505/778/262 1277/779/262
f 992/780/263 993/781/263 1276/782/263
f 696/783/264 994/784/264 1275/785/264
f 1274/786/265 107/787/265 395/788/265
f 1273/789/266 347/790/266 997/791/266
f 695/792/267 998/793/267 1272/794/267
f 1271/795/268 214/796/268 502/797/268
f 1000/798/269 1001/799/269 1270/800/269
f 429/801/270 1002/802/270 1269/803/270
f 1003/804/271 501/805/271 1268/806/271
f 1267/807/272 349/808/272 1005/809/272
f 692/810/273 1006/811/273 1266/812/273
f 1265/813/274 108/814/274 396/815/274
f 1008/816/275 1009/817/275 1264/818/275
f 691/819/276 1010/820/276 1263/821/276
f 1262/822/277 210/823/277 498/824/277
f 1012/825/278 1013/826/278 1261/827/278
f 671/828/279 1014/829/279 1260/830/279
f 1015/831/280 497/832/280 1259/833/280
f 1258/834/281 352/835/281 1017/836/281
f 1257/837/282 208/838/282 1018/839/282
f 1019/840/283 674/841/283 1256/842/283
f 1255/843/284 353/844/284 1021/845/284
f 1254/846/285 207/847/285 1022/848/285
f 1023/849/286 494/850/286 1253/851/286
f 1252/852/287 354/853/287 1025/854/287
f 1251/855/288 167/856/288 1026/857/288
f 1027/858/289 493/859/289 1250/860/289
f 1028/861/290 1029/862/290 1249/863/290
f 1248/864/291 204/865/291 1030/866/291
f 1247/867/292 144/868/292 432/869/292
f 1246/870/293 356/871/293 1033/872/293
f 1245/873/294 203/874/294 1034/875/294
f 1035/876/295 490/877/295 1244/878/295
f 1036/879/296 1037/880/296 1243/881/296
f 648/882/297 1038/883/297 1242/884/297
f 1039/885/298 489/886/298 1241/887/298
f 1040/888/299 1041/889/299 1240/890/299
f 680/891/300 1042/892/300 1239/893/300
f 1043/894/301 391/895/301 1238/896/301
f 1044/897/302 1045/898/302 1237/899/302
f 679/900/303 1046/901/303 1236/902/303
f 1047/903/304 486/904/304 1235/905/304
f 1234/906/305 360/907/305 1049/908/305
f 1233/909/306 145/910/306 1050/911/306
f 1232/912/307 197/913/307 485/914/307
f 1052/915/308 1053/916/308 1231/917/308
f 676/918/309 1054/919/309 1230/920/309
f 1055/921/310 392/922/310 1229/923/310
f 1056/924/311 1057/925/311 1228/926/311
f 1227/927/312 195/928/312 1058/929/312
f 1226/930/313 152/931/313 440/932/313
f 1060/933/314 1061/934/314 1225/935/314
f 481/936/315 1062/937/315 1224/938/315
f 1063/939/316 439/940/316 1223/941/316
f 1064/942/317 1065/943/317 1222/944/317
f 600/945/318 1066/946/318 1221/947/318
f 1067/948/319 480/949/319 1220/950/319
f 1219/951/320 365/952/320 1069/953/320
f 1218/954/321 119/955/321 1070/956/321
f 1217/957/322 146/958/322 626/959/322
f 1216/960/323 366/961/323 1073/962/323
f 1215/963/324 143/964/324 1074/965/324
f 1214/966/325 156/967/325 444/968/325
f 1213/969/326 367/970/326 1077/971/326
f 1212/972/327 189/973/327 1078/974/327
f 1211/975/328 155/976/328 443/977/328
f 1080/978/329 1081/979/329 1210/980/329
f 1209/981/330 114/982/330 1082/983/330
f 1083/984/331 476/985/331 1208/986/331
f 1084/987/332 1085/988/332 1207/989/332
f 593/990/333 1086/991/333 1206/992/333
f 1087/993/334 622/994/334 1205/995/334
f 1088/996/335 1089/997/335 1204/998/335
f 1203/999/336 139/1000/336 1090/1001/336
f 1091/1002/337 595/1003/337 1202/1004/337
f 1092/1005/338 1093/1006/338 1201/1007/338
f 473/1008/339 1094/1009/339 1200/1010/339
f 1199/1011/340 116/1012/340 596/1013/340
f 1198/1014/341 372/1015/341 1097/1016/341
f 1197/1017/342 169/1018/342 1098/1019/342
f 1099/1020/343 472/1021/343 1196/1022/343
f 1100/1023/344 1101/1024/344 1195/1025/344
f 458/1026/345 1102/1027/345 1194/1028/345
f 1103/1029/346 618/1030/346 1193/1031/346
f 1192/1032/347 374/1033/347 1105/1034/347
f 1191/1035/348 135/1036/348 1106/1037/348
f 1107/1038/349 446/1039/349 1190/1040/349
f 1108/1041/350 1109/1042/350 1189/1043/350
f 469/1044/351 1110/1045/351 1188/1046/351
f 1187/1047/352 157/1048/352 445/1049/352
f 1186/1050/353 376/1051/353 1113/1052/353
f 1185/1053/354 118/1054/354 1114/1055/354
f 1184/1056/355 180/1057/355 468/1058/355
f 1183/1059/356 377/1060/356 1117/1061/356
f 597/264/357 1118/1062/357 1182/1063/357
f 1119/1064/358 614/1065/358 1181/1066/358
f 1120/1067/359 1121/1068/359 1180/1069/359
f 1179/1070/360 131/1071/360 1122/1072/360
f 1123/1073/361 585/1074/361 1178/1075/361
f 1124/1076/362 1125/1077/362 1177/1078/362
f 1176/1079/363 177/1080/363 1126/1081/363
f 1127/1082/364 586/1083/364 1175/1084/364
f 1128/1085/365 1129/1086/365 1174/1087/365
f 1173/1088/366 112/1089/366 1130/1090/366
f 1172/1091/367 176/1092/367 464/1093/367
f 1171/1094/368 381/1095/368 1133/1096/368
f 591/1097/369 1134/1098/369 1170/1099/369
f 1169/1100/370 130/1101/370 610/1102/370
f 1168/1103/371 382/1104/371 1137/1105/371
f 607/1106/372 1138/1107/372 1167/1108/372
f 1166/1109/373 111/1110/373 591/1097/373
f 1165/1111/374 383/1112/374 1141/1113/374
f 461/1114/375 1142/1115/375 1164/1116/375
f 1143/1117/376 592/1118/376 1163/1119/376
f 1162/1120/377 384/1121/377 1145/1122/377
f 1161/1123/378 165/1124/378 1146/1125/378
f 1147/1126/379 460/1127/379 1160/1128/379
f 1148/1129/380 1149/1130/380 1159/1131/380
f 454/1132/381 1150/1133/381 1158/1134/381
f 1157/1135/382 126/1136/382 606/1137/382
f 1156/1138/383 386/1139/383 1153/1140/383
f 1155/1141/384 123/1142/384 1154/1143/384
f 1152/1144/385 1154/1143/385 386/1139/385
f 770/283/386 1152/1144/386 290/286/386
f 770/283/387 603/1145/387 1155/1141/387
f 1156/1138/388 287/310/388 767/1146/388
f 98/280/389 1156/1138/389 767/1146/389
f 290/286/390 1156/1138/390 578/287/390
f 575/1147/391 606/1137/391 54/277/391
f 287/310/392 1157/1135/392 575/1147/392
f 1153/1140/393 1151/1148/393 1157/1135/393
f 1158/1134/394 385/1149/394 1148/1129/394
f 766/274/395 1148/1129/395 286/1150/395
f 46/195/396 1158/1134/396 766/274/396
f 1159/1131/397 283/1151/397 763/336/397
f 574/313/398 763/336/398 97/1152/398
f 286/1150/399 1159/1131/399 574/313/399
f 1160/1128/400 52/1153/400 571/267/400
f 1149/1130/401 571/267/401 283/1151/401
f 385/1149/402 1160/1128/402 1149/1130/402
f 1144/1154/403 1146/1125/403 384/1121/403
f 282/340/404 1161/1123/404 1144/1154/404
f 762/265/405 453/203/405 1161/1123/405
f 759/1155/406 1145/1122/406 279/364/406
f 96/262/407 1162/1120/407 759/1155/407
f 570/341/408 1144/1154/408 1162/1120/408
f 567/1156/409 592/1118/409 40/260/409
f 279/364/410 1163/1119/410 567/1156/410
f 384/1121/411 1163/1119/411 1145/1122/411
f 1140/1157/412 1142/1115/412 383/1112/412
f 278/1158/413 1164/1116/413 1140/1157/413
f 53/257/414 1164/1116/414 758/258/414
f 755/1159/415 1141/1113/415 275/391/415
f 95/1160/416 1165/1111/416 755/1159/416
f 566/367/417 1140/1157/417 1165/1111/417
f 563/1161/418 591/1097/418 39/240/418
f 275/1162/419 1166/1109/419 563/1161/419
f 1141/1163/420 1139/1164/420 1166/1109/420
f 1167/1108/421 382/1104/421 1136/1165/421
f 754/249/422 1136/1165/422 274/1166/422
f 55/1167/423 1167/1108/423 754/249/423
f 751/1168/424 1137/1105/424 271/418/424
f 94/246/425 1168/1103/425 751/1168/425
f 562/394/426 1136/1165/426 1168/1103/426
f 559/1169/427 610/1102/427 58/243/427
f 271/418/428 1169/1100/428 559/1169/428
f 1137/1105/429 1135/1170/429 1169/1100/429
f 1132/1171/430 1134/1098/430 381/1095/430
f 270/421/431 1170/1099/431 1132/1171/431
f 39/240/432 1170/1099/432 750/241/432
f 747/1172/433 1133/1096/433 267/444/433
f 93/1173/434 1171/1094/434 747/1172/434
f 558/422/435 1132/1171/435 1171/1094/435
f 555/1174/436 464/1093/436 56/234/436
f 267/444/437 1172/1091/437 555/1174/437
f 1133/1096/438 1131/1175/438 1172/1091/438
f 1128/1085/439 1130/1090/439 380/1176/439
f 746/231/440 1128/1085/440 266/447/440
f 40/260/441 1173/1088/441 746/231/441
f 1174/1087/442 263/1177/442 743/469/442
f 554/448/443 743/469/443 92/1178/443
f 266/447/444 1174/1087/444 554/448/444
f 1175/1084/445 34/1179/445 551/224/445
f 1129/1086/446 551/224/446 263/1177/446
f 380/1176/447 1175/1084/447 1129/1086/447
f 1124/1076/448 1126/1081/448 379/1180/448
f 262/473/449 1176/1079/449 1124/1076/449
f 742/223/450 465/1181/450 1176/1079/450
f 739/1182/451 1125/1077/451 259/497/451
f 91/219/452 1177/1078/452 739/1182/452
f 550/474/453 1124/1076/453 1177/1078/453
f 547/1183/454 585/1074/454 33/216/454
f 259/497/455 1178/1075/455 547/1183/455
f 379/1180/456 1178/1075/456 1125/1077/456
f 1120/1067/457 1122/1072/457 378/1184/457
f 258/1185/458 1179/1070/458 1120/1067/458
f 59/1186/459 1179/1070/459 738/213/459
f 1180/1069/460 255/1187/460 735/523/460
f 546/500/461 735/523/461 90/1188/461
f 258/1185/462 1180/1069/462 546/500/462
f 1181/1066/463 62/1189/463 543/206/463
f 1121/1068/464 543/206/464 255/1187/464
f 378/1184/465 1181/1066/465 1121/1068/465
f 1182/1063/466 377/1060/466 1116/1190/466
f 734/204/467 1116/1190/467 254/1191/467
f 45/1192/468 1182/1063/468 734/204/468
f 731/1193/469 1117/1061/469 251/551/469
f 89/201/470 1183/1059/470 731/1193/470
f 254/1191/471 1183/1059/471 542/527/471
f 1184/1056/472 60/198/472 539/1194/472
f 251/551/473 1184/1056/473 539/1194/473
f 1117/1061/474 1115/1195/474 1184/1056/474
f 1112/1196/475 1114/1055/475 376/1051/475
f 250/554/476 1185/1053/476 1112/1196/476
f 730/196/477 598/273/477 1185/1053/477
f 727/1197/478 1113/1052/478 247/577/478
f 88/192/479 1186/1050/479 727/1197/479
f 538/555/480 1112/1196/480 1186/1050/480
f 535/1198/481 445/1049/481 37/189/481
f 247/577/482 1187/1047/482 535/1198/482
f 1113/1052/483 1111/1199/483 1187/1047/483
f 1108/1041/484 1110/1045/484 375/1200/484
f 246/580/485 1188/1046/485 1108/1041/485
f 61/186/486 1188/1046/486 726/187/486
f 1189/1043/487 243/1201/487 723/603/487
f 534/581/488 723/603/488 87/1202/488
f 246/580/489 1189/1043/489 534/581/489
f 1190/1040/490 38/180/490 531/1203/490
f 1109/1042/491 531/1203/491 243/1201/491
f 375/1200/492 1190/1040/492 1109/1042/492
f 1104/1204/493 1106/1037/493 374/1033/493
f 242/607/494 1191/1035/494 1104/1204/494
f 63/1205/495 1191/1035/495 722/1206/495
f 719/630/496 1105/1034/496 239/1207/496
f 86/174/497 1192/1032/497 719/630/497
f 530/608/498 1104/1204/498 1192/1032/498
f 1193/1031/499 66/1208/499 527/170/499
f 1105/1034/500 527/170/500 239/1207/500
f 1105/1034/501 1103/1029/501 1193/1031/501
f 1194/1028/502 373/1209/502 1100/1023/502
f 718/168/503 1100/1023/503 238/1210/503
f 50/1211/504 1194/1028/504 718/168/504
f 1195/1025/505 235/658/505 715/1212/505
f 526/634/506 715/1212/506 85/165/506
f 238/1210/507 1195/1025/507 526/634/507
f 1196/1022/508 64/1213/508 523/1214/508
f 1101/1024/509 523/1214/509 235/658/509
f 373/1209/510 1196/1022/510 1101/1024/510
f 1096/1215/511 1098/1019/511 372/1015/511
f 714/160/512 1096/1215/512 234/661/512
f 714/160/513 457/1216/513 1197/1017/513
f 711/684/514 1097/1016/514 231/1217/514
f 522/662/515 711/684/515 84/1218/515
f 234/661/516 1198/1014/516 522/662/516
f 519/152/517 596/1013/517 44/1219/517
f 1097/1220/518 519/152/518 231/1221/518
f 1097/1220/519 1095/1222/519 1199/1011/519
f 1200/1010/520 371/1223/520 1092/1005/520
f 710/151/521 1092/1005/521 230/1224/521
f 65/150/522 1200/1010/522 710/151/522
f 1201/1007/523 227/1225/523 707/711/523
f 518/688/524 707/711/524 83/1226/524
f 230/1224/525 1201/1007/525 518/688/525
f 1202/1004/526 43/1227/526 515/143/526
f 1093/1006/527 515/143/527 227/1225/527
f 371/1223/528 1202/1004/528 1093/1006/528
f 1088/996/529 1090/1001/529 370/1228/529
f 226/715/530 1203/999/530 1088/996/530
f 706/142/531 619/1229/531 1203/999/531
f 703/1230/532 1089/997/532 223/739/532
f 82/138/533 1204/998/533 703/1230/533
f 514/716/534 1088/996/534 1204/998/534
f 1205/995/535 70/1231/535 511/134/535
f 1089/997/536 511/134/536 223/739/536
f 370/1228/537 1205/995/537 1089/997/537
f 1206/992/538 369/1232/538 1084/987/538
f 702/132/539 1084/987/539 222/1233/539
f 41/1234/540 1206/992/540 702/132/540
f 1207/989/541 219/1235/541 699/765/541
f 81/1236/542 1207/989/542 699/765/542
f 222/1233/543 1207/989/543 510/742/543
f 507/1237/544 476/985/544 68/126/544
f 219/1235/545 1208/986/545 507/1237/545
f 1085/988/546 1083/984/546 1208/986/546
f 1080/978/547 1082/983/547 368/1238/547
f 218/769/548 1209/981/548 1080/978/548
f 698/124/549 594/1239/549 1209/981/549
f 1210/980/550 215/1240/550 695/792/550
f 506/770/551 695/792/551 80/1241/551
f 218/769/552 1210/980/552 506/770/552
f 503/1242/553 443/977/553 35/117/553
f 1081/979/554 503/1242/554 215/1240/554
f 1081/979/555 1079/1243/555 1211/975/555
f 1076/1244/556 1078/974/556 367/970/556
f 214/796/557 1212/972/557 1076/1244/557
f 694/114/558 477/1245/558 1212/972/558
f 691/819/559 1077/971/559 211/1246/559
f 79/1247/560 1213/969/560 691/819/560
f 502/797/561 1076/1244/561 1213/969/561
f 499/1248/562 444/968/562 36/108/562
f 211/1249/563 1214/966/563 499/1248/563
f 1077/971/564 1075/1250/564 1214/1251/564
f 1072/1252/565 1074/965/565 366/961/565
f 690/106/566 1072/1252/566 210/823/566
f 71/105/567 1215/963/567 690/106/567
f 687/1253/568 1073/962/568 207/847/568
f 78/1254/569 1216/960/569 687/1253/569
f 498/824/570 1072/1252/570 1216/960/570
f 1217/957/571 74/1255/571 495/98/571
f 207/1256/572 1217/957/572 495/98/572
f 1073/1257/573 1071/1258/573 1217/957/573
f 1068/1259/574 1070/956/574 365/952/574
f 206/1260/575 1218/954/575 1068/1259/575
f 686/97/576 599/1261/576 1218/954/576
f 683/1262/577 1069/953/577 203/874/577
f 77/1263/578 1219/951/578 683/1262/578
f 494/850/579 1068/1259/579 1219/951/579
f 491/1264/580 480/949/580 72/90/580
f 203/1265/581 1220/950/581 491/1264/581
f 1069/1266/582 1067/948/582 1220/950/582
f 1221/947/583 364/1267/583 1064/942/583
f 682/87/584 1064/942/584 202/1268/584
f 48/1269/585 1221/947/585 682/87/585
f 1222/944/586 199/1270/586 679/900/586
f 490/877/587 679/900/587 76/1271/587
f 202/1268/588 1222/944/588 490/877/588
f 1223/941/589 31/1272/589 487/80/589
f 1065/943/590 487/80/590 199/1270/590
f 364/1267/591 1223/941/591 1065/943/591
f 1224/938/592 363/1273/592 1060/933/592
f 678/79/593 1060/933/593 198/1274/593
f 73/78/594 1224/938/594 678/79/594
f 1225/935/595 195/928/595 675/1275/595
f 486/904/596 675/1275/596 75/75/596
f 198/1274/597 1225/935/597 486/904/597
f 483/1276/598 440/932/598 32/72/598
f 195/928/599 1226/930/599 483/1276/599
f 363/1273/600 1226/930/600 1061/934/600
f 1056/924/601 1058/929/601 362/1277/601
f 197/913/602 1227/927/602 1056/924/602
f 677/76/603 675/1275/603 1227/927/603
f 1228/926/604 149/1278/604 437/1279/604
f 485/914/605 437/1279/605 29/1280/605
f 197/913/606 1228/926/606 485/914/606
f 1229/923/607 2/1281/607 629/1282/607
f 1057/925/608 629/1282/608 149/1278/608
f 362/1277/609 1229/923/609 1057/925/609
f 1230/920/610 361/1283/610 1052/915/610
f 482/99/611 1052/915/611 194/1284/611
f 74/1255/612 1230/920/612 482/99/612
f 1231/917/613 101/1285/613 389/1286/613
f 674/841/614 389/1286/614 10/1287/614
f 194/1284/615 1231/917/615 674/841/615
f 1232/912/616 29/1280/616 581/1288/616
f 1053/916/617 581/1288/617 101/1285/617
f 1053/916/618 1051/1289/618 1232/912/618
f 1048/1290/619 1050/911/619 360/907/619
f 146/958/620 1233/909/620 1048/1290/620
f 26/1291/621 1233/909/621 434/60/621
f 676/918/622 1049/908/622 196/1292/622
f 626/959/623 676/918/623 74/1255/623
f 626/959/624 1048/1290/624 1234/906/624
f 1235/905/625 75/75/625 484/1293/625
f 1049/908/626 484/1293/626 196/1292/626
f 1049/908/627 1047/903/627 1235/905/627
f 1236/902/628 359/1294/628 1044/897/628
f 681/84/629 1044/897/629 201/1295/629
f 76/1271/630 1236/902/630 681/84/630
f 1237/899/631 193/1296/631 481/936/631
f 489/886/632 481/936/632 73/78/632
f 201/1295/633 1237/899/633 489/886/633
f 1238/896/634 11/1297/634 673/68/634
f 1045/898/635 673/68/635 193/1296/635
f 359/1294/636 1238/896/636 1045/898/636
f 1239/893/637 358/1298/637 1040/888/637
f 624/91/638 1040/888/638 144/868/638
f 72/90/639 1239/893/639 624/91/639
f 1240/890/640 145/910/640 433/1299/640
f 432/869/641 433/1299/641 26/1291/641
f 432/869/642 1040/888/642 1240/890/642
f 1241/887/643 73/78/643 625/1300/643
f 145/910/644 1241/887/644 625/1300/644
f 358/1298/645 1241/887/645 1041/889/645
f 1242/884/646 357/1301/646 1036/879/646
f 672/63/647 1036/879/647 192/1302/647
f 19/1303/648 1242/884/648 672/63/648
f 1243/881/649 200/1304/649 680/891/649
f 480/949/650 680/891/650 72/90/650
f 192/1302/651 1243/881/651 480/949/651
f 1244/878/652 76/1271/652 488/83/652
f 1037/880/653 488/83/653 200/1304/653
f 357/1301/654 1244/878/654 1037/880/654
f 1032/1305/655 1034/875/655 356/871/655
f 685/93/656 1032/1305/656 205/1306/656
f 77/1263/657 1245/873/657 685/93/657
f 623/1307/658 1033/872/658 143/964/658
f 493/859/659 623/1307/659 71/105/659
f 205/1306/660 1246/870/660 493/859/660
f 431/59/661 432/869/661 26/1291/661
f 143/1308/662 1247/867/662 431/59/662
f 1033/1309/663 1031/1310/663 1247/867/663
f 1248/864/664 355/1311/664 1028/861/664
f 109/571/665 1248/864/665 1028/861/665
f 589/190/666 684/1312/666 1248/864/666
f 1249/863/667 191/1313/667 671/828/667
f 397/572/668 671/828/668 14/1314/668
f 109/571/669 1249/863/669 397/572/669
f 1250/860/670 71/105/670 479/1315/670
f 1029/862/671 479/1315/671 191/1313/671
f 355/1311/672 1250/860/672 1029/862/672
f 1024/1316/673 1026/857/673 354/853/673
f 157/1048/674 1251/855/674 1024/1316/674
f 637/31/675 647/1317/675 1251/855/675
f 1252/852/676 204/865/676 684/1312/676
f 37/189/677 1252/852/677 684/1312/677
f 445/1049/678 1024/1316/678 1252/852/678
f 1253/851/679 77/1263/679 492/92/679
f 1025/854/680 492/92/680 204/865/680
f 354/853/681 1253/851/681 1025/854/681
f 1020/1318/682 1022/848/682 353/844/682
f 209/1319/683 1254/846/683 1020/1318/683
f 689/102/684 687/1253/684 1254/846/684
f 438/1320/685 1021/845/685 150/1321/685
f 497/832/686 438/1320/686 30/1322/686
f 497/832/687 1020/1318/687 1255/843/687
f 1256/842/688 10/1287/688 630/1323/688
f 1021/1324/689 630/1323/689 150/1325/689
f 353/1326/690 1256/842/690 1021/1324/690
f 1016/1327/691 1018/839/691 352/835/691
f 110/598/692 1257/837/692 1016/1327/692
f 590/181/693 688/1328/693 1257/837/693
f 390/1329/694 1017/836/694 102/1330/694
f 6/1331/695 1258/834/695 390/1329/695
f 398/599/696 1016/1327/696 1258/834/696
f 1259/833/697 30/1322/697 582/1332/697
f 1017/836/698 582/1332/698 102/1330/698
f 352/835/699 1259/833/699 1017/836/699
f 1260/830/700 351/1333/700 1012/825/700
f 638/33/701 1012/825/701 158/1334/701
f 14/1314/702 1260/830/702 638/33/702
f 1261/827/703 208/838/703 688/1328/703
f 38/180/704 1261/827/704 688/1328/704
f 446/1039/705 1012/825/705 1261/827/705
f 1262/822/706 78/1254/706 496/101/706
f 208/838/707 1262/822/707 496/101/707
f 1013/826/708 1011/1335/708 1262/822/708
f 1263/821/709 350/1336/709 1008/816/709
f 693/111/710 1008/816/710 213/1337/710
f 79/1247/711 1263/821/711 693/111/711
f 1264/818/712 169/1018/712 457/1216/712
f 501/805/713 457/1216/713 49/159/713
f 213/1337/714 1264/818/714 501/805/714
f 649/1338/715 396/815/715 4/42/715
f 169/1339/716 1265/813/716 649/1338/716
f 1009/1340/717 1007/1341/717 1265/813/717
f 1266/812/718 349/808/718 1004/1342/718
f 478/135/719 1004/1342/719 190/733/719
f 70/1231/720 1266/812/720 478/135/720
f 409/1343/721 1005/809/721 121/667/721
f 20/1344/722 1267/807/722 409/1343/722
f 670/734/723 1004/1342/723 1267/807/723
f 1268/806/724 49/159/724 601/1345/724
f 1005/809/725 601/1345/725 121/667/725
f 349/808/726 1268/806/726 1005/809/726
f 1269/803/727 348/1346/727 1000/798/727
f 430/49/728 1000/798/728 142/1347/728
f 25/48/729 1269/803/729 430/49/729
f 1270/800/730 212/1348/730 692/810/730
f 622/994/731 692/810/731 70/1231/731
f 142/1347/732 1270/800/732 622/994/732
f 1271/795/733 79/1247/733 500/110/733
f 1001/799/734 500/110/734 212/1348/734
f 348/1346/735 1271/795/735 1001/799/735
f 1272/794/736 347/790/736 996/1349/736
f 697/120/737 996/1349/737 217/1350/737
f 80/1241/738 1272/794/738 697/120/738
f 477/1245/739 997/791/739 189/973/739
f 69/1351/740 1273/789/740 477/1245/740
f 505/778/741 996/1349/741 1273/789/741
f 669/1352/742 395/788/742 13/57/742
f 189/973/743 1274/786/743 669/1352/743
f 997/791/744 995/1353/744 1274/786/744
f 1275/785/745 346/1354/745 992/780/745
f 620/127/746 992/780/746 140/1355/746
f 68/126/747 1275/785/747 620/127/747
f 1276/782/748 141/1356/748 429/801/748
f 428/760/749 429/801/749 25/48/749
f 140/1355/750 1276/782/750 428/760/750
f 1277/779/751 69/1351/751 621/113/751
f 993/781/752 621/113/752 141/1356/752
f 346/1354/753 1277/779/753 993/781/753
f 1278/776/754 345/1357/754 988/771/754
f 668/51/755 988/771/755 188/1358/755
f 16/1359/756 1278/776/756 668/51/756
f 1279/773/757 216/1360/757 696/783/757
f 476/985/758 696/783/758 68/126/758
f 188/1358/759 1279/773/759 476/985/759
f 504/119/760 506/770/760 80/1241/760
f 216/1360/761 1280/768/761 504/119/761
f 989/772/762 987/1361/762 1280/768/762
f 984/762/763 986/766/763 344/1362/763
f 701/129/764 984/762/764 221/1363/764
f 81/1236/765 1281/767/765 701/129/765
f 1282/764/766 139/1000/766 619/1229/766
f 509/751/767 619/1229/767 67/141/767
f 221/1363/768 1282/764/768 509/751/768
f 1283/761/769 25/48/769 427/1364/769
f 985/763/770 427/1364/770 139/1000/770
f 344/1362/771 1283/761/771 985/763/771
f 1284/758/772 343/1365/772 980/753/772
f 583/81/773 980/753/773 103/1366/773
f 31/1272/774 1284/758/774 583/81/774
f 1285/755/775 187/1367/775 667/720/775
f 11/1297/776 1285/755/776 667/720/776
f 391/895/777 980/753/777 1285/755/777
f 1286/752/778 67/141/778 475/1368/778
f 981/754/779 475/1368/779 187/1367/779
f 343/1365/780 1286/752/780 981/754/780
f 976/1369/781 978/749/781 342/745/781
f 631/67/782 976/1369/782 151/1370/782
f 631/67/783 641/1371/783 1287/747/783
f 700/756/784 977/746/784 220/1372/784
f 439/940/785 700/756/785 31/1272/785
f 151/1370/786 1288/744/786 439/940/786
f 1289/743/787 81/1236/787 508/128/787
f 220/1372/788 1289/743/788 508/128/788
f 342/745/789 1289/743/789 977/746/789
f 972/1373/790 974/740/790 341/736/790
f 225/724/791 1290/738/791 972/1373/791
f 705/139/792 703/1230/792 1290/738/792
f 458/1026/793 973/737/793 170/1374/793
f 50/1211/794 1291/735/794 458/1026/794
f 513/725/795 972/1373/795 1291/735/795
f 650/38/796 670/734/796 20/1344/796
f 170/1374/797 1292/732/797 650/38/797
f 973/737/798 971/1375/798 1292/732/798
f 968/1376/799 970/731/799 340/727/799
f 104/1377/800 1293/729/800 968/1376/800
f 584/73/801 704/1378/801 1293/729/801
f 410/639/802 969/728/802 122/1379/802
f 2/1281/803 1294/726/803 410/639/803
f 392/922/804 968/1376/804 1294/726/804
f 602/167/805 513/725/805 50/1211/805
f 122/1379/806 1295/723/806 602/167/806
f 969/728/807 967/1380/807 1295/723/807
f 964/1381/808 966/721/808 339/718/808
f 632/69/809 964/1381/809 152/931/809
f 11/1297/810 1296/722/810 632/69/810
f 704/1378/811 965/719/811 224/730/811
f 32/72/812 1297/717/812 704/1378/812
f 440/932/813 964/1381/813 1297/717/813
f 512/1382/814 514/716/814 82/138/814
f 224/730/815 1298/714/815 512/1382/815
f 965/719/816 963/1383/816 1298/714/816
f 960/1384/817 962/712/817 338/709/817
f 229/697/818 1299/713/818 960/1384/818
f 83/1226/819 1299/713/819 709/147/819
f 580/1385/820 961/710/820 100/1386/820
f 28/1387/821 1300/708/821 580/1385/821
f 517/698/822 960/1384/822 1300/708/822
f 1301/707/823 8/1388/823 388/1389/823
f 961/710/824 388/1389/824 100/1386/824
f 338/709/825 1301/707/825 961/710/825
f 956/1390/826 958/703/826 337/700/826
f 186/1391/827 1302/704/827 956/1390/827
f 66/1208/828 1302/704/828 474/171/828
f 1303/699/829 148/1392/829 628/1393/829
f 666/625/830 628/1393/830 9/1394/830
f 186/1391/831 1303/699/831 666/625/831
f 436/1395/832 517/698/832 28/1387/832
f 148/1392/833 1304/696/833 436/1395/833
f 957/701/834 955/1396/834 1304/696/834
f 1305/695/835 336/1397/835 952/690/835
f 426/37/836 952/690/836 138/1398/836
f 24/36/837 1305/695/837 426/37/837
f 1306/692/838 228/1399/838 708/702/838
f 618/1030/839 708/702/839 66/1208/839
f 138/1398/840 1306/692/840 618/1030/840
f 1307/689/841 83/1226/841 516/146/841
f 953/691/842 516/146/842 228/1399/842
f 336/1397/843 1307/689/843 953/691/843
f 948/681/844 950/1400/844 335/1401/844
f 233/1402/845 1308/686/845 948/1403/845
f 713/156/846 711/684/846 1308/686/846
f 1309/683/847 185/1404/847 473/1008/847
f 65/150/848 1309/683/848 473/1008/848
f 233/670/849 1309/683/849 521/671/849
f 1310/680/850 17/1405/850 665/44/850
f 949/682/851 665/44/851 185/1404/851
f 335/1401/852 1310/680/852 949/682/852
f 1311/1406/853 334/1407/853 944/672/853
f 616/162/854 944/672/854 136/652/854
f 64/1408/855 1311/1406/855 616/162/855
f 1312/674/856 137/1409/856 425/693/856
f 24/36/857 1312/674/857 425/693/857
f 136/652/858 1312/674/858 424/653/858
f 617/1410/859 521/671/859 65/150/859
f 137/1409/860 1313/669/860 617/1410/860
f 945/673/861 943/1411/861 1313/669/861
f 940/1412/862 942/668/862 333/664/862
f 184/1413/863 1314/666/863 940/1412/863
f 664/39/864 409/1343/864 1314/666/864
f 1315/663/865 232/1414/865 712/675/865
f 64/1213/866 1315/663/866 712/675/866
f 472/1021/867 940/1412/867 1315/663/867
f 520/155/868 522/662/868 84/1218/868
f 232/1414/869 1316/660/869 520/155/869
f 941/665/870 939/1415/870 1316/660/870
f 936/1416/871 938/1417/871 332/655/871
f 237/643/872 1317/657/872 936/1418/872
f 717/166/873 715/1212/873 1317/657/873
f 615/1419/874 937/656/874 135/1036/874
f 525/1420/875 615/1419/875 63/1205/875
f 525/1420/876 936/1416/876 1318/654/876
f 423/1421/877 424/653/877 24/36/877
f 135/1036/878 1319/651/878 423/1421/878
f 937/656/879 935/1422/879 1319/651/879
f 1320/650/880 331/1423/880 932/645/880
f 581/1288/881 932/645/881 101/1285/881
f 29/1280/882 1320/650/882 581/1288/882
f 1321/647/883 183/1424/883 663/612/883
f 389/1286/884 663/612/884 10/1287/884
f 101/1285/885 1321/647/885 389/1286/885
f 1322/642/886 63/1425/886 471/176/886
f 183/1424/887 1322/642/887 471/176/887
f 331/1423/888 1322/642/888 933/646/888
f 1323/641/889 330/1426/889 928/636/889
f 629/1282/890 928/636/890 149/1278/890
f 2/1281/891 1323/641/891 629/1282/891
f 1324/638/892 236/1427/892 716/648/892
f 437/1279/893 716/648/893 29/1280/893
f 149/1278/894 1324/638/894 437/1279/894
f 1325/635/895 85/165/895 524/1428/895
f 929/637/896 524/1428/896 236/1427/896
f 330/1426/897 1325/635/897 929/637/897
f 1326/632/898 329/1429/898 924/627/898
f 721/175/899 924/627/899 241/1430/899
f 721/175/900 719/630/900 1326/632/900
f 1327/629/901 99/1431/901 579/1432/901
f 529/616/902 579/1432/902 27/1433/902
f 241/1430/903 1327/629/903 529/616/903
f 1328/626/904 9/1394/904 387/1434/904
f 925/628/905 387/1434/905 99/1431/905
f 329/1429/906 1328/626/906 925/628/906
f 920/1435/907 922/623/907 328/619/907
f 102/1330/908 1329/621/908 920/1435/908
f 582/1332/909 720/1436/909 1329/621/909
f 1330/618/910 147/1437/910 627/1438/910
f 6/1331/911 1330/618/911 627/1438/911
f 390/1329/912 920/1435/912 1330/618/912
f 1331/617/913 27/1433/913 435/1439/913
f 921/620/914 435/1439/914 147/1437/914
f 328/619/915 1331/617/915 921/620/915
f 1332/614/916 327/1440/916 916/1441/916
f 630/1323/917 916/1441/917 150/1325/917
f 10/1287/918 1332/614/918 630/1323/918
f 720/1436/919 917/611/919 240/622/919
f 30/1322/920 1333/609/920 720/1436/920
f 150/1321/921 1333/609/921 438/1320/921
f 528/1442/922 530/608/922 86/174/922
f 240/622/923 1334/606/923 528/1442/923
f 917/611/924 915/1443/924 1334/606/924
f 1335/605/925 326/1444/925 912/600/925
f 725/183/926 912/600/926 245/1445/926
f 87/1202/927 1335/605/927 725/183/927
f 1336/602/928 147/1437/928 435/1439/928
f 533/589/929 435/1439/929 27/1433/929
f 245/1445/930 1336/602/930 533/589/930
f 1337/597/931 6/1331/931 627/1438/931
f 913/601/932 627/1438/932 147/1437/932
f 326/1444/933 1337/597/933 913/601/933
f 1338/596/934 325/1446/934 908/591/934
f 470/207/935 908/591/935 182/1447/935
f 62/1189/936 1338/596/936 470/207/936
f 1339/593/937 99/1431/937 387/1434/937
f 662/518/938 387/1434/938 9/1394/938
f 182/1447/939 1339/593/939 662/518/939
f 1340/590/940 27/1433/940 579/1432/940
f 909/592/941 579/1432/941 99/1431/941
f 325/1446/942 1340/590/942 909/592/942
f 904/1448/943 906/587/943 324/583/943
f 134/1449/944 1341/585/944 904/1448/944
f 422/25/945 421/1450/945 1341/585/945
f 1342/582/946 244/1451/946 724/594/946
f 614/1065/947 724/594/947 62/1189/947
f 614/1065/948 904/1448/948 1342/582/948
f 1343/579/949 87/1202/949 532/182/949
f 905/584/950 532/182/950 244/1451/950
f 905/584/951 903/1452/951 1343/579/951
f 900/1453/952 902/578/952 323/574/952
f 249/562/953 1344/576/953 900/1453/953
f 729/193/954 727/1197/954 1344/576/954
f 469/1044/955 901/575/955 181/1454/955
f 61/186/956 1345/573/956 469/1044/956
f 537/563/957 900/1453/957 1345/573/957
f 661/32/958 397/572/958 14/1314/958
f 181/1454/959 1346/570/959 661/32/959
f 901/575/960 899/1455/960 1346/570/960
f 896/1456/961 898/568/961 322/565/961
f 612/199/962 896/1456/962 132/1457/962
f 612/199/963 728/567/963 1347/569/963
f 421/1450/964 897/566/964 133/586/964
f 23/24/965 1348/564/965 421/1450/965
f 132/1457/966 1348/564/966 420/545/966
f 613/1458/967 537/563/967 61/186/967
f 133/586/968 1349/561/968 613/1458/968
f 897/566/969 895/1459/969 1349/561/969
f 1350/560/970 321/557/970 892/1460/970
f 660/28/971 892/1460/971 180/1057/971
f 660/28/972 646/4/972 1350/560/972
f 1351/556/973 248/1461/973 728/567/973
f 468/1058/974 728/567/974 60/198/974
f 468/1058/975 892/1460/975 1351/556/975
f 536/1462/976 538/555/976 88/192/976
f 248/1461/977 1352/553/977 536/1462/977
f 893/558/978 891/1463/978 1352/553/978
f 1353/550/979 320/548/979 888/1464/979
f 253/536/980 1353/550/980 888/1464/980
f 733/202/981 731/1193/981 1353/550/981
f 611/1465/982 889/549/982 131/1071/982
f 541/537/983 611/1465/983 59/1186/983
f 253/536/984 1354/547/984 541/537/984
f 419/1466/985 420/545/985 23/24/985
f 131/1071/986 1355/546/986 419/1466/986
f 889/549/987 887/544/987 1355/546/987
f 884/538/988 886/543/988 319/1467/988
f 154/1468/989 1356/541/989 884/538/989
f 442/225/990 732/1469/990 1356/541/990
f 1357/540/991 179/506/991 659/1470/991
f 634/464/992 659/1470/992 12/21/992
f 154/1468/993 1357/540/993 634/464/993
f 467/212/994 541/537/994 59/1186/994
f 179/506/995 1358/535/995 467/212/995
f 885/539/996 883/1471/996 1358/535/996
f 1359/534/997 318/1472/997 880/529/997
f 394/18/998 880/529/998 106/1473/998
f 7/8/999 1359/534/999 394/18/999
f 732/1469/1000 881/530/1000 252/542/1000
f 34/1179/1001 1360/531/1001 732/1469/1001
f 106/1473/1002 1360/531/1002 586/1083/1002
f 540/1474/1003 542/527/1003 89/201/1003
f 252/542/1004 1361/528/1004 540/1474/1004
f 318/1472/1005 1361/528/1005 881/530/1005
f 1362/525/1006 317/1475/1006 876/520/1006
f 257/1476/1007 1362/525/1007 876/520/1007
f 90/1188/1008 1362/525/1008 737/210/1008
f 1363/522/1009 148/1392/1009 436/1395/1009
f 545/509/1010 436/1395/1010 28/1387/1010
f 257/1476/1011 1363/522/1011 545/509/1011
f 1364/519/1012 9/1394/1012 628/1393/1012
f 877/521/1013 628/1393/1013 148/1392/1013
f 317/1475/1014 1364/519/1014 877/521/1014
f 1365/516/1015 316/1477/1015 872/511/1015
f 441/217/1016 872/511/1016 153/1478/1016
f 33/216/1017 1365/516/1017 441/217/1017
f 1366/513/1018 100/1386/1018 388/1389/1018
f 633/491/1019 388/1389/1019 8/1388/1019
f 153/1478/1020 1366/513/1020 633/491/1020
f 1367/510/1021 28/1387/1021 580/1385/1021
f 873/512/1022 580/1385/1022 100/1386/1022
f 316/1477/1023 1367/510/1023 873/512/1023
f 868/1479/1024 870/507/1024 315/503/1024
f 105/1480/1025 1368/505/1025 868/1479/1025
f 393/22/1026 659/1470/1026 1368/505/1026
f 736/514/1027 869/504/1027 256/1481/1027
f 33/216/1028 1369/502/1028 736/514/1028
f 585/1074/1029 868/1479/1029 1369/502/1029
f 1370/501/1030 90/1188/1030 544/209/1030
f 869/504/1031 544/209/1031 256/1481/1031
f 869/504/1032 867/499/1032 1370/501/1032
f 864/1482/1033 866/498/1033 314/494/1033
f 261/482/1034 1371/496/1034 864/1482/1034
f 741/220/1035 739/1182/1035 1371/496/1035
f 451/144/1036 865/495/1036 163/1483/1036
f 43/1227/1037 1372/493/1037 451/144/1037
f 549/483/1038 864/1482/1038 1372/493/1038
f 1373/492/1039 8/1388/1039 643/706/1039
f 865/495/1040 643/706/1040 163/1483/1040
f 314/494/1041 1373/492/1041 865/495/1041
f 1374/489/1042 313/1484/1042 860/484/1042
f 466/244/1043 860/484/1043 178/1485/1043
f 58/243/1044 1374/489/1044 466/244/1044
f 403/45/1045 861/485/1045 115/1486/1045
f 658/412/1046 403/45/1046 17/1405/1046
f 178/1485/1047 1375/486/1047 658/412/1047
f 595/1003/1048 549/483/1048 43/1227/1048
f 115/1486/1049 1376/481/1049 595/1003/1049
f 861/485/1050 859/1487/1050 1376/481/1050
f 856/1488/1051 858/480/1051 312/476/1051
f 130/1101/1052 1377/478/1052 856/1488/1052
f 418/14/1053 417/1489/1053 1377/478/1053
f 740/487/1054 857/477/1054 260/1490/1054
f 58/243/1055 1378/475/1055 740/487/1055
f 610/1102/1056 856/1488/1056 1378/475/1056
f 548/1491/1057 550/474/1057 91/219/1057
f 260/1490/1058 1379/472/1058 548/1491/1058
f 857/477/1059 855/1492/1059 1379/472/1059
f 852/466/1060 854/470/1060 311/1493/1060
f 265/455/1061 1380/471/1061 852/466/1061
f 92/1178/1062 1380/471/1062 745/228/1062
f 465/1181/1063 853/467/1063 177/1080/1063
f 57/222/1064 1381/468/1064 465/1181/1064
f 553/456/1065 852/466/1065 1381/468/1065
f 1382/465/1066 12/21/1066 657/1494/1066
f 853/467/1067 657/1494/1067 177/1080/1067
f 311/1493/1068 1382/465/1068 853/467/1068
f 848/1495/1069 850/462/1069 310/458/1069
f 128/438/1070 1383/460/1070 848/1495/1070
f 608/235/1071 744/1496/1071 1383/460/1071
f 417/1489/1072 849/459/1072 129/479/1072
f 22/1497/1073 1384/457/1073 417/1489/1073
f 416/439/1074 848/1495/1074 1384/457/1074
f 609/1498/1075 553/456/1075 57/222/1075
f 129/479/1076 1385/454/1076 609/1498/1076
f 849/459/1077 847/1499/1077 1385/454/1077
f 1386/453/1078 309/1500/1078 844/449/1078
f 656/16/1079 844/449/1079 176/1092/1079
f 15/11/1080 1386/453/1080 656/16/1080
f 1387/451/1081 264/461/1081 744/1496/1081
f 464/1093/1082 744/1496/1082 56/234/1082
f 176/1092/1083 1387/451/1083 464/1093/1083
f 1388/446/1084 92/1178/1084 552/227/1084
f 845/450/1085 552/227/1085 264/461/1085
f 309/1500/1086 1388/446/1086 845/450/1086
f 840/440/1087 842/445/1087 308/1501/1087
f 269/1502/1088 1389/443/1088 840/440/1088
f 749/1503/1089 747/1172/1089 1389/443/1089
f 1390/442/1090 127/1504/1090 607/1106/1090
f 557/1505/1091 607/1106/1091 55/1167/1091
f 269/1502/1092 1390/442/1092 557/1505/1092
f 415/13/1093 416/439/1093 22/1497/1093
f 127/1504/1094 1391/437/1094 415/13/1094
f 841/441/1095 839/1506/1095 1391/437/1095
f 1392/436/1096 307/432/1096 836/1507/1096
f 587/118/1097 836/1507/1097 107/787/1097
f 35/117/1098 1392/436/1098 587/118/1098
f 1393/431/1099 175/1508/1099 655/399/1099
f 395/788/1100 655/399/1100 13/57/1100
f 395/788/1101 836/1507/1101 1393/431/1101
f 1394/430/1102 55/1509/1102 463/1510/1102
f 837/433/1103 463/1510/1103 175/1508/1103
f 307/432/1104 1394/430/1104 837/433/1104
f 1395/426/1105 306/424/1105 832/1511/1105
f 155/976/1106 1395/426/1106 832/1511/1106
f 635/55/1107 639/386/1107 1395/426/1107
f 748/434/1108 833/425/1108 268/1512/1108
f 35/117/1109 1396/423/1109 748/434/1109
f 443/977/1110 832/1511/1110 1396/423/1110
f 556/1513/1111 558/422/1111 93/1173/1111
f 268/1512/1112 1397/1514/1112 556/1515/1112
f 833/1516/1113 831/1517/1113 1397/420/1113
f 828/414/1114 830/419/1114 305/1518/1114
f 273/403/1115 1398/417/1115 828/414/1115
f 753/247/1116 751/1168/1116 1398/417/1116
f 452/153/1117 829/415/1117 164/1519/1117
f 44/1219/1118 1399/416/1118 452/153/1118
f 561/404/1119 828/414/1119 1399/416/1119
f 1400/413/1120 17/1405/1120 644/679/1120
f 829/415/1121 644/679/1121 164/1519/1121
f 305/1518/1122 1400/413/1122 829/415/1122
f 824/1520/1123 826/410/1123 304/406/1123
f 108/814/1124 1401/408/1124 824/1520/1124
f 588/109/1125 752/1521/1125 1401/408/1125
f 404/43/1126 825/407/1126 116/1012/1126
f 4/42/1127 1402/405/1127 404/43/1127
f 396/815/1128 824/1520/1128 1402/405/1128
f 596/1013/1129 561/404/1129 44/1219/1129
f 116/1012/1130 1403/402/1130 596/1013/1130
f 825/407/1131 823/1522/1131 1403/402/1131
f 1404/401/1132 303/1523/1132 820/1524/1132
f 636/58/1133 820/1524/1133 156/1525/1133
f 13/57/1134 1404/401/1134 636/58/1134
f 1405/398/1135 272/409/1135 752/1521/1135
f 444/968/1136 752/1521/1136 36/108/1136
f 156/967/1137 1405/398/1137 444/968/1137
f 1406/395/1138 94/246/1138 560/1526/1138
f 821/397/1139 560/1526/1139 272/409/1139
f 303/1527/1140 1406/395/1140 821/397/1140
f 816/1528/1141 818/392/1141 302/388/1141
f 277/1529/1142 1407/390/1142 816/1528/1142
f 757/254/1143 755/1159/1143 1407/390/1143
f 594/1239/1144 817/389/1144 114/982/1144
f 42/123/1145 1408/387/1145 594/1239/1145
f 565/376/1146 816/1528/1146 1408/387/1146
f 402/1530/1147 639/386/1147 3/54/1147
f 114/982/1148 1409/384/1148 402/1530/1148
f 817/389/1149 815/1531/1149 1409/384/1149
f 1410/383/1150 301/379/1150 812/1532/1150
f 174/1533/1151 1410/383/1151 812/1532/1151
f 54/277/1152 1410/383/1152 462/278/1152
f 642/774/1153 813/380/1153 162/1534/1153
f 654/304/1154 642/774/1154 16/1359/1154
f 654/304/1155 812/1532/1155 1411/378/1155
f 1412/377/1156 42/123/1156 450/1535/1156
f 813/380/1157 450/1535/1157 162/1534/1157
f 301/379/1158 1412/377/1158 813/380/1158
f 1413/374/1159 300/1536/1159 808/369/1159
f 414/2/1160 808/369/1160 126/1136/1160
f 21/1537/1161 1413/374/1161 414/2/1161
f 1414/371/1162 276/1538/1162 756/381/1162
f 606/1137/1163 756/381/1163 54/277/1163
f 126/1136/1164 1414/371/1164 606/1137/1164
f 1415/368/1165 95/1160/1165 564/253/1165
f 809/370/1166 564/253/1166 276/1538/1166
f 300/1536/1167 1415/368/1167 809/370/1167
f 804/1539/1168 806/365/1168 299/361/1168
f 281/1540/1169 1416/363/1169 804/1539/1169
f 761/263/1170 759/1155/1170 1416/363/1170
f 461/1541/1171 805/362/1171 173/1542/1171
f 569/350/1172 461/1114/1172 53/257/1172
f 569/350/1173 804/1543/1173 1417/1544/1173
f 653/1545/1174 640/359/1174 15/11/1174
f 173/1542/1175 1418/357/1175 653/1545/1175
f 805/362/1176 803/1546/1176 1418/357/1176
f 800/1547/1177 802/1548/1177 298/352/1177
f 124/1549/1178 1419/1550/1178 800/1547/1178
f 52/1153/1179 1419/356/1179 604/268/1179
f 1420/351/1180 125/1551/1180 413/372/1180
f 412/331/1181 413/372/1181 21/1537/1181
f 412/331/1182 800/1547/1182 1420/351/1182
f 1421/348/1183 53/257/1183 605/1552/1183
f 801/353/1184 605/1552/1184 125/1551/1184
f 298/352/1185 1421/348/1185 801/353/1185
f 1422/347/1186 297/1553/1186 796/342/1186
f 652/5/1187 796/342/1187 172/1554/1187
f 18/27/1188 1422/347/1188 652/5/1188
f 1423/344/1189 280/1555/1189 760/354/1189
f 460/1127/1190 760/354/1190 52/1153/1190
f 172/1554/1191 1423/344/1191 460/1127/1191
f 568/1556/1192 570/341/1192 96/262/1192
f 280/1555/1193 1424/339/1193 568/1556/1193
f 297/1553/1194 1424/339/1194 797/343/1194
f 1425/1557/1195 296/334/1195 792/1558/1195
f 765/1559/1196 792/1558/1196 285/1560/1196
f 97/1152/1197 1425/338/1197 765/271/1197
f 603/1145/1198 793/335/1198 123/1142/1198
f 51/1561/1199 1426/333/1199 603/1145/1199
f 285/1560/1200 1426/333/1200 573/322/1200
f 1427/332/1201 21/1537/1201 411/1/1201
f 793/335/1202 411/1/1202 123/1142/1202
f 296/334/1203 1427/332/1203 793/335/1203
f 1428/329/1204 295/1562/1204 788/1563/1204
f 599/1261/1205 788/1563/1205 119/955/1205
f 47/96/1206 1428/329/1206 599/1261/1206
f 651/1564/1207 789/325/1207 171/292/1207
f 19/1303/1208 1429/326/1208 651/1564/1208
f 407/62/1209 788/324/1209 1429/326/1209
f 1430/323/1210 51/1561/1210 459/282/1210
f 789/325/1211 459/282/1211 171/292/1211
f 295/1565/1212 1430/323/1212 789/325/1212
f 1431/320/1213 294/1566/1213 784/315/1213
f 647/1317/1214 784/315/1214 167/856/1214
f 5/30/1215 1431/320/1215 647/1317/1215
f 1432/317/1216 284/1567/1216 764/327/1216
f 455/1568/1217 764/327/1217 47/96/1217
f 167/856/1218 1432/317/1218 455/1568/1218
f 1433/314/1219 97/1152/1219 572/270/1219
f 785/316/1220 572/270/1220 284/1567/1220
f 294/1566/1221 1433/314/1221 785/316/1221
f 780/1569/1222 782/311/1222 293/307/1222
f 289/295/1223 1434/309/1223 780/1569/1223
f 769/281/1224 767/1146/1224 1434/309/1224
f 593/990/1225 781/308/1225 113/1570/1225
f 577/296/1226 593/990/1226 41/1234/1226
f 289/295/1227 1435/306/1227 577/296/1227
f 1436/305/1228 16/1359/1228 401/50/1228
f 113/1570/1229 1436/305/1229 401/50/1229
f 781/308/1230 779/303/1230 1436/305/1230
f 776/1571/1231 778/302/1231 292/298/1231
f 120/1572/1232 1437/300/1232 776/1571/1232
f 600/945/1233 768/1573/1233 1437/300/1233
f 641/1371/1234 777/299/1234 161/748/1234
f 1/66/1235 1438/297/1235 641/1371/1235
f 408/1574/1236 776/1571/1236 1438/297/1236
f 449/131/1237 577/296/1237 41/1234/1237
f 161/748/1238 1439/294/1238 449/131/1238
f 777/299/1239 775/1575/1239 1439/294/1239
f 772/1576/1240 774/293/1240 291/289/1240
f 168/1577/1241 1440/291/1241 772/1576/1241
f 648/882/1242 651/1564/1242 1440/291/1242
f 768/1573/1243 773/290/1243 288/301/1243
f 48/1269/1244 1441/288/1244 768/1573/1244
f 456/86/1245 772/1576/1245 1441/288/1245
f 576/1578/1246 578/287/1246 98/280/1246
f 288/301/1247 1442/285/1247 576/1578/1247
f 773/290/1248 771/1579/1248 1442/285/1248
f 1443/284/1249 290/286/1249 771/1579/1249
f 291/289/1250 1443/284/1250 771/1579/1250
f 171/292/1251 1443/284/1251 774/293/1251
f 775/1575/1252 769/281/1252 289/295/1252
f 292/298/1253 1444/279/1253 775/1575/1253
f 778/302/1254 576/1578/1254 1444/279/1254
f 779/303/1255 462/278/1255 174/1533/1255
f 293/307/1256 1445/276/1256 779/303/1256
f 782/311/1257 575/1147/1257 1445/276/1257
f 1446/275/1258 286/1150/1258 783/312/1258
f 786/319/1259 783/312/1259 294/1566/1259
f 118/1054/1260 1446/275/1260 786/319/1260
f 1447/272/1261 285/1580/1261 787/1581/1261
f 790/328/1262 787/1581/1262 295/1562/1262
f 284/1567/1263 1447/272/1263 790/328/1263
f 791/330/1264 604/1582/1264 124/1549/1264
f 794/1583/1265 791/330/1265 296/334/1265
f 283/1151/1266 1448/269/1266 794/337/1266
f 1449/266/1267 282/340/1267 795/1584/1267
f 798/346/1268 795/1584/1268 297/1553/1268
f 117/1585/1269 1449/266/1269 798/346/1269
f 799/1586/1270 761/1587/1270 281/349/1270
f 298/352/1271 1450/1588/1271 799/1586/1271
f 802/355/1272 568/1556/1272 1450/261/1272
f 803/1546/1273 448/230/1273 160/358/1273
f 299/361/1274 1451/259/1274 803/1546/1274
f 806/365/1275 567/1156/1275 1451/259/1275
f 807/366/1276 758/258/1276 278/1158/1276
f 300/1536/1277 1452/256/1277 807/366/1277
f 810/373/1278 605/1552/1278 1452/256/1278
f 1453/255/1279 277/1529/1279 811/375/1279
f 814/382/1280 811/375/1280 301/379/1280
f 276/1538/1281 1453/255/1281 814/382/1281
f 815/1531/1282 447/252/1282 159/385/1282
f 302/1589/1283 1454/251/1283 815/1531/1283
f 818/1590/1284 563/1161/1284 1454/251/1284
f 1455/250/1285 274/1166/1285 819/393/1285
f 822/1591/1286 819/393/1286 303/1527/1286
f 175/1592/1287 1455/250/1287 822/1591/1287
f 823/1522/1288 753/247/1288 273/403/1288
f 304/406/1289 1456/245/1289 823/1522/1289
f 826/410/1290 560/1526/1290 1456/245/1290
f 1457/242/1291 178/1485/1291 827/411/1291
f 830/419/1292 827/411/1292 305/1518/1292
f 830/419/1293 559/1169/1293 1457/242/1293
f 831/1517/1294 750/241/1294 270/421/1294
f 306/424/1295 1458/239/1295 831/1517/1295
f 834/427/1296 447/252/1296 1458/239/1296
f 835/428/1297 749/238/1297 269/1593/1297
f 838/435/1298 835/428/1298 307/432/1298
f 838/435/1299 556/1515/1299 1459/236/1299
f 839/1506/1300 608/235/1300 128/438/1300
f 308/1501/1301 1460/233/1301 839/1506/1301
f 842/445/1302 555/1174/1302 1460/233/1302
f 1461/232/1303 266/447/1303 843/1594/1303
f 846/452/1304 843/1594/1304 309/1500/1304
f 160/358/1305 1461/232/1305 846/452/1305
f 847/1499/1306 745/228/1306 265/455/1306
f 310/458/1307 1462/229/1307 847/1499/1307
f 264/461/1308 1462/229/1308 850/462/1308
f 1463/226/1309 154/1468/1309 851/463/1309
f 854/470/1310 851/463/1310 311/1493/1310
f 263/1177/1311 1463/226/1311 854/470/1311
f 855/1492/1312 742/223/1312 262/473/1312
f 312/476/1313 1464/221/1313 855/1492/1313
f 858/480/1314 609/1498/1314 1464/221/1314
f 859/1487/1315 741/220/1315 261/482/1315
f 313/1484/1316 1465/218/1316 859/1487/1316
f 862/488/1317 548/1491/1317 1465/218/1317
f 863/490/1318 441/217/1318 153/1478/1318
f 314/494/1319 1466/215/1319 863/490/1319
f 866/498/1320 547/1183/1320 1466/215/1320
f 1467/214/1321 258/1185/1321 867/499/1321
f 870/507/1322 867/499/1322 315/503/1322
f 870/507/1323 467/212/1323 1467/214/1323
f 1468/211/1324 257/1476/1324 871/508/1324
f 874/515/1325 871/508/1325 316/1477/1325
f 256/1481/1326 1468/211/1326 874/515/1326
f 1469/208/1327 182/1447/1327 875/517/1327
f 878/524/1328 875/517/1328 317/1475/1328
f 255/1187/1329 1469/208/1329 878/524/1329
f 1470/205/1330 254/1191/1330 879/526/1330
f 882/533/1331 879/526/1331 318/1472/1331
f 165/1124/1332 1470/205/1332 882/533/1332
f 883/1471/1333 733/202/1333 253/536/1333
f 319/1467/1334 1471/200/1334 883/1471/1334
f 886/543/1335 540/1474/1335 1471/200/1335
f 1472/197/1336 132/1457/1336 887/544/1336
f 320/548/1337 1472/197/1337 887/544/1337
f 890/552/1338 539/1194/1338 1472/197/1338
f 891/1463/1339 730/196/1339 250/554/1339
f 321/557/1340 1473/194/1340 891/1463/1340
f 894/559/1341 454/1132/1341 1473/194/1341
f 895/1459/1342 729/193/1342 249/562/1342
f 322/565/1343 1474/191/1343 895/1459/1343
f 898/568/1344 536/1462/1344 1474/191/1344
f 899/1455/1345 589/190/1345 109/571/1345
f 323/574/1346 1475/188/1346 899/1455/1346
f 902/578/1347 535/1198/1347 1475/188/1347
f 903/1452/1348 726/187/1348 246/580/1348
f 324/583/1349 1476/185/1349 903/1452/1349
f 906/587/1350 613/1458/1350 1476/185/1350
f 1477/184/1351 245/1445/1351 907/588/1351
f 910/595/1352 907/588/1352 325/1446/1352
f 244/1451/1353 1477/184/1353 910/595/1353
f 911/1595/1354 590/181/1354 110/598/1354
f 914/604/1355 911/1595/1355 326/1444/1355
f 243/1201/1356 1478/179/1356 914/604/1356
f 1479/1596/1357 242/607/1357 915/1443/1357
f 918/1597/1358 915/1443/1358 327/610/1358
f 183/1424/1359 1479/178/1359 918/613/1359
f 919/615/1360 721/175/1360 241/1430/1360
f 328/619/1361 1480/173/1361 919/615/1361
f 922/623/1362 528/1442/1362 1480/173/1362
f 1481/172/1363 186/1391/1363 923/624/1363
f 926/631/1364 923/624/1364 329/1429/1364
f 239/1207/1365 1481/172/1365 926/631/1365
f 1482/169/1366 238/1210/1366 927/633/1366
f 930/640/1367 927/633/1367 330/1426/1367
f 122/1379/1368 1482/169/1368 930/640/1368
f 931/1598/1369 717/166/1369 237/643/1369
f 934/649/1370 931/1598/1370 331/1423/1370
f 934/649/1371 524/1428/1371 1483/164/1371
f 935/1422/1372 616/162/1372 136/652/1372
f 332/655/1373 1484/163/1373 935/1422/1373
f 938/1417/1374 523/161/1374 1484/163/1374
f 939/1415/1375 714/160/1375 234/661/1375
f 333/664/1376 1485/158/1376 939/1415/1376
f 942/668/1377 601/1345/1377 1485/158/1377
f 943/1599/1378 713/156/1378 233/1402/1378
f 946/676/1379 943/1599/1379 334/1600/1379
f 232/1414/1380 1486/157/1380 946/676/1380
f 1487/154/1381 164/1519/1381 947/678/1381
f 335/1401/1382 1487/154/1382 947/678/1382
f 231/1221/1383 1487/154/1383 950/1400/1383
f 951/687/1384 710/151/1384 230/1224/1384
f 954/694/1385 951/687/1385 336/1397/1385
f 137/1409/1386 1488/149/1386 954/694/1386
f 955/1396/1387 709/147/1387 229/697/1387
f 337/700/1388 1489/148/1388 955/1396/1388
f 228/1399/1389 1489/148/1389 958/703/1389
f 1490/145/1390 163/1483/1390 959/705/1390
f 962/712/1391 959/705/1391 338/709/1391
f 227/1225/1392 1490/145/1392 962/712/1392
f 963/1383/1393 706/142/1393 226/715/1393
f 339/718/1394 1491/140/1394 963/1383/1394
f 966/721/1395 475/1368/1395 1491/140/1395
f 967/1380/1396 705/139/1396 225/724/1396
f 340/727/1397 1492/137/1397 967/1380/1397
f 970/731/1398 512/1382/1398 1492/137/1398
f 1493/136/1399 190/733/1399 971/1375/1399
f 974/740/1400 971/1375/1400 341/736/1400
f 223/739/1401 1493/136/1401 974/740/1401
f 1494/133/1402 222/1233/1402 975/741/1402
f 978/749/1403 975/741/1403 342/745/1403
f 161/748/1404 1494/133/1404 978/749/1404
f 1495/130/1405 221/1363/1405 979/750/1405
f 982/757/1406 979/750/1406 343/1365/1406
f 220/1372/1407 1495/130/1407 982/757/1407
f 1496/125/1408 140/1355/1408 983/759/1408
f 986/766/1409 983/759/1409 344/1362/1409
f 219/1235/1410 1496/125/1410 986/766/1410
f 987/1361/1411 698/124/1411 218/769/1411
f 345/1357/1412 1497/122/1412 987/1361/1412
f 990/775/1413 450/1535/1413 1497/122/1413
f 1498/121/1414 217/1350/1414 991/777/1414
f 994/784/1415 991/777/1415 346/1354/1415
f 994/784/1416 504/119/1416 1498/121/1416
f 995/1353/1417 587/118/1417 107/787/1417
f 347/790/1418 1499/116/1418 995/1353/1418
f 215/1240/1419 1499/116/1419 998/793/1419
f 1500/115/1420 214/796/1420 999/1601/1420
f 1002/802/1421 999/1601/1421 348/1346/1421
f 1002/802/1422 621/113/1422 1500/115/1422
f 1501/112/1423 213/1337/1423 1003/804/1423
f 1006/811/1424 1003/804/1424 349/808/1424
f 212/1348/1425 1501/112/1425 1006/811/1425
f 1007/1341/1426 588/109/1426 108/814/1426
f 350/1602/1427 1502/107/1427 1007/1341/1427
f 1010/1603/1428 499/1248/1428 1502/107/1428
f 1011/1335/1429 690/106/1429 210/823/1429
f 351/1333/1430 1503/104/1430 1011/1335/1430
f 1014/829/1431 479/1315/1431 1503/104/1431
f 1504/103/1432 209/1319/1432 1015/831/1432
f 352/835/1433 1504/103/1433 1015/831/1433
f 208/838/1434 1504/103/1434 1018/839/1434
f 1505/100/1435 194/1284/1435 1019/840/1435
f 353/1326/1436 1505/100/1436 1019/840/1436
f 1022/1604/1437 495/98/1437 1505/100/1437
f 1023/849/1438 686/97/1438 206/1260/1438
f 354/853/1439 1506/95/1439 1023/849/1439
f 1026/857/1440 455/1568/1440 1506/95/1440
f 1507/94/1441 205/1306/1441 1027/858/1441
f 1030/866/1442 1027/858/1442 355/1311/1442
f 1030/866/1443 492/92/1443 1507/94/1443
f 1031/1310/1444 624/91/1444 144/868/1444
f 356/1605/1445 1508/89/1445 1031/1310/1445
f 1034/1606/1446 491/1264/1446 1508/89/1446
f 1509/88/1447 202/1268/1447 1035/876/1447
f 1038/883/1448 1035/876/1448 357/1301/1448
f 168/1577/1449 1509/88/1449 1038/883/1449
f 1510/85/1450 201/1295/1450 1039/885/1450
f 1042/892/1451 1039/885/1451 358/1298/1451
f 200/1304/1452 1510/85/1452 1042/892/1452
f 1511/82/1453 103/1366/1453 1043/894/1453
f 1046/901/1454 1043/894/1454 359/1294/1454
f 199/1270/1455 1511/82/1455 1046/901/1455
f 1512/77/1456 198/1274/1456 1047/903/1456
f 360/907/1457 1512/77/1457 1047/903/1457
f 1050/911/1458 625/1300/1458 1512/77/1458
f 1051/1289/1459 677/76/1459 197/913/1459
f 361/1283/1460 1513/74/1460 1051/1289/1460
f 196/1292/1461 1513/74/1461 1054/919/1461
f 1514/71/1462 104/1377/1462 1055/921/1462
f 362/1277/1463 1514/71/1463 1055/921/1463
f 1058/929/1464 483/1276/1464 1514/71/1464
f 1515/70/1465 152/931/1465 1059/1607/1465
f 1062/937/1466 1059/1607/1466 363/1273/1466
f 193/1296/1467 1515/70/1467 1062/937/1467
f 1063/939/1468 631/67/1468 151/1370/1468
f 364/1267/1469 1516/65/1469 1063/939/1469
f 1066/946/1470 408/1574/1470 1516/65/1470
f 1517/64/1471 192/1302/1471 1067/948/1471
f 1070/1608/1472 1067/948/1472 365/1609/1472
f 119/1610/1473 1517/64/1473 1070/1608/1473
f 1071/1258/1474 434/60/1474 146/958/1474
f 366/1611/1475 1518/61/1475 1071/1258/1475
f 1074/1612/1476 431/59/1476 1518/61/1476
f 1075/1250/1477 636/58/1477 156/1525/1477
f 367/970/1478 1519/56/1478 1075/1250/1478
f 1078/974/1479 669/1352/1479 1519/56/1479
f 1079/1243/1480 635/55/1480 155/976/1480
f 368/1238/1481 1520/53/1481 1079/1243/1481
f 1082/983/1482 402/1530/1482 1520/53/1482
f 1521/52/1483 188/1358/1483 1083/984/1483
f 1086/991/1484 1083/984/1484 369/1232/1484
f 113/1570/1485 1521/52/1485 1086/991/1485
f 1087/993/1486 430/49/1486 142/1347/1486
f 370/1228/1487 1522/47/1487 1087/993/1487
f 1090/1001/1488 427/1364/1488 1522/47/1488
f 1523/46/1489 115/1486/1489 1091/1002/1489
f 1094/1009/1490 1091/1002/1490 371/1223/1490
f 185/1404/1491 1523/46/1491 1094/1009/1491
f 1095/1222/1492 404/43/1492 116/1012/1492
f 372/1613/1493 1524/41/1493 1095/1222/1493
f 1098/1614/1494 649/1338/1494 1524/41/1494
f 1525/40/1495 184/1413/1495 1099/1020/1495
f 1102/1027/1496 1099/1020/1496 373/1209/1496
f 170/1374/1497 1525/40/1497 1102/1027/1497
f 1526/35/1498 138/1398/1498 1103/1029/1498
f 374/1033/1499 1526/35/1499 1103/1029/1499
f 1106/1037/1500 423/1421/1500 1526/35/1500
f 1527/34/1501 158/1334/1501 1107/1038/1501
f 1110/1045/1502 1107/1038/1502 375/1200/1502
f 181/1454/1503 1527/34/1503 1110/1045/1503
f 1111/1199/1504 637/31/1504 157/1048/1504
f 376/1051/1505 1528/29/1505 1111/1199/1505
f 1114/1055/1506 406/318/1506 1528/29/1506
f 1529/26/1507 180/1057/1507 1115/1195/1507
f 1118/1062/1508 1115/1195/1508 377/1060/1508
f 117/1585/1509 1529/26/1509 1118/1062/1509
f 1119/1064/1510 422/25/1510 134/1449/1510
f 378/1184/1511 1530/23/1511 1119/1064/1511
f 1122/1072/1512 419/1466/1512 1530/23/1512
f 1531/20/1513 105/1480/1513 1123/1073/1513
f 1126/1081/1514 1123/1073/1514 379/1180/1514
f 1126/1081/1515 657/1494/1515 1531/20/1515
f 1532/19/1516 106/1473/1516 1127/1082/1516
f 1130/1090/1517 1127/1082/1517 380/1176/1517
f 112/1089/1518 1532/19/1518 1130/1090/1518
f 1533/17/1519 176/1092/1519 1131/1175/1519
f 1134/1098/1520 1131/1175/1520 381/1095/1520
f 111/1110/1521 1533/17/1521 1134/1098/1521
f 1135/1170/1522 418/14/1522 130/1101/1522
f 1138/1107/1523 1135/1170/1523 382/1104/1523
f 127/1504/1524 1534/15/1524 1138/1107/1524
f 1139/1164/1525 399/12/1525 111/1110/1525
f 383/1615/1526 1535/10/1526 1139/1164/1526
f 1142/1616/1527 653/1545/1527 1535/10/1527
f 1143/1117/1528 400/9/1528 112/1089/1528
f 384/1121/1529 1536/7/1529 1143/1117/1529
f 1146/1125/1530 645/532/1530 1536/7/1530
f 1537/6/1531 172/1554/1531 1147/1126/1531
f 1150/1133/1532 1147/1126/1532 385/1149/1532
f 166/1617/1533 1537/6/1533 1150/1133/1533
f 1151/1148/1534 414/2/1534 126/1136/1534
f 386/1139/1535 1538/3/1535 1151/1148/1535
f 1154/1143/1536 411/1/1536 1538/3/1536
f 411/1/1537 21/1537/1537 414/2/1537
f 646/4/1538 18/27/1538 652/5/1538
f 1536/7/1539 645/532/1539 7/8/1539
f 1535/10/1540 653/1545/1540 15/11/1540
f 415/13/1541 22/1497/1541 418/14/1541
f 399/12/1542 15/11/1542 656/16/1542
f 400/9/1543 7/8/1543 394/18/1543
f 1531/20/1544 657/1494/1544 12/21/1544
f 1530/23/1545 419/1466/1545 23/24/1545
f 1529/26/1546 405/345/1546 18/27/1546
f 1528/29/1547 406/318/1547 5/30/1547
f 661/32/1548 14/1314/1548 638/33/1548
f 1526/35/1549 423/1421/1549 24/36/1549
f 650/38/1550 20/1344/1550 664/39/1550
f 1524/41/1551 649/1338/1551 4/42/1551
f 665/44/1552 17/1405/1552 403/45/1552
f 1522/47/1553 427/1364/1553 25/48/1553
f 401/50/1554 16/1359/1554 668/51/1554
f 1520/53/1555 402/1530/1555 3/54/1555
f 1519/56/1556 669/1352/1556 13/57/1556
f 431/59/1557 26/1291/1557 434/60/1557
f 407/62/1558 19/1303/1558 672/63/1558
f 1516/65/1559 408/1574/1559 1/66/1559
f 673/68/1560 11/1297/1560 632/69/1560
f 1514/71/1561 483/1276/1561 32/72/1561
f 1513/74/1562 484/1293/1562 75/75/1562
f 1512/77/1563 625/1300/1563 73/78/1563
f 487/80/1564 31/1272/1564 583/81/1564
f 488/83/1565 76/1271/1565 681/84/1565
f 456/86/1566 48/1269/1566 682/87/1566
f 1508/89/1567 491/1264/1567 72/90/1567
f 492/92/1568 77/1263/1568 685/93/1568
f 1506/95/1569 455/1568/1569 47/96/1569
f 495/98/1570 74/1255/1570 482/99/1570
f 496/101/1571 78/1254/1571 689/102/1571
f 1503/104/1572 479/1315/1572 71/105/1572
f 1502/107/1573 499/1248/1573 36/108/1573
f 500/110/1574 79/1247/1574 693/111/1574
f 621/113/1575 69/1351/1575 694/114/1575
f 1499/116/1576 503/1242/1576 35/117/1576
f 504/119/1577 80/1241/1577 697/120/1577
f 1497/122/1578 450/1535/1578 42/123/1578
f 1496/125/1579 507/1237/1579 68/126/1579
f 508/128/1580 81/1236/1580 701/129/1580
f 449/131/1581 41/1234/1581 702/132/1581
f 511/134/1582 70/1231/1582 478/135/1582
f 1492/137/1583 512/1382/1583 82/138/1583
f 1491/140/1584 475/1368/1584 67/141/1584
f 515/143/1585 43/1227/1585 451/144/1585
f 516/146/1586 83/1226/1586 709/147/1586
f 1488/149/1587 617/1410/1587 65/150/1587
f 519/152/1588 44/1219/1588 452/153/1588
f 520/155/1589 84/1218/1589 713/156/1589
f 1485/158/1590 601/1345/1590 49/159/1590
f 523/161/1591 64/1408/1591 616/162/1591
f 1483/164/1592 524/1428/1592 85/165/1592
f 602/167/1593 50/1211/1593 718/168/1593
f 527/170/1594 66/1208/1594 474/171/1594
f 1480/173/1595 528/1442/1595 86/174/1595
f 471/176/1596 63/1425/1596 722/177/1596
f 1478/179/1597 531/1203/1597 38/180/1597
f 532/182/1598 87/1202/1598 725/183/1598
f 1476/185/1599 613/1458/1599 61/186/1599
f 1475/188/1600 535/1198/1600 37/189/1600
f 1474/191/1601 536/1462/1601 88/192/1601
f 1473/194/1602 454/1132/1602 46/195/1602
f 1472/197/1603 539/1194/1603 60/198/1603
f 1471/200/1604 540/1474/1604 89/201/1604
f 453/203/1605 45/1192/1605 734/204/1605
f 543/206/1606 62/1189/1606 470/207/1606
f 544/209/1607 90/1188/1607 737/210/1607
f 467/212/1608 59/1186/1608 738/213/1608
f 1466/215/1609 547/1183/1609 33/216/1609
f 1465/218/1610 548/1491/1610 91/219/1610
f 1464/221/1611 609/1498/1611 57/222/1611
f 551/224/1612 34/1179/1612 442/225/1612
f 552/227/1613 92/1178/1613 745/228/1613
f 448/230/1614 40/260/1614 746/231/1614
f 1460/233/1615 555/1174/1615 56/234/1615
f 1459/236/1616 556/1515/1616 93/237/1616
f 1458/239/1617 447/252/1617 39/240/1617
f 1457/242/1618 559/1169/1618 58/243/1618
f 1456/245/1619 560/1526/1619 94/246/1619
f 463/248/1620 55/1167/1620 754/249/1620
f 1454/251/1621 563/1161/1621 39/240/1621
f 564/253/1622 95/1160/1622 757/254/1622
f 1452/256/1623 605/1552/1623 53/257/1623
f 1451/259/1624 567/1156/1624 40/260/1624
f 1450/261/1625 568/1556/1625 96/262/1625
f 597/264/1626 45/1192/1626 762/265/1626
f 571/267/1627 52/1153/1627 604/268/1627
f 572/270/1628 97/1152/1628 765/271/1628
f 598/273/1629 46/195/1629 766/274/1629
f 1445/276/1630 575/1147/1630 54/277/1630
f 1444/279/1631 576/1578/1631 98/280/1631
f 459/282/1632 51/1561/1632 770/283/1632
f 1442/285/1633 771/1579/1633 290/286/1633
f 1441/288/1634 772/1576/1634 291/289/1634
f 1440/291/1635 651/1564/1635 171/292/1635
f 1439/294/1636 775/1575/1636 289/295/1636
f 1438/297/1637 776/1571/1637 292/298/1637
f 1437/300/1638 768/1573/1638 288/301/1638
f 779/303/1639 174/1533/1639 654/304/1639
f 1435/306/1640 780/1569/1640 293/307/1640
f 1434/309/1641 767/1146/1641 287/310/1641
f 783/312/1642 286/1150/1642 574/313/1642
f 784/315/1643 294/1566/1643 785/316/1643
f 406/318/1644 118/1054/1644 786/319/1644
f 787/321/1645 285/1560/1645 573/322/1645
f 788/324/1646 295/1565/1646 789/325/1646
f 764/327/1647 284/1567/1647 790/328/1647
f 791/330/1648 124/1549/1648 412/331/1648
f 1426/333/1649 792/1558/1649 296/334/1649
f 763/336/1650 283/1151/1650 794/337/1650
f 1424/339/1651 795/1584/1651 282/340/1651
f 796/342/1652 297/1553/1652 797/343/1652
f 405/345/1653 117/1585/1653 798/346/1653
f 1421/348/1654 799/1586/1654 281/349/1654
f 1420/351/1655 800/1547/1655 298/352/1655
f 760/354/1656 280/1555/1656 802/355/1656
f 1418/357/1657 803/1546/1657 160/358/1657
f 1417/360/1658 804/1539/1658 299/361/1658
f 1416/363/1659 759/1155/1659 279/364/1659
f 807/366/1660 278/1158/1660 566/367/1660
f 808/369/1661 300/1536/1661 809/370/1661
f 413/372/1662 125/1551/1662 810/373/1662
f 811/375/1663 277/1529/1663 565/376/1663
f 1411/378/1664 812/1532/1664 301/379/1664
f 756/381/1665 276/1538/1665 814/382/1665
f 1409/384/1666 815/1531/1666 159/385/1666
f 1408/387/1667 816/1528/1667 302/388/1667
f 1407/390/1668 755/1159/1668 275/391/1668
f 819/393/1669 274/1166/1669 562/394/1669
f 820/396/1670 303/1527/1670 821/397/1670
f 655/399/1671 175/1508/1671 822/400/1671
f 1403/402/1672 823/1522/1672 273/403/1672
f 1402/405/1673 824/1520/1673 304/406/1673
f 1401/408/1674 752/1521/1674 272/409/1674
f 827/411/1675 178/1485/1675 658/412/1675
f 828/414/1676 305/1518/1676 829/415/1676
f 1398/417/1677 751/1168/1677 271/418/1677
f 1397/420/1678 831/1517/1678 270/421/1678
f 1396/423/1679 832/1511/1679 306/424/1679
f 1395/426/1680 639/386/1680 159/385/1680
f 835/428/1681 269/1593/1681 557/429/1681
f 1393/431/1682 836/1507/1682 307/432/1682
f 748/434/1683 268/1512/1683 838/435/1683
f 1391/437/1684 839/1506/1684 128/438/1684
f 840/440/1685 308/1501/1685 841/441/1685
f 1389/443/1686 747/1172/1686 267/444/1686
f 1388/446/1687 843/1594/1687 266/447/1687
f 844/449/1688 309/1500/1688 845/450/1688
f 640/359/1689 160/358/1689 846/452/1689
f 1385/454/1690 847/1499/1690 265/455/1690
f 1384/457/1691 848/1495/1691 310/458/1691
f 1383/460/1692 744/1496/1692 264/461/1692
f 851/463/1693 154/1468/1693 634/464/1693
f 852/466/1694 311/1493/1694 853/467/1694
f 743/469/1695 263/1177/1695 854/470/1695
f 1379/472/1696 855/1492/1696 262/473/1696
f 1378/475/1697 856/1488/1697 312/476/1697
f 1377/478/1698 417/1489/1698 129/479/1698
f 1376/481/1699 859/1487/1699 261/482/1699
f 860/484/1700 313/1484/1700 861/485/1700
f 740/487/1701 260/1490/1701 862/488/1701
f 863/490/1702 153/1478/1702 633/491/1702
f 1372/493/1703 864/1482/1703 314/494/1703
f 1371/496/1704 739/1182/1704 259/497/1704
f 867/499/1705 258/1185/1705 546/500/1705
f 1369/502/1706 868/1479/1706 315/503/1706
f 1368/505/1707 659/1470/1707 179/506/1707
f 871/508/1708 257/1476/1708 545/509/1708
f 872/511/1709 316/1477/1709 873/512/1709
f 736/514/1710 256/1481/1710 874/515/1710
f 875/517/1711 182/1447/1711 662/518/1711
f 876/520/1712 317/1475/1712 877/521/1712
f 735/523/1713 255/1187/1713 878/524/1713
f 879/526/1714 254/1191/1714 542/527/1714
f 880/529/1715 318/1472/1715 881/530/1715
f 645/532/1716 165/1124/1716 882/533/1716
f 1358/535/1717 883/1471/1717 253/536/1717
f 884/538/1718 319/1467/1718 885/539/1718
f 1356/541/1719 732/1469/1719 252/542/1719
f 887/544/1720 132/1457/1720 420/545/1720
f 1354/547/1721 888/1464/1721 320/548/1721
f 1353/550/1722 731/1193/1722 251/551/1722
f 1352/553/1723 891/1463/1723 250/554/1723
f 1351/556/1724 892/1460/1724 321/557/1724
f 646/4/1725 166/1617/1725 894/559/1725
f 1349/561/1726 895/1459/1726 249/562/1726
f 1348/564/1727 896/1456/1727 322/565/1727
f 728/567/1728 248/1461/1728 898/568/1728
f 1346/570/1729 899/1455/1729 109/571/1729
f 1345/573/1730 900/1453/1730 323/574/1730
f 1344/576/1731 727/1197/1731 247/577/1731
f 1343/579/1732 903/1452/1732 246/580/1732
f 1342/582/1733 904/1448/1733 324/583/1733
f 1341/585/1734 421/1450/1734 133/586/1734
f 907/588/1735 245/1445/1735 533/589/1735
f 908/591/1736 325/1446/1736 909/592/1736
f 724/594/1737 244/1451/1737 910/595/1737
f 1337/597/1738 911/1595/1738 110/598/1738
f 912/600/1739 326/1444/1739 913/601/1739
f 723/603/1740 243/1201/1740 914/604/1740
f 1334/606/1741 915/1443/1741 242/607/1741
f 1333/609/1742 916/1618/1742 327/610/1742
f 663/612/1743 183/1424/1743 918/613/1743
f 919/615/1744 241/1430/1744 529/616/1744
f 1330/618/1745 920/1435/1745 328/619/1745
f 1329/621/1746 720/1436/1746 240/622/1746
f 923/624/1747 186/1391/1747 666/625/1747
f 924/627/1748 329/1429/1748 925/628/1748
f 719/630/1749 239/1207/1749 926/631/1749
f 927/633/1750 238/1210/1750 526/634/1750
f 928/636/1751 330/1426/1751 929/637/1751
f 410/639/1752 122/1379/1752 930/640/1752
f 1322/642/1753 931/1598/1753 237/643/1753
f 932/645/1754 331/1423/1754 933/646/1754
f 716/648/1755 236/1427/1755 934/649/1755
f 1319/651/1756 935/1422/1756 136/652/1756
f 1318/654/1757 936/1416/1757 332/655/1757
f 1317/657/1758 715/1212/1758 235/658/1758
f 1316/660/1759 939/1415/1759 234/661/1759
f 1315/663/1760 940/1412/1760 333/664/1760
f 1314/666/1761 409/1343/1761 121/667/1761
f 1313/669/1762 943/1411/1762 233/670/1762
f 944/672/1763 334/1407/1763 945/673/1763
f 712/675/1764 232/1414/1764 946/676/1764
f 947/678/1765 164/1519/1765 644/679/1765
f 948/681/1766 335/1401/1766 949/682/1766
f 711/684/1767 231/1217/1767 950/685/1767
f 951/687/1768 230/1224/1768 518/688/1768
f 952/690/1769 336/1397/1769 953/691/1769
f 425/693/1770 137/1409/1770 954/694/1770
f 1304/696/1771 955/1396/1771 229/697/1771
f 1303/699/1772 956/1390/1772 337/700/1772
f 708/702/1773 228/1399/1773 958/703/1773
f 959/705/1774 163/1483/1774 643/706/1774
f 1300/708/1775 960/1384/1775 338/709/1775
f 707/711/1776 227/1225/1776 962/712/1776
f 1298/714/1777 963/1383/1777 226/715/1777
f 1297/717/1778 964/1381/1778 339/718/1778
f 667/720/1779 187/1367/1779 966/721/1779
f 1295/723/1780 967/1380/1780 225/724/1780
f 1294/726/1781 968/1376/1781 340/727/1781
f 1293/729/1782 704/1378/1782 224/730/1782
f 1292/732/1783 971/1375/1783 190/733/1783
f 1291/735/1784 972/1373/1784 341/736/1784
f 1290/738/1785 703/1230/1785 223/739/1785
f 975/741/1786 222/1233/1786 510/742/1786
f 1288/744/1787 976/1369/1787 342/745/1787
f 1287/747/1788 641/1371/1788 161/748/1788
f 979/750/1789 221/1363/1789 509/751/1789
f 980/753/1790 343/1365/1790 981/754/1790
f 700/756/1791 220/1372/1791 982/757/1791
f 983/759/1792 140/1355/1792 428/760/1792
f 984/762/1793 344/1362/1793 985/763/1793
f 699/765/1794 219/1235/1794 986/766/1794
f 1280/768/1795 987/1361/1795 218/769/1795
f 988/771/1796 345/1357/1796 989/772/1796
f 642/774/1797 162/1534/1797 990/775/1797
f 991/777/1798 217/1350/1798 505/778/1798
f 992/780/1799 346/1354/1799 993/781/1799
f 696/783/1800 216/1360/1800 994/784/1800
f 1274/786/1801 995/1353/1801 107/787/1801
f 1273/789/1802 996/1349/1802 347/790/1802
f 695/792/1803 215/1240/1803 998/793/1803
f 1271/795/1804 999/1601/1804 214/796/1804
f 1000/798/1805 348/1346/1805 1001/799/1805
f 429/801/1806 141/1356/1806 1002/802/1806
f 1003/804/1807 213/1337/1807 501/805/1807
f 1267/807/1808 1004/1342/1808 349/808/1808
f 692/810/1809 212/1348/1809 1006/811/1809
f 1265/813/1810 1007/1341/1810 108/814/1810
f 1008/816/1811 350/1336/1811 1009/817/1811
f 691/819/1812 211/1246/1812 1010/820/1812
f 1262/822/1813 1011/1335/1813 210/823/1813
f 1012/825/1814 351/1333/1814 1013/826/1814
f 671/828/1815 191/1313/1815 1014/829/1815
f 1015/831/1816 209/1319/1816 497/832/1816
f 1258/834/1817 1016/1327/1817 352/835/1817
f 1257/837/1818 688/1328/1818 208/838/1818
f 1019/840/1819 194/1284/1819 674/841/1819
f 1255/843/1820 1020/1318/1820 353/844/1820
f 1254/846/1821 687/1253/1821 207/847/1821
f 1023/849/1822 206/1260/1822 494/850/1822
f 1252/852/1823 1024/1316/1823 354/853/1823
f 1251/855/1824 647/1317/1824 167/856/1824
f 1027/858/1825 205/1306/1825 493/859/1825
f 1028/861/1826 355/1311/1826 1029/862/1826
f 1248/864/1827 684/1312/1827 204/865/1827
f 1247/867/1828 1031/1310/1828 144/868/1828
f 1246/870/1829 1032/1305/1829 356/871/1829
f 1245/873/1830 683/1262/1830 203/874/1830
f 1035/876/1831 202/1268/1831 490/877/1831
f 1036/879/1832 357/1301/1832 1037/880/1832
f 648/882/1833 168/1577/1833 1038/883/1833
f 1039/885/1834 201/1295/1834 489/886/1834
f 1040/888/1835 358/1298/1835 1041/889/1835
f 680/891/1836 200/1304/1836 1042/892/1836
f 1043/894/1837 103/1366/1837 391/895/1837
f 1044/897/1838 359/1294/1838 1045/898/1838
f 679/900/1839 199/1270/1839 1046/901/1839
f 1047/903/1840 198/1274/1840 486/904/1840
f 1234/906/1841 1048/1290/1841 360/907/1841
f 1233/909/1842 433/1299/1842 145/910/1842
f 1232/912/1843 1051/1289/1843 197/913/1843
f 1052/915/1844 361/1283/1844 1053/916/1844
f 676/918/1845 196/1292/1845 1054/919/1845
f 1055/921/1846 104/1377/1846 392/922/1846
f 1056/924/1847 362/1277/1847 1057/925/1847
f 1227/927/1848 675/1275/1848 195/928/1848
f 1226/930/1849 1059/1607/1849 152/931/1849
f 1060/933/1850 363/1273/1850 1061/934/1850
f 481/936/1851 193/1296/1851 1062/937/1851
f 1063/939/1852 151/1370/1852 439/940/1852
f 1064/942/1853 364/1267/1853 1065/943/1853
f 600/945/1854 120/1572/1854 1066/946/1854
f 1067/948/1855 192/1302/1855 480/949/1855
f 1219/951/1856 1068/1259/1856 365/952/1856
f 1218/954/1857 599/1261/1857 119/955/1857
f 1217/957/1858 1071/1258/1858 146/958/1858
f 1216/960/1859 1072/1252/1859 366/961/1859
f 1215/963/1860 623/1307/1860 143/964/1860
f 1214/1251/1861 1075/1250/1861 156/1525/1861
f 1213/969/1862 1076/1244/1862 367/970/1862
f 1212/972/1863 477/1245/1863 189/973/1863
f 1211/975/1864 1079/1243/1864 155/976/1864
f 1080/978/1865 368/1238/1865 1081/979/1865
f 1209/981/1866 594/1239/1866 114/982/1866
f 1083/984/1867 188/1358/1867 476/985/1867
f 1084/987/1868 369/1232/1868 1085/988/1868
f 593/990/1869 113/1570/1869 1086/991/1869
f 1087/993/1870 142/1347/1870 622/994/1870
f 1088/996/1871 370/1228/1871 1089/997/1871
f 1203/999/1872 619/1229/1872 139/1000/1872
f 1091/1002/1873 115/1486/1873 595/1003/1873
f 1092/1005/1874 371/1223/1874 1093/1006/1874
f 473/1008/1875 185/1404/1875 1094/1009/1875
f 1199/1011/1876 1095/1222/1876 116/1012/1876
f 1198/1014/1877 1096/1215/1877 372/1015/1877
f 1197/1017/1878 457/1216/1878 169/1018/1878
f 1099/1020/1879 184/1413/1879 472/1021/1879
f 1100/1023/1880 373/1209/1880 1101/1024/1880
f 458/1026/1881 170/1374/1881 1102/1027/1881
f 1103/1029/1882 138/1398/1882 618/1030/1882
f 1192/1032/1883 1104/1204/1883 374/1033/1883
f 1191/1035/1884 615/1419/1884 135/1036/1884
f 1107/1038/1885 158/1334/1885 446/1039/1885
f 1108/1041/1886 375/1200/1886 1109/1042/1886
f 469/1044/1887 181/1454/1887 1110/1045/1887
f 1187/1047/1888 1111/1199/1888 157/1048/1888
f 1186/1050/1889 1112/1196/1889 376/1051/1889
f 1185/1053/1890 598/273/1890 118/1054/1890
f 1184/1056/1891 1115/1195/1891 180/1057/1891
f 1183/1059/1892 1116/1190/1892 377/1060/1892
f 597/264/1893 117/1585/1893 1118/1062/1893
f 1119/1064/1894 134/1449/1894 614/1065/1894
f 1120/1067/1895 378/1184/1895 1121/1068/1895
f 1179/1070/1896 611/1465/1896 131/1071/1896
f 1123/1073/1897 105/1480/1897 585/1074/1897
f 1124/1076/1898 379/1180/1898 1125/1077/1898
f 1176/1079/1899 465/1181/1899 177/1080/1899
f 1127/1082/1900 106/1473/1900 586/1083/1900
f 1128/1085/1901 380/1176/1901 1129/1086/1901
f 1173/1088/1902 592/1118/1902 112/1089/1902
f 1172/1091/1903 1131/1175/1903 176/1092/1903
f 1171/1094/1904 1132/1171/1904 381/1095/1904
f 591/1097/1905 111/1110/1905 1134/1098/1905
f 1169/1100/1906 1135/1170/1906 130/1101/1906
f 1168/1103/1907 1136/1165/1907 382/1104/1907
f 607/1106/1908 127/1504/1908 1138/1107/1908
f 1166/1109/1909 1139/1164/1909 111/1110/1909
f 1165/1111/1910 1140/1157/1910 383/1112/1910
f 461/1541/1911 173/1542/1911 1142/1616/1911
f 1143/1117/1912 112/1089/1912 592/1118/1912
f 1162/1120/1913 1144/1154/1913 384/1121/1913
f 1161/1123/1914 453/203/1914 165/1124/1914
f 1147/1126/1915 172/1554/1915 460/1127/1915
f 1148/1129/1916 385/1149/1916 1149/1130/1916
f 454/1132/1917 166/1617/1917 1150/1133/1917
f 1157/1135/1918 1151/1148/1918 126/1136/1918
f 1156/1138/1919 1152/1144/1919 386/1139/1919
f 1155/1141/1920 603/1145/1920 123/1142/1920
f 1152/1144/1921 1155/1141/1921 1154/1143/1921
f 770/283/1922 1155/1141/1922 1152/1144/1922
f 770/283/1923 51/1561/1923 603/1145/1923
f 1156/1138/1924 1153/1140/1924 287/310/1924
f 98/280/1925 578/287/1925 1156/1138/1925
f 290/286/1926 1152/1144/1926 1156/1138/1926
f 575/1147/1927 1157/1135/1927 606/1137/1927
f 287/310/1928 1153/1140/1928 1157/1135/1928
f 1153/1140/1929 386/1139/1929 1151/1148/1929
f 1158/1134/1930 1150/1133/1930 385/1149/1930
f 766/274/1931 1158/1134/1931 1148/1129/1931
f 46/195/1932 454/1132/1932 1158/1134/1932
f 1159/1131/1933 1149/1130/1933 283/1151/1933
f 574/313/1934 1159/1131/1934 763/336/1934
f 286/1150/1935 1148/1129/1935 1159/1131/1935
f 1160/1128/1936 460/1127/1936 52/1153/1936
f 1149/1130/1937 1160/1128/1937 571/267/1937
f 385/1149/1938 1147/1126/1938 1160/1128/1938
f 1144/1154/1939 1161/1123/1939 1146/1125/1939
f 282/340/1940 762/265/1940 1161/1123/1940
f 762/265/1941 45/1192/1941 453/203/1941
f 759/1155/1942 1162/1120/1942 1145/1122/1942
f 96/262/1943 570/341/1943 1162/1120/1943
f 570/341/1944 282/340/1944 1144/1154/1944
f 567/1156/1945 1163/1119/1945 592/1118/1945
f 279/364/1946 1145/1122/1946 1163/1119/1946
f 384/1121/1947 1143/1117/1947 1163/1119/1947
f 1140/1157/1948 1164/1116/1948 1142/1115/1948
f 278/1158/1949 758/258/1949 1164/1116/1949
f 53/257/1950 461/1114/1950 1164/1116/1950
f 755/1159/1951 1165/1111/1951 1141/1113/1951
f 95/1160/1952 566/367/1952 1165/1111/1952
f 566/367/1953 278/1158/1953 1140/1157/1953
f 563/1161/1954 1166/1109/1954 591/1097/1954
f 275/1162/1955 1141/1163/1955 1166/1109/1955
f 1141/1163/1956 383/1615/1956 1139/1164/1956
f 1167/1108/1957 1138/1107/1957 382/1104/1957
f 754/249/1958 1167/1108/1958 1136/1165/1958
f 55/1167/1959 607/1106/1959 1167/1108/1959
f 751/1168/1960 1168/1103/1960 1137/1105/1960
f 94/246/1961 562/394/1961 1168/1103/1961
f 562/394/1962 274/1166/1962 1136/1165/1962
f 559/1169/1963 1169/1100/1963 610/1102/1963
f 271/418/1964 1137/1105/1964 1169/1100/1964
f 1137/1105/1965 382/1104/1965 1135/1170/1965
f 1132/1171/1966 1170/1099/1966 1134/1098/1966
f 270/421/1967 750/241/1967 1170/1099/1967
f 39/240/1968 591/1097/1968 1170/1099/1968
f 747/1172/1969 1171/1094/1969 1133/1096/1969
f 93/1173/1970 558/422/1970 1171/1094/1970
f 558/422/1971 270/421/1971 1132/1171/1971
f 555/1174/1972 1172/1091/1972 464/1093/1972
f 267/444/1973 1133/1096/1973 1172/1091/1973
f 1133/1096/1974 381/1095/1974 1131/1175/1974
f 1128/1085/1975 1173/1088/1975 1130/1090/1975
f 746/231/1976 1173/1088/1976 1128/1085/1976
f 40/260/1977 592/1118/1977 1173/1088/1977
f 1174/1087/1978 1129/1086/1978 263/1177/1978
f 554/448/1979 1174/1087/1979 743/469/1979
f 266/447/1980 1128/1085/1980 1174/1087/1980
f 1175/1084/1981 586/1083/1981 34/1179/1981
f 1129/1086/1982 1175/1084/1982 551/224/1982
f 380/1176/1983 1127/1082/1983 1175/1084/1983
f 1124/1076/1984 1176/1079/1984 1126/1081/1984
f 262/473/1985 742/223/1985 1176/1079/1985
f 742/223/1986 57/222/1986 465/1181/1986
f 739/1182/1987 1177/1078/1987 1125/1077/1987
f 91/219/1988 550/474/1988 1177/1078/1988
f 550/474/1989 262/473/1989 1124/1076/1989
f 547/1183/1990 1178/1075/1990 585/1074/1990
f 259/497/1991 1125/1077/1991 1178/1075/1991
f 379/1180/1992 1123/1073/1992 1178/1075/1992
f 1120/1067/1993 1179/1070/1993 1122/1072/1993
f 258/1185/1994 738/213/1994 1179/1070/1994
f 59/1186/1995 611/1465/1995 1179/1070/1995
f 1180/1069/1996 1121/1068/1996 255/1187/1996
f 546/500/1997 1180/1069/1997 735/523/1997
f 258/1185/1998 1120/1067/1998 1180/1069/1998
f 1181/1066/1999 614/1065/1999 62/1189/1999
f 1121/1068/2000 1181/1066/2000 543/206/2000
f 378/1184/2001 1119/1064/2001 1181/1066/2001
f 1182/1063/2002 1118/1062/2002 377/1060/2002
f 734/204/2003 1182/1063/2003 1116/1190/2003
f 45/1192/2004 597/264/2004 1182/1063/2004
f 731/1193/2005 1183/1059/2005 1117/1061/2005
f 89/201/2006 542/527/2006 1183/1059/2006
f 254/1191/2007 1116/1190/2007 1183/1059/2007
f 1184/1056/2008 468/1058/2008 60/198/2008
f 251/551/2009 1117/1061/2009 1184/1056/2009
f 1117/1061/2010 377/1060/2010 1115/1195/2010
f 1112/1196/2011 1185/1053/2011 1114/1055/2011
f 250/554/2012 730/196/2012 1185/1053/2012
f 730/196/2013 46/195/2013 598/273/2013
f 727/1197/2014 1186/1050/2014 1113/1052/2014
f 88/192/2015 538/555/2015 1186/1050/2015
f 538/555/2016 250/554/2016 1112/1196/2016
f 535/1198/2017 1187/1047/2017 445/1049/2017
f 247/577/2018 1113/1052/2018 1187/1047/2018
f 1113/1052/2019 376/1051/2019 1111/1199/2019
f 1108/1041/2020 1188/1046/2020 1110/1045/2020
f 246/580/2021 726/187/2021 1188/1046/2021
f 61/186/2022 469/1044/2022 1188/1046/2022
f 1189/1043/2023 1109/1042/2023 243/1201/2023
f 534/581/2024 1189/1043/2024 723/603/2024
f 246/580/2025 1108/1041/2025 1189/1043/2025
f 1190/1040/2026 446/1039/2026 38/180/2026
f 1109/1042/2027 1190/1040/2027 531/1203/2027
f 375/1200/2028 1107/1038/2028 1190/1040/2028
f 1104/1204/2029 1191/1035/2029 1106/1037/2029
f 242/607/2030 722/1206/2030 1191/1035/2030
f 63/1205/2031 615/1419/2031 1191/1035/2031
f 719/630/2032 1192/1032/2032 1105/1034/2032
f 86/174/2033 530/608/2033 1192/1032/2033
f 530/608/2034 242/607/2034 1104/1204/2034
f 1193/1031/2035 618/1030/2035 66/1208/2035
f 1105/1034/2036 1193/1031/2036 527/170/2036
f 1105/1034/2037 374/1033/2037 1103/1029/2037
f 1194/1028/2038 1102/1027/2038 373/1209/2038
f 718/168/2039 1194/1028/2039 1100/1023/2039
f 50/1211/2040 458/1026/2040 1194/1028/2040
f 1195/1025/2041 1101/1024/2041 235/658/2041
f 526/634/2042 1195/1025/2042 715/1212/2042
f 238/1210/2043 1100/1023/2043 1195/1025/2043
f 1196/1022/2044 472/1021/2044 64/1213/2044
f 1101/1024/2045 1196/1022/2045 523/1214/2045
f 373/1209/2046 1099/1020/2046 1196/1022/2046
f 1096/1215/2047 1197/1017/2047 1098/1019/2047
f 714/160/2048 1197/1017/2048 1096/1215/2048
f 714/160/2049 49/159/2049 457/1216/2049
f 711/684/2050 1198/1014/2050 1097/1016/2050
f 522/662/2051 1198/1014/2051 711/684/2051
f 234/661/2052 1096/1215/2052 1198/1014/2052
f 519/152/2053 1199/1011/2053 596/1013/2053
f 1097/1220/2054 1199/1011/2054 519/152/2054
f 1097/1220/2055 372/1613/2055 1095/1222/2055
f 1200/1010/2056 1094/1009/2056 371/1223/2056
f 710/151/2057 1200/1010/2057 1092/1005/2057
f 65/150/2058 473/1008/2058 1200/1010/2058
f 1201/1007/2059 1093/1006/2059 227/1225/2059
f 518/688/2060 1201/1007/2060 707/711/2060
f 230/1224/2061 1092/1005/2061 1201/1007/2061
f 1202/1004/2062 595/1003/2062 43/1227/2062
f 1093/1006/2063 1202/1004/2063 515/143/2063
f 371/1223/2064 1091/1002/2064 1202/1004/2064
f 1088/996/2065 1203/999/2065 1090/1001/2065
f 226/715/2066 706/142/2066 1203/999/2066
f 706/142/2067 67/141/2067 619/1229/2067
f 703/1230/2068 1204/998/2068 1089/997/2068
f 82/138/2069 514/716/2069 1204/998/2069
f 514/716/2070 226/715/2070 1088/996/2070
f 1205/995/2071 622/994/2071 70/1231/2071
f 1089/997/2072 1205/995/2072 511/134/2072
f 370/1228/2073 1087/993/2073 1205/995/2073
f 1206/992/2074 1086/991/2074 369/1232/2074
f 702/132/2075 1206/992/2075 1084/987/2075
f 41/1234/2076 593/990/2076 1206/992/2076
f 1207/989/2077 1085/988/2077 219/1235/2077
f 81/1236/2078 510/742/2078 1207/989/2078
f 222/1233/2079 1084/987/2079 1207/989/2079
f 507/1237/2080 1208/986/2080 476/985/2080
f 219/1235/2081 1085/988/2081 1208/986/2081
f 1085/988/2082 369/1232/2082 1083/984/2082
f 1080/978/2083 1209/981/2083 1082/983/2083
f 218/769/2084 698/124/2084 1209/981/2084
f 698/124/2085 42/123/2085 594/1239/2085
f 1210/980/2086 1081/979/2086 215/1240/2086
f 506/770/2087 1210/980/2087 695/792/2087
f 218/769/2088 1080/978/2088 1210/980/2088
f 503/1242/2089 1211/975/2089 443/977/2089
f 1081/979/2090 1211/975/2090 503/1242/2090
f 1081/979/2091 368/1238/2091 1079/1243/2091
f 1076/1244/2092 1212/972/2092 1078/974/2092
f 214/796/2093 694/114/2093 1212/972/2093
f 694/114/2094 69/1351/2094 477/1245/2094
f 691/819/2095 1213/969/2095 1077/971/2095
f 79/1247/2096 502/797/2096 1213/969/2096
f 502/797/2097 214/796/2097 1076/1244/2097
f 499/1248/2098 1214/966/2098 444/968/2098
f 211/1246/2099 1077/971/2099 1214/1251/2099
f 1077/971/2100 367/970/2100 1075/1250/2100
f 1072/1252/2101 1215/963/2101 1074/965/2101
f 690/106/2102 1215/963/2102 1072/1252/2102
f 71/105/2103 623/1307/2103 1215/963/2103
f 687/1253/2104 1216/960/2104 1073/962/2104
f 78/1254/2105 498/824/2105 1216/960/2105
f 498/824/2106 210/823/2106 1072/1252/2106
f 1217/957/2107 626/959/2107 74/1255/2107
f 207/1256/2108 1073/1257/2108 1217/957/2108
f 1073/1257/2109 366/1611/2109 1071/1258/2109
f 1068/1259/2110 1218/954/2110 1070/956/2110
f 206/1260/2111 686/97/2111 1218/954/2111
f 686/97/2112 47/96/2112 599/1261/2112
f 683/1262/2113 1219/951/2113 1069/953/2113
f 77/1263/2114 494/850/2114 1219/951/2114
f 494/850/2115 206/1260/2115 1068/1259/2115
f 491/1264/2116 1220/950/2116 480/949/2116
f 203/1265/2117 1069/1266/2117 1220/950/2117
f 1069/1266/2118 365/1609/2118 1067/948/2118
f 1221/947/2119 1066/946/2119 364/1267/2119
f 682/87/2120 1221/947/2120 1064/942/2120
f 48/1269/2121 600/945/2121 1221/947/2121
f 1222/944/2122 1065/943/2122 199/1270/2122
f 490/877/2123 1222/944/2123 679/900/2123
f 202/1268/2124 1064/942/2124 1222/944/2124
f 1223/941/2125 439/940/2125 31/1272/2125
f 1065/943/2126 1223/941/2126 487/80/2126
f 364/1267/2127 1063/939/2127 1223/941/2127
f 1224/938/2128 1062/937/2128 363/1273/2128
f 678/79/2129 1224/938/2129 1060/933/2129
f 73/78/2130 481/936/2130 1224/938/2130
f 1225/935/2131 1061/934/2131 195/928/2131
f 486/904/2132 1225/935/2132 675/1275/2132
f 198/1274/2133 1060/933/2133 1225/935/2133
f 483/1276/2134 1226/930/2134 440/932/2134
f 195/928/2135 1061/934/2135 1226/930/2135
f 363/1273/2136 1059/1607/2136 1226/930/2136
f 1056/924/2137 1227/927/2137 1058/929/2137
f 197/913/2138 677/76/2138 1227/927/2138
f 677/76/2139 75/75/2139 675/1275/2139
f 1228/926/2140 1057/925/2140 149/1278/2140
f 485/914/2141 1228/926/2141 437/1279/2141
f 197/913/2142 1056/924/2142 1228/926/2142
f 1229/923/2143 392/922/2143 2/1281/2143
f 1057/925/2144 1229/923/2144 629/1282/2144
f 362/1277/2145 1055/921/2145 1229/923/2145
f 1230/920/2146 1054/919/2146 361/1283/2146
f 482/99/2147 1230/920/2147 1052/915/2147
f 74/1255/2148 676/918/2148 1230/920/2148
f 1231/917/2149 1053/916/2149 101/1285/2149
f 674/841/2150 1231/917/2150 389/1286/2150
f 194/1284/2151 1052/915/2151 1231/917/2151
f 1232/912/2152 485/914/2152 29/1280/2152
f 1053/916/2153 1232/912/2153 581/1288/2153
f 1053/916/2154 361/1283/2154 1051/1289/2154
f 1048/1290/2155 1233/909/2155 1050/911/2155
f 146/958/2156 434/60/2156 1233/909/2156
f 26/1291/2157 433/1299/2157 1233/909/2157
f 676/918/2158 1234/906/2158 1049/908/2158
f 626/959/2159 1234/906/2159 676/918/2159
f 626/959/2160 146/958/2160 1048/1290/2160
f 1235/905/2161 486/904/2161 75/75/2161
f 1049/908/2162 1235/905/2162 484/1293/2162
f 1049/908/2163 360/907/2163 1047/903/2163
f 1236/902/2164 1046/901/2164 359/1294/2164
f 681/84/2165 1236/902/2165 1044/897/2165
f 76/1271/2166 679/900/2166 1236/902/2166
f 1237/899/2167 1045/898/2167 193/1296/2167
f 489/886/2168 1237/899/2168 481/936/2168
f 201/1295/2169 1044/897/2169 1237/899/2169
f 1238/896/2170 391/895/2170 11/1297/2170
f 1045/898/2171 1238/896/2171 673/68/2171
f 359/1294/2172 1043/894/2172 1238/896/2172
f 1239/893/2173 1042/892/2173 358/1298/2173
f 624/91/2174 1239/893/2174 1040/888/2174
f 72/90/2175 680/891/2175 1239/893/2175
f 1240/890/2176 1041/889/2176 145/910/2176
f 432/869/2177 1240/890/2177 433/1299/2177
f 432/869/2178 144/868/2178 1040/888/2178
f 1241/887/2179 489/886/2179 73/78/2179
f 145/910/2180 1041/889/2180 1241/887/2180
f 358/1298/2181 1039/885/2181 1241/887/2181
f 1242/884/2182 1038/883/2182 357/1301/2182
f 672/63/2183 1242/884/2183 1036/879/2183
f 19/1303/2184 648/882/2184 1242/884/2184
f 1243/881/2185 1037/880/2185 200/1304/2185
f 480/949/2186 1243/881/2186 680/891/2186
f 192/1302/2187 1036/879/2187 1243/881/2187
f 1244/878/2188 490/877/2188 76/1271/2188
f 1037/880/2189 1244/878/2189 488/83/2189
f 357/1301/2190 1035/876/2190 1244/878/2190
f 1032/1305/2191 1245/873/2191 1034/875/2191
f 685/93/2192 1245/873/2192 1032/1305/2192
f 77/1263/2193 683/1262/2193 1245/873/2193
f 623/1307/2194 1246/870/2194 1033/872/2194
f 493/859/2195 1246/870/2195 623/1307/2195
f 205/1306/2196 1032/1305/2196 1246/870/2196
f 431/59/2197 1247/867/2197 432/869/2197
f 143/1308/2198 1033/1309/2198 1247/867/2198
f 1033/1309/2199 356/1605/2199 1031/1310/2199
f 1248/864/2200 1030/866/2200 355/1311/2200
f 109/571/2201 589/190/2201 1248/864/2201
f 589/190/2202 37/189/2202 684/1312/2202
f 1249/863/2203 1029/862/2203 191/1313/2203
f 397/572/2204 1249/863/2204 671/828/2204
f 109/571/2205 1028/861/2205 1249/863/2205
f 1250/860/2206 493/859/2206 71/105/2206
f 1029/862/2207 1250/860/2207 479/1315/2207
f 355/1311/2208 1027/858/2208 1250/860/2208
f 1024/1316/2209 1251/855/2209 1026/857/2209
f 157/1048/2210 637/31/2210 1251/855/2210
f 637/31/2211 5/30/2211 647/1317/2211
f 1252/852/2212 1025/854/2212 204/865/2212
f 37/189/2213 445/1049/2213 1252/852/2213
f 445/1049/2214 157/1048/2214 1024/1316/2214
f 1253/851/2215 494/850/2215 77/1263/2215
f 1025/854/2216 1253/851/2216 492/92/2216
f 354/853/2217 1023/849/2217 1253/851/2217
f 1020/1318/2218 1254/846/2218 1022/848/2218
f 209/1319/2219 689/102/2219 1254/846/2219
f 689/102/2220 78/1254/2220 687/1253/2220
f 438/1320/2221 1255/843/2221 1021/845/2221
f 497/832/2222 1255/843/2222 438/1320/2222
f 497/832/2223 209/1319/2223 1020/1318/2223
f 1256/842/2224 674/841/2224 10/1287/2224
f 1021/1324/2225 1256/842/2225 630/1323/2225
f 353/1326/2226 1019/840/2226 1256/842/2226
f 1016/1327/2227 1257/837/2227 1018/839/2227
f 110/598/2228 590/181/2228 1257/837/2228
f 590/181/2229 38/180/2229 688/1328/2229
f 390/1329/2230 1258/834/2230 1017/836/2230
f 6/1331/2231 398/599/2231 1258/834/2231
f 398/599/2232 110/598/2232 1016/1327/2232
f 1259/833/2233 497/832/2233 30/1322/2233
f 1017/836/2234 1259/833/2234 582/1332/2234
f 352/835/2235 1015/831/2235 1259/833/2235
f 1260/830/2236 1014/829/2236 351/1333/2236
f 638/33/2237 1260/830/2237 1012/825/2237
f 14/1314/2238 671/828/2238 1260/830/2238
f 1261/827/2239 1013/826/2239 208/838/2239
f 38/180/2240 446/1039/2240 1261/827/2240
f 446/1039/2241 158/1334/2241 1012/825/2241
f 1262/822/2242 498/824/2242 78/1254/2242
f 208/838/2243 1013/826/2243 1262/822/2243
f 1013/826/2244 351/1333/2244 1011/1335/2244
f 1263/821/2245 1010/820/2245 350/1336/2245
f 693/111/2246 1263/821/2246 1008/816/2246
f 79/1247/2247 691/819/2247 1263/821/2247
f 1264/818/2248 1009/817/2248 169/1018/2248
f 501/805/2249 1264/818/2249 457/1216/2249
f 213/1337/2250 1008/816/2250 1264/818/2250
f 649/1338/2251 1265/813/2251 396/815/2251
f 169/1339/2252 1009/1340/2252 1265/813/2252
f 1009/1340/2253 350/1602/2253 1007/1341/2253
f 1266/812/2254 1006/811/2254 349/808/2254
f 478/135/2255 1266/812/2255 1004/1342/2255
f 70/1231/2256 692/810/2256 1266/812/2256
f 409/1343/2257 1267/807/2257 1005/809/2257
f 20/1344/2258 670/734/2258 1267/807/2258
f 670/734/2259 190/733/2259 1004/1342/2259
f 1268/806/2260 501/805/2260 49/159/2260
f 1005/809/2261 1268/806/2261 601/1345/2261
f 349/808/2262 1003/804/2262 1268/806/2262
f 1269/803/2263 1002/802/2263 348/1346/2263
f 430/49/2264 1269/803/2264 1000/798/2264
f 25/48/2265 429/801/2265 1269/803/2265
f 1270/800/2266 1001/799/2266 212/1348/2266
f 622/994/2267 1270/800/2267 692/810/2267
f 142/1347/2268 1000/798/2268 1270/800/2268
f 1271/795/2269 502/797/2269 79/1247/2269
f 1001/799/2270 1271/795/2270 500/110/2270
f 348/1346/2271 999/1601/2271 1271/795/2271
f 1272/794/2272 998/793/2272 347/790/2272
f 697/120/2273 1272/794/2273 996/1349/2273
f 80/1241/2274 695/792/2274 1272/794/2274
f 477/1245/2275 1273/789/2275 997/791/2275
f 69/1351/2276 505/778/2276 1273/789/2276
f 505/778/2277 217/1350/2277 996/1349/2277
f 669/1352/2278 1274/786/2278 395/788/2278
f 189/973/2279 997/791/2279 1274/786/2279
f 997/791/2280 347/790/2280 995/1353/2280
f 1275/785/2281 994/784/2281 346/1354/2281
f 620/127/2282 1275/785/2282 992/780/2282
f 68/126/2283 696/783/2283 1275/785/2283
f 1276/782/2284 993/781/2284 141/1356/2284
f 428/760/2285 1276/782/2285 429/801/2285
f 140/1355/2286 992/780/2286 1276/782/2286
f 1277/779/2287 505/778/2287 69/1351/2287
f 993/781/2288 1277/779/2288 621/113/2288
f 346/1354/2289 991/777/2289 1277/779/2289
f 1278/776/2290 990/775/2290 345/1357/2290
f 668/51/2291 1278/776/2291 988/771/2291
f 16/1359/2292 642/774/2292 1278/776/2292
f 1279/773/2293 989/772/2293 216/1360/2293
f 476/985/2294 1279/773/2294 696/783/2294
f 188/1358/2295 988/771/2295 1279/773/2295
f 504/119/2296 1280/768/2296 506/770/2296
f 216/1360/2297 989/772/2297 1280/768/2297
f 989/772/2298 345/1357/2298 987/1361/2298
f 984/762/2299 1281/767/2299 986/766/2299
f 701/129/2300 1281/767/2300 984/762/2300
f 81/1236/2301 699/765/2301 1281/767/2301
f 1282/764/2302 985/763/2302 139/1000/2302
f 509/751/2303 1282/764/2303 619/1229/2303
f 221/1363/2304 984/762/2304 1282/764/2304
f 1283/761/2305 428/760/2305 25/48/2305
f 985/763/2306 1283/761/2306 427/1364/2306
f 344/1362/2307 983/759/2307 1283/761/2307
f 1284/758/2308 982/757/2308 343/1365/2308
f 583/81/2309 1284/758/2309 980/753/2309
f 31/1272/2310 700/756/2310 1284/758/2310
f 1285/755/2311 981/754/2311 187/1367/2311
f 11/1297/2312 391/895/2312 1285/755/2312
f 391/895/2313 103/1366/2313 980/753/2313
f 1286/752/2314 509/751/2314 67/141/2314
f 981/754/2315 1286/752/2315 475/1368/2315
f 343/1365/2316 979/750/2316 1286/752/2316
f 976/1369/2317 1287/747/2317 978/749/2317
f 631/67/2318 1287/747/2318 976/1369/2318
f 631/67/2319 1/66/2319 641/1371/2319
f 700/756/2320 1288/744/2320 977/746/2320
f 439/940/2321 1288/744/2321 700/756/2321
f 151/1370/2322 976/1369/2322 1288/744/2322
f 1289/743/2323 510/742/2323 81/1236/2323
f 220/1372/2324 977/746/2324 1289/743/2324
f 342/745/2325 975/741/2325 1289/743/2325
f 972/1373/2326 1290/738/2326 974/740/2326
f 225/724/2327 705/139/2327 1290/738/2327
f 705/139/2328 82/138/2328 703/1230/2328
f 458/1026/2329 1291/735/2329 973/737/2329
f 50/1211/2330 513/725/2330 1291/735/2330
f 513/725/2331 225/724/2331 972/1373/2331
f 650/38/2332 1292/732/2332 670/734/2332
f 170/1374/2333 973/737/2333 1292/732/2333
f 973/737/2334 341/736/2334 971/1375/2334
f 968/1376/2335 1293/729/2335 970/731/2335
f 104/1377/2336 584/73/2336 1293/729/2336
f 584/73/2337 32/72/2337 704/1378/2337
f 410/639/2338 1294/726/2338 969/728/2338
f 2/1281/2339 392/922/2339 1294/726/2339
f 392/922/2340 104/1377/2340 968/1376/2340
f 602/167/2341 1295/723/2341 513/725/2341
f 122/1379/2342 969/728/2342 1295/723/2342
f 969/728/2343 340/727/2343 967/1380/2343
f 964/1381/2344 1296/722/2344 966/721/2344
f 632/69/2345 1296/722/2345 964/1381/2345
f 11/1297/2346 667/720/2346 1296/722/2346
f 704/1378/2347 1297/717/2347 965/719/2347
f 32/72/2348 440/932/2348 1297/717/2348
f 440/932/2349 152/931/2349 964/1381/2349
f 512/1382/2350 1298/714/2350 514/716/2350
f 224/730/2351 965/719/2351 1298/714/2351
f 965/719/2352 339/718/2352 963/1383/2352
f 960/1384/2353 1299/713/2353 962/712/2353
f 229/697/2354 709/147/2354 1299/713/2354
f 83/1226/2355 707/711/2355 1299/713/2355
f 580/1385/2356 1300/708/2356 961/710/2356
f 28/1387/2357 517/698/2357 1300/708/2357
f 517/698/2358 229/697/2358 960/1384/2358
f 1301/707/2359 643/706/2359 8/1388/2359
f 961/710/2360 1301/707/2360 388/1389/2360
f 338/709/2361 959/705/2361 1301/707/2361
f 956/1390/2362 1302/704/2362 958/703/2362
f 186/1391/2363 474/171/2363 1302/704/2363
f 66/1208/2364 708/702/2364 1302/704/2364
f 1303/699/2365 957/701/2365 148/1392/2365
f 666/625/2366 1303/699/2366 628/1393/2366
f 186/1391/2367 956/1390/2367 1303/699/2367
f 436/1395/2368 1304/696/2368 517/698/2368
f 148/1392/2369 957/701/2369 1304/696/2369
f 957/701/2370 337/700/2370 955/1396/2370
f 1305/695/2371 954/694/2371 336/1397/2371
f 426/37/2372 1305/695/2372 952/690/2372
f 24/36/2373 425/693/2373 1305/695/2373
f 1306/692/2374 953/691/2374 228/1399/2374
f 618/1030/2375 1306/692/2375 708/702/2375
f 138/1398/2376 952/690/2376 1306/692/2376
f 1307/689/2377 518/688/2377 83/1226/2377
f 953/691/2378 1307/689/2378 516/146/2378
f 336/1397/2379 951/687/2379 1307/689/2379
f 948/1403/2380 1308/686/2380 950/685/2380
f 233/1402/2381 713/156/2381 1308/686/2381
f 713/156/2382 84/1218/2382 711/684/2382
f 1309/683/2383 949/682/2383 185/1404/2383
f 65/150/2384 521/671/2384 1309/683/2384
f 233/670/2385 948/681/2385 1309/683/2385
f 1310/680/2386 644/679/2386 17/1405/2386
f 949/682/2387 1310/680/2387 665/44/2387
f 335/1401/2388 947/678/2388 1310/680/2388
f 1311/677/2389 946/676/2389 334/1600/2389
f 616/162/2390 1311/1406/2390 944/672/2390
f 64/1213/2391 712/675/2391 1311/677/2391
f 1312/674/2392 945/673/2392 137/1409/2392
f 24/36/2393 424/653/2393 1312/674/2393
f 136/652/2394 944/672/2394 1312/674/2394
f 617/1410/2395 1313/669/2395 521/671/2395
f 137/1409/2396 945/673/2396 1313/669/2396
f 945/673/2397 334/1407/2397 943/1411/2397
f 940/1412/2398 1314/666/2398 942/668/2398
f 184/1413/2399 664/39/2399 1314/666/2399
f 664/39/2400 20/1344/2400 409/1343/2400
f 1315/663/2401 941/665/2401 232/1414/2401
f 64/1213/2402 472/1021/2402 1315/663/2402
f 472/1021/2403 184/1413/2403 940/1412/2403
f 520/155/2404 1316/660/2404 522/662/2404
f 232/1414/2405 941/665/2405 1316/660/2405
f 941/665/2406 333/664/2406 939/1415/2406
f 936/1418/2407 1317/657/2407 938/659/2407
f 237/643/2408 717/166/2408 1317/657/2408
f 717/166/2409 85/165/2409 715/1212/2409
f 615/1419/2410 1318/654/2410 937/656/2410
f 525/1420/2411 1318/654/2411 615/1419/2411
f 525/644/2412 237/643/2412 936/1418/2412
f 423/1421/2413 1319/651/2413 424/653/2413
f 135/1036/2414 937/656/2414 1319/651/2414
f 937/656/2415 332/655/2415 935/1422/2415
f 1320/650/2416 934/649/2416 331/1423/2416
f 581/1288/2417 1320/650/2417 932/645/2417
f 29/1280/2418 716/648/2418 1320/650/2418
f 1321/647/2419 933/646/2419 183/1424/2419
f 389/1286/2420 1321/647/2420 663/612/2420
f 101/1285/2421 932/645/2421 1321/647/2421
f 1322/642/2422 525/644/2422 63/1425/2422
f 183/1424/2423 933/646/2423 1322/642/2423
f 331/1423/2424 931/1598/2424 1322/642/2424
f 1323/641/2425 930/640/2425 330/1426/2425
f 629/1282/890 1323/641/890 928/636/890
f 2/1281/2426 410/639/2426 1323/641/2426
f 1324/638/2427 929/637/2427 236/1427/2427
f 437/1279/2428 1324/638/2428 716/648/2428
f 149/1278/2429 928/636/2429 1324/638/2429
f 1325/635/2430 526/634/2430 85/165/2430
f 929/637/2431 1325/635/2431 524/1428/2431
f 330/1426/2432 927/633/2432 1325/635/2432
f 1326/632/2433 926/631/2433 329/1429/2433
f 721/175/2434 1326/632/2434 924/627/2434
f 721/175/2435 86/174/2435 719/630/2435
f 1327/629/2436 925/628/2436 99/1431/2436
f 529/616/2437 1327/629/2437 579/1432/2437
f 241/1430/2438 924/627/2438 1327/629/2438
f 1328/626/2439 666/625/2439 9/1394/2439
f 925/628/2440 1328/626/2440 387/1434/2440
f 329/1429/2441 923/624/2441 1328/626/2441
f 920/1435/2442 1329/621/2442 922/623/2442
f 102/1330/2443 582/1332/2443 1329/621/2443
f 582/1332/2444 30/1322/2444 720/1436/2444
f 1330/618/2445 921/620/2445 147/1437/2445
f 6/1331/2446 390/1329/2446 1330/618/2446
f 390/1329/2447 102/1330/2447 920/1435/2447
f 1331/617/2448 529/616/2448 27/1433/2448
f 921/620/2449 1331/617/2449 435/1439/2449
f 328/619/2450 919/615/2450 1331/617/2450
f 1332/614/2451 918/613/2451 327/1440/2451
f 630/1323/2452 1332/614/2452 916/1441/2452
f 10/1287/2453 663/612/2453 1332/614/2453
f 720/1436/2454 1333/609/2454 917/611/2454
f 30/1322/2455 438/1320/2455 1333/609/2455
f 150/1321/2456 916/1618/2456 1333/609/2456
f 528/1442/2457 1334/606/2457 530/608/2457
f 240/622/2458 917/611/2458 1334/606/2458
f 917/611/2459 327/610/2459 915/1443/2459
f 1335/605/2460 914/604/2460 326/1444/2460
f 725/183/2461 1335/605/2461 912/600/2461
f 87/1202/2462 723/603/2462 1335/605/2462
f 1336/602/2463 913/601/2463 147/1437/2463
f 533/589/2464 1336/602/2464 435/1439/2464
f 245/1445/2465 912/600/2465 1336/602/2465
f 1337/597/2466 398/599/2466 6/1331/2466
f 913/601/2467 1337/597/2467 627/1438/2467
f 326/1444/2468 911/1595/2468 1337/597/2468
f 1338/596/2469 910/595/2469 325/1446/2469
f 470/207/2470 1338/596/2470 908/591/2470
f 62/1189/2471 724/594/2471 1338/596/2471
f 1339/593/2472 909/592/2472 99/1431/2472
f 662/518/2473 1339/593/2473 387/1434/2473
f 182/1447/2474 908/591/2474 1339/593/2474
f 1340/590/2475 533/589/2475 27/1433/2475
f 909/592/2476 1340/590/2476 579/1432/2476
f 325/1446/2477 907/588/2477 1340/590/2477
f 904/1448/2478 1341/585/2478 906/587/2478
f 134/1449/2479 422/25/2479 1341/585/2479
f 422/25/2480 23/24/2480 421/1450/2480
f 1342/582/2481 905/584/2481 244/1451/2481
f 614/1065/2482 1342/582/2482 724/594/2482
f 614/1065/2483 134/1449/2483 904/1448/2483
f 1343/579/2484 534/581/2484 87/1202/2484
f 905/584/2485 1343/579/2485 532/182/2485
f 905/584/2486 324/583/2486 903/1452/2486
f 900/1453/2487 1344/576/2487 902/578/2487
f 249/562/2488 729/193/2488 1344/576/2488
f 729/193/2489 88/192/2489 727/1197/2489
f 469/1044/2490 1345/573/2490 901/575/2490
f 61/186/2491 537/563/2491 1345/573/2491
f 537/563/2492 249/562/2492 900/1453/2492
f 661/32/2493 1346/570/2493 397/572/2493
f 181/1454/2494 901/575/2494 1346/570/2494
f 901/575/2495 323/574/2495 899/1455/2495
f 896/1456/2496 1347/569/2496 898/568/2496
f 612/199/2497 1347/569/2497 896/1456/2497
f 612/199/2498 60/198/2498 728/567/2498
f 421/1450/2499 1348/564/2499 897/566/2499
f 23/24/2500 420/545/2500 1348/564/2500
f 132/1457/2501 896/1456/2501 1348/564/2501
f 613/1458/2502 1349/561/2502 537/563/2502
f 133/586/2503 897/566/2503 1349/561/2503
f 897/566/2504 322/565/2504 895/1459/2504
f 1350/560/2505 894/559/2505 321/557/2505
f 660/28/2506 1350/560/2506 892/1460/2506
f 660/28/2507 18/27/2507 646/4/2507
f 1351/556/2508 893/558/2508 248/1461/2508
f 468/1058/2509 1351/556/2509 728/567/2509
f 468/1058/2510 180/1057/2510 892/1460/2510
f 536/1462/2511 1352/553/2511 538/555/2511
f 248/1461/2512 893/558/2512 1352/553/2512
f 893/558/2513 321/557/2513 891/1463/2513
f 1353/550/2514 890/552/2514 320/548/2514
f 253/536/2515 733/202/2515 1353/550/2515
f 733/202/2516 89/201/2516 731/1193/2516
f 611/1465/2517 1354/547/2517 889/549/2517
f 541/537/2518 1354/547/2518 611/1465/2518
f 253/536/2519 888/1464/2519 1354/547/2519
f 419/1466/2520 1355/546/2520 420/545/2520
f 131/1071/2521 889/549/2521 1355/546/2521
f 889/549/2522 320/548/2522 887/544/2522
f 884/538/2523 1356/541/2523 886/543/2523
f 154/1468/2524 442/225/2524 1356/541/2524
f 442/225/2525 34/1179/2525 732/1469/2525
f 1357/540/2526 885/539/2526 179/506/2526
f 634/464/2527 1357/540/2527 659/1470/2527
f 154/1468/2528 884/538/2528 1357/540/2528
f 467/212/2529 1358/535/2529 541/537/2529
f 179/506/2530 885/539/2530 1358/535/2530
f 885/539/2531 319/1467/2531 883/1471/2531
f 1359/534/2532 882/533/2532 318/1472/2532
f 394/18/2533 1359/534/2533 880/529/2533
f 7/8/2534 645/532/2534 1359/534/2534
f 732/1469/2535 1360/531/2535 881/530/2535
f 34/1179/2536 586/1083/2536 1360/531/2536
f 106/1473/2537 880/529/2537 1360/531/2537
f 540/1474/2538 1361/528/2538 542/527/2538
f 252/542/2539 881/530/2539 1361/528/2539
f 318/1472/2540 879/526/2540 1361/528/2540
f 1362/525/2541 878/524/2541 317/1475/2541
f 257/1476/2542 737/210/2542 1362/525/2542
f 90/1188/2543 735/523/2543 1362/525/2543
f 1363/522/2544 877/521/2544 148/1392/2544
f 545/509/2545 1363/522/2545 436/1395/2545
f 257/1476/2546 876/520/2546 1363/522/2546
f 1364/519/2547 662/518/2547 9/1394/2547
f 877/521/2548 1364/519/2548 628/1393/2548
f 317/1475/2549 875/517/2549 1364/519/2549
f 1365/516/2550 874/515/2550 316/1477/2550
f 441/217/2551 1365/516/2551 872/511/2551
f 33/216/2552 736/514/2552 1365/516/2552
f 1366/513/2553 873/512/2553 100/1386/2553
f 633/491/2554 1366/513/2554 388/1389/2554
f 153/1478/2555 872/511/2555 1366/513/2555
f 1367/510/2556 545/509/2556 28/1387/2556
f 873/512/2557 1367/510/2557 580/1385/2557
f 316/1477/2558 871/508/2558 1367/510/2558
f 868/1479/2559 1368/505/2559 870/507/2559
f 105/1480/2560 393/22/2560 1368/505/2560
f 393/22/2561 12/21/2561 659/1470/2561
f 736/514/2562 1369/502/2562 869/504/2562
f 33/216/2563 585/1074/2563 1369/502/2563
f 585/1074/2564 105/1480/2564 868/1479/2564
f 1370/501/2565 546/500/2565 90/1188/2565
f 869/504/2566 1370/501/2566 544/209/2566
f 869/504/2567 315/503/2567 867/499/2567
f 864/1482/2568 1371/496/2568 866/498/2568
f 261/482/2569 741/220/2569 1371/496/2569
f 741/220/2570 91/219/2570 739/1182/2570
f 451/144/2571 1372/493/2571 865/495/2571
f 43/1227/2572 549/483/2572 1372/493/2572
f 549/483/2573 261/482/2573 864/1482/2573
f 1373/492/2574 633/491/2574 8/1388/2574
f 865/495/2575 1373/492/2575 643/706/2575
f 314/494/2576 863/490/2576 1373/492/2576
f 1374/489/2577 862/488/2577 313/1484/2577
f 466/244/2578 1374/489/2578 860/484/2578
f 58/243/2579 740/487/2579 1374/489/2579
f 403/45/2580 1375/486/2580 861/485/2580
f 658/412/2581 1375/486/2581 403/45/2581
f 178/1485/2582 860/484/2582 1375/486/2582
f 595/1003/2583 1376/481/2583 549/483/2583
f 115/1486/2584 861/485/2584 1376/481/2584
f 861/485/2585 313/1484/2585 859/1487/2585
f 856/1488/2586 1377/478/2586 858/480/2586
f 130/1101/2587 418/14/2587 1377/478/2587
f 418/14/2588 22/1497/2588 417/1489/2588
f 740/487/2589 1378/475/2589 857/477/2589
f 58/243/2590 610/1102/2590 1378/475/2590
f 610/1102/2591 130/1101/2591 856/1488/2591
f 548/1491/2592 1379/472/2592 550/474/2592
f 260/1490/2593 857/477/2593 1379/472/2593
f 857/477/2594 312/476/2594 855/1492/2594
f 852/466/2595 1380/471/2595 854/470/2595
f 265/455/2596 745/228/2596 1380/471/2596
f 92/1178/2597 743/469/2597 1380/471/2597
f 465/1181/2598 1381/468/2598 853/467/2598
f 57/222/2599 553/456/2599 1381/468/2599
f 553/456/2600 265/455/2600 852/466/2600
f 1382/465/2601 634/464/2601 12/21/2601
f 853/467/2602 1382/465/2602 657/1494/2602
f 311/1493/2603 851/463/2603 1382/465/2603
f 848/1495/2604 1383/460/2604 850/462/2604
f 128/438/2605 608/235/2605 1383/460/2605
f 608/235/2606 56/234/2606 744/1496/2606
f 417/1489/2607 1384/457/2607 849/459/2607
f 22/1497/2608 416/439/2608 1384/457/2608
f 416/439/2609 128/438/2609 848/1495/2609
f 609/1498/2610 1385/454/2610 553/456/2610
f 129/479/2611 849/459/2611 1385/454/2611
f 849/459/2612 310/458/2612 847/1499/2612
f 1386/453/2613 846/452/2613 309/1500/2613
f 656/16/2614 1386/453/2614 844/449/2614
f 15/11/2615 640/359/2615 1386/453/2615
f 1387/451/2616 845/450/2616 264/461/2616
f 464/1093/2617 1387/451/2617 744/1496/2617
f 176/1092/2618 844/449/2618 1387/451/2618
f 1388/446/2619 554/448/2619 92/1178/2619
f 845/450/2620 1388/446/2620 552/227/2620
f 309/1500/2621 843/1594/2621 1388/446/2621
f 840/440/2622 1389/443/2622 842/445/2622
f 269/1502/2623 749/1503/2623 1389/443/2623
f 749/1503/2624 93/1173/2624 747/1172/2624
f 1390/442/2625 841/441/2625 127/1504/2625
f 557/1505/2626 1390/442/2626 607/1106/2626
f 269/1502/2627 840/440/2627 1390/442/2627
f 415/13/2628 1391/437/2628 416/439/2628
f 127/1504/2629 841/441/2629 1391/437/2629
f 841/441/2630 308/1501/2630 839/1506/2630
f 1392/436/2631 838/435/2631 307/432/2631
f 587/118/2632 1392/436/2632 836/1507/2632
f 35/117/2633 748/434/2633 1392/436/2633
f 1393/431/2634 837/433/2634 175/1508/2634
f 395/788/2635 1393/431/2635 655/399/2635
f 395/788/2636 107/787/2636 836/1507/2636
f 1394/430/2637 557/429/2637 55/1509/2637
f 837/433/2638 1394/430/2638 463/1510/2638
f 307/432/2639 835/428/2639 1394/430/2639
f 1395/426/2640 834/427/2640 306/424/2640
f 155/976/2641 635/55/2641 1395/426/2641
f 635/55/2642 3/54/2642 639/386/2642
f 748/434/2643 1396/423/2643 833/425/2643
f 35/117/2644 443/977/2644 1396/423/2644
f 443/977/2645 155/976/2645 832/1511/2645
f 556/1513/2646 1397/420/2646 558/422/2646
f 268/1512/2647 833/425/2647 1397/1514/2647
f 833/1516/2648 306/424/2648 831/1517/2648
f 828/414/2649 1398/417/2649 830/419/2649
f 273/403/2650 753/247/2650 1398/417/2650
f 753/247/2651 94/246/2651 751/1168/2651
f 452/153/2652 1399/416/2652 829/415/2652
f 44/1219/2653 561/404/2653 1399/416/2653
f 561/404/2654 273/403/2654 828/414/2654
f 1400/413/2655 658/412/2655 17/1405/2655
f 829/415/2656 1400/413/2656 644/679/2656
f 305/1518/2657 827/411/2657 1400/413/2657
f 824/1520/2658 1401/408/2658 826/410/2658
f 108/814/2659 588/109/2659 1401/408/2659
f 588/109/2660 36/108/2660 752/1521/2660
f 404/43/2661 1402/405/2661 825/407/2661
f 4/42/2662 396/815/2662 1402/405/2662
f 396/815/2663 108/814/2663 824/1520/2663
f 596/1013/2664 1403/402/2664 561/404/2664
f 116/1012/2665 825/407/2665 1403/402/2665
f 825/407/2666 304/406/2666 823/1522/2666
f 1404/401/2667 822/400/2667 303/1523/2667
f 636/58/2668 1404/401/2668 820/1524/2668
f 13/57/2669 655/399/2669 1404/401/2669
f 1405/398/2670 821/397/2670 272/409/2670
f 444/968/2671 1405/398/2671 752/1521/2671
f 156/967/2672 820/396/2672 1405/398/2672
f 1406/395/2673 562/394/2673 94/246/2673
f 821/397/2674 1406/395/2674 560/1526/2674
f 303/1527/2675 819/393/2675 1406/395/2675
f 816/1528/2676 1407/390/2676 818/392/2676
f 277/1529/2677 757/254/2677 1407/390/2677
f 757/254/2678 95/1160/2678 755/1159/2678
f 594/1239/2679 1408/387/2679 817/389/2679
f 42/123/2680 565/376/2680 1408/387/2680
f 565/376/2681 277/1529/2681 816/1528/2681
f 402/1530/2682 1409/384/2682 639/386/2682
f 114/982/2683 817/389/2683 1409/384/2683
f 817/389/2684 302/1589/2684 815/1531/2684
f 1410/383/2685 814/382/2685 301/379/2685
f 174/1533/2686 462/278/2686 1410/383/2686
f 54/277/2687 756/381/2687 1410/383/2687
f 642/774/2688 1411/378/2688 813/380/2688
f 654/304/2689 1411/378/2689 642/774/2689
f 654/304/2690 174/1533/2690 812/1532/2690
f 1412/377/2691 565/376/2691 42/123/2691
f 813/380/2692 1412/377/2692 450/1535/2692
f 301/379/2693 811/375/2693 1412/377/2693
f 1413/374/2694 810/373/2694 300/1536/2694
f 414/2/2695 1413/374/2695 808/369/2695
f 21/1537/2696 413/372/2696 1413/374/2696
f 1414/371/2697 809/370/2697 276/1538/2697
f 606/1137/2698 1414/371/2698 756/381/2698
f 126/1136/2699 808/369/2699 1414/371/2699
f 1415/368/2700 566/367/2700 95/1160/2700
f 809/370/2701 1415/368/2701 564/253/2701
f 300/1536/2702 807/366/2702 1415/368/2702
f 804/1539/2703 1416/363/2703 806/365/2703
f 281/1540/2704 761/263/2704 1416/363/2704
f 761/263/2705 96/262/2705 759/1155/2705
f 461/1541/2706 1417/360/2706 805/362/2706
f 569/350/2707 1417/1544/2707 461/1114/2707
f 569/350/2708 281/349/2708 804/1543/2708
f 653/1545/2709 1418/357/2709 640/359/2709
f 173/1542/2710 805/362/2710 1418/357/2710
f 805/362/2711 299/361/2711 803/1546/2711
f 800/1547/2712 1419/1550/2712 802/1548/2712
f 124/1549/2713 604/1582/2713 1419/1550/2713
f 52/1153/2714 760/354/2714 1419/356/2714
f 1420/351/2715 801/353/2715 125/1551/2715
f 412/331/2716 1420/351/2716 413/372/2716
f 412/331/2717 124/1549/2717 800/1547/2717
f 1421/348/2718 569/350/2718 53/257/2718
f 801/353/2719 1421/348/2719 605/1552/2719
f 298/352/2720 799/1586/2720 1421/348/2720
f 1422/347/2721 798/346/2721 297/1553/2721
f 652/5/2722 1422/347/2722 796/342/2722
f 18/27/2723 405/345/2723 1422/347/2723
f 1423/344/2724 797/343/2724 280/1555/2724
f 460/1127/2725 1423/344/2725 760/354/2725
f 172/1554/2726 796/342/2726 1423/344/2726
f 568/1556/2727 1424/339/2727 570/341/2727
f 280/1555/2728 797/343/2728 1424/339/2728
f 297/1553/2729 795/1584/2729 1424/339/2729
f 1425/1557/2730 794/1583/2730 296/334/2730
f 765/1559/2731 1425/1557/2731 792/1558/2731
f 97/1152/2732 763/336/2732 1425/338/2732
f 603/1145/2733 1426/333/2733 793/335/2733
f 51/1561/2734 573/322/2734 1426/333/2734
f 285/1560/2735 792/1558/2735 1426/333/2735
f 1427/332/2736 412/331/2736 21/1537/2736
f 793/335/2737 1427/332/2737 411/1/2737
f 296/334/2738 791/330/2738 1427/332/2738
f 1428/329/2739 790/328/2739 295/1562/2739
f 599/1261/2740 1428/329/2740 788/1563/2740
f 47/96/2741 764/327/2741 1428/329/2741
f 651/1564/2742 1429/326/2742 789/325/2742
f 19/1303/2743 407/62/2743 1429/326/2743
f 407/62/2744 119/1610/2744 788/324/2744
f 1430/323/2745 573/322/2745 51/1561/2745
f 789/325/2746 1430/323/2746 459/282/2746
f 295/1565/2747 787/321/2747 1430/323/2747
f 1431/320/2748 786/319/2748 294/1566/2748
f 647/1317/2749 1431/320/2749 784/315/2749
f 5/30/2750 406/318/2750 1431/320/2750
f 1432/317/2751 785/316/2751 284/1567/2751
f 455/1568/2752 1432/317/2752 764/327/2752
f 167/856/2753 784/315/2753 1432/317/2753
f 1433/314/2754 574/313/2754 97/1152/2754
f 785/316/2755 1433/314/2755 572/270/2755
f 294/1566/2756 783/312/2756 1433/314/2756
f 780/1569/2757 1434/309/2757 782/311/2757
f 289/295/2758 769/281/2758 1434/309/2758
f 769/281/2759 98/280/2759 767/1146/2759
f 593/990/2760 1435/306/2760 781/308/2760
f 577/296/2761 1435/306/2761 593/990/2761
f 289/295/2762 780/1569/2762 1435/306/2762
f 1436/305/2763 654/304/2763 16/1359/2763
f 113/1570/2764 781/308/2764 1436/305/2764
f 781/308/2765 293/307/2765 779/303/2765
f 776/1571/2766 1437/300/2766 778/302/2766
f 120/1572/2767 600/945/2767 1437/300/2767
f 600/945/2768 48/1269/2768 768/1573/2768
f 641/1371/2769 1438/297/2769 777/299/2769
f 1/66/2770 408/1574/2770 1438/297/2770
f 408/1574/2771 120/1572/2771 776/1571/2771
f 449/131/2772 1439/294/2772 577/296/2772
f 161/748/2773 777/299/2773 1439/294/2773
f 777/299/2774 292/298/2774 775/1575/2774
f 772/1576/2775 1440/291/2775 774/293/2775
f 168/1577/2776 648/882/2776 1440/291/2776
f 648/882/2777 19/1303/2777 651/1564/2777
f 768/1573/2778 1441/288/2778 773/290/2778
f 48/1269/2779 456/86/2779 1441/288/2779
f 456/86/2780 168/1577/2780 772/1576/2780
f 576/1578/2781 1442/285/2781 578/287/2781
f 288/301/2782 773/290/2782 1442/285/2782
f 773/290/2783 291/289/2783 771/1579/2783
f 1443/284/2784 770/283/2784 290/286/2784
f 291/289/2785 774/293/2785 1443/284/2785
f 171/292/2786 459/282/2786 1443/284/2786
f 775/1575/2787 1444/279/2787 769/281/2787
f 292/298/2788 778/302/2788 1444/279/2788
f 778/302/2789 288/301/2789 576/1578/2789
f 779/303/2790 1445/276/2790 462/278/2790
f 293/307/2791 782/311/2791 1445/276/2791
f 782/311/2792 287/310/2792 575/1147/2792
f 1446/275/2793 766/274/2793 286/1150/2793
f 786/319/2794 1446/275/2794 783/312/2794
f 118/1054/2795 598/273/2795 1446/275/2795
f 1447/272/2796 765/271/2796 285/1580/2796
f 790/328/2797 1447/272/2797 787/1581/2797
f 284/1567/2798 572/270/2798 1447/272/2798
f 791/330/2799 1448/1619/2799 604/1582/2799
f 794/1583/2800 1448/1619/2800 791/330/2800
f 283/1151/2801 571/267/2801 1448/269/2801
f 1449/266/2802 762/265/2802 282/340/2802
f 798/346/2803 1449/266/2803 795/1584/2803
f 117/1585/2804 597/264/2804 1449/266/2804
f 799/1586/2805 1450/1588/2805 761/1587/2805
f 298/352/2806 802/1548/2806 1450/1588/2806
f 802/355/2807 280/1555/2807 568/1556/2807
f 803/1546/2808 1451/259/2808 448/230/2808
f 299/361/2809 806/365/2809 1451/259/2809
f 806/365/2810 279/364/2810 567/1156/2810
f 807/366/2811 1452/256/2811 758/258/2811
f 300/1536/2812 810/373/2812 1452/256/2812
f 810/373/2813 125/1551/2813 605/1552/2813
f 1453/255/2814 757/254/2814 277/1529/2814
f 814/382/2815 1453/255/2815 811/375/2815
f 276/1538/2816 564/253/2816 1453/255/2816
f 815/1531/2817 1454/251/2817 447/252/2817
f 302/1589/2818 818/1590/2818 1454/251/2818
f 818/1590/2819 275/1162/2819 563/1161/2819
f 1455/250/2820 754/249/2820 274/1166/2820
f 822/1591/2821 1455/250/2821 819/393/2821
f 175/1592/2822 463/248/2822 1455/250/2822
f 823/1522/2823 1456/245/2823 753/247/2823
f 304/406/2824 826/410/2824 1456/245/2824
f 826/410/2825 272/409/2825 560/1526/2825
f 1457/242/2826 466/244/2826 178/1485/2826
f 830/419/2827 1457/242/2827 827/411/2827
f 830/419/2828 271/418/2828 559/1169/2828
f 831/1517/2829 1458/239/2829 750/241/2829
f 306/424/2830 834/427/2830 1458/239/2830
f 834/427/2831 159/385/2831 447/252/2831
f 835/428/2832 1459/236/2832 749/238/2832
f 838/435/2833 1459/236/2833 835/428/2833
f 838/435/2834 268/1512/2834 556/1515/2834
f 839/1506/2835 1460/233/2835 608/235/2835
f 308/1501/2836 842/445/2836 1460/233/2836
f 842/445/2837 267/444/2837 555/1174/2837
f 1461/232/2838 746/231/2838 266/447/2838
f 846/452/2839 1461/232/2839 843/1594/2839
f 160/358/2840 448/230/2840 1461/232/2840
f 847/1499/2841 1462/229/2841 745/228/2841
f 310/458/2842 850/462/2842 1462/229/2842
f 264/461/2843 552/227/2843 1462/229/2843
f 1463/226/2844 442/225/2844 154/1468/2844
f 854/470/2845 1463/226/2845 851/463/2845
f 263/1177/2846 551/224/2846 1463/226/2846
f 855/1492/2847 1464/221/2847 742/223/2847
f 312/476/2848 858/480/2848 1464/221/2848
f 858/480/2849 129/479/2849 609/1498/2849
f 859/1487/2850 1465/218/2850 741/220/2850
f 313/1484/2851 862/488/2851 1465/218/2851
f 862/488/2852 260/1490/2852 548/1491/2852
f 863/490/2853 1466/215/2853 441/217/2853
f 314/494/2854 866/498/2854 1466/215/2854
f 866/498/2855 259/497/2855 547/1183/2855
f 1467/214/2856 738/213/2856 258/1185/2856
f 870/507/2857 1467/214/2857 867/499/2857
f 870/507/2858 179/506/2858 467/212/2858
f 1468/211/2859 737/210/2859 257/1476/2859
f 874/515/2860 1468/211/2860 871/508/2860
f 256/1481/2861 544/209/2861 1468/211/2861
f 1469/208/2862 470/207/2862 182/1447/2862
f 878/524/2863 1469/208/2863 875/517/2863
f 255/1187/2864 543/206/2864 1469/208/2864
f 1470/205/2865 734/204/2865 254/1191/2865
f 882/533/2866 1470/205/2866 879/526/2866
f 165/1124/2867 453/203/2867 1470/205/2867
f 883/1471/2868 1471/200/2868 733/202/2868
f 319/1467/2869 886/543/2869 1471/200/2869
f 886/543/2870 252/542/2870 540/1474/2870
f 1472/197/2871 612/199/2871 132/1457/2871
f 320/548/2872 890/552/2872 1472/197/2872
f 890/552/2873 251/551/2873 539/1194/2873
f 891/1463/2874 1473/194/2874 730/196/2874
f 321/557/2875 894/559/2875 1473/194/2875
f 894/559/2876 166/1617/2876 454/1132/2876
f 895/1459/2877 1474/191/2877 729/193/2877
f 322/565/2878 898/568/2878 1474/191/2878
f 898/568/2879 248/1461/2879 536/1462/2879
f 899/1455/2880 1475/188/2880 589/190/2880
f 323/574/2881 902/578/2881 1475/188/2881
f 902/578/2882 247/577/2882 535/1198/2882
f 903/1452/2883 1476/185/2883 726/187/2883
f 324/583/2884 906/587/2884 1476/185/2884
f 906/587/2885 133/586/2885 613/1458/2885
f 1477/184/2886 725/183/2886 245/1445/2886
f 910/595/2887 1477/184/2887 907/588/2887
f 244/1451/2888 532/182/2888 1477/184/2888
f 911/1595/2889 1478/179/2889 590/181/2889
f 914/604/2890 1478/179/2890 911/1595/2890
f 243/1201/2891 531/1203/2891 1478/179/2891
f 1479/1596/2892 722/1206/2892 242/607/2892
f 918/1597/2893 1479/1596/2893 915/1443/2893
f 183/1424/2894 471/176/2894 1479/178/2894
f 919/615/2895 1480/173/2895 721/175/2895
f 328/619/2896 922/623/2896 1480/173/2896
f 922/623/2897 240/622/2897 528/1442/2897
f 1481/172/2898 474/171/2898 186/1391/2898
f 926/631/2899 1481/172/2899 923/624/2899
f 239/1207/2900 527/170/2900 1481/172/2900
f 1482/169/2901 718/168/2901 238/1210/2901
f 930/640/2902 1482/169/2902 927/633/2902
f 122/1379/2903 602/167/2903 1482/169/2903
f 931/1598/2904 1483/164/2904 717/166/2904
f 934/649/2905 1483/164/2905 931/1598/2905
f 934/649/2906 236/1427/2906 524/1428/2906
f 935/1422/2907 1484/163/2907 616/162/2907
f 332/655/2908 938/1417/2908 1484/163/2908
f 938/659/2909 235/658/2909 523/1214/2909
f 939/1415/2910 1485/158/2910 714/160/2910
f 333/664/2911 942/668/2911 1485/158/2911
f 942/668/2912 121/667/2912 601/1345/2912
f 943/1599/2913 1486/157/2913 713/156/2913
f 946/676/2914 1486/157/2914 943/1599/2914
f 232/1414/2915 520/155/2915 1486/157/2915
f 1487/154/2916 452/153/2916 164/1519/2916
f 335/1401/2917 950/1400/2917 1487/154/2917
f 231/1221/2918 519/152/2918 1487/154/2918
f 951/687/2919 1488/149/2919 710/151/2919
f 954/694/2920 1488/149/2920 951/687/2920
f 137/1409/2921 617/1410/2921 1488/149/2921
f 955/1396/2922 1489/148/2922 709/147/2922
f 337/700/2923 958/703/2923 1489/148/2923
f 228/1399/2924 516/146/2924 1489/148/2924
f 1490/145/2925 451/144/2925 163/1483/2925
f 962/712/2926 1490/145/2926 959/705/2926
f 227/1225/2927 515/143/2927 1490/145/2927
f 963/1383/2928 1491/140/2928 706/142/2928
f 339/718/2929 966/721/2929 1491/140/2929
f 966/721/2930 187/1367/2930 475/1368/2930
f 967/1380/2931 1492/137/2931 705/139/2931
f 340/727/2932 970/731/2932 1492/137/2932
f 970/731/2933 224/730/2933 512/1382/2933
f 1493/136/2934 478/135/2934 190/733/2934
f 974/740/2935 1493/136/2935 971/1375/2935
f 223/739/2936 511/134/2936 1493/136/2936
f 1494/133/2937 702/132/2937 222/1233/2937
f 978/749/2938 1494/133/2938 975/741/2938
f 161/748/2939 449/131/2939 1494/133/2939
f 1495/130/2940 701/129/2940 221/1363/2940
f 982/757/2941 1495/130/2941 979/750/2941
f 220/1372/2942 508/128/2942 1495/130/2942
f 1496/125/2943 620/127/2943 140/1355/2943
f 986/766/2944 1496/125/2944 983/759/2944
f 219/1235/2945 507/1237/2945 1496/125/2945
f 987/1361/2946 1497/122/2946 698/124/2946
f 345/1357/2947 990/775/2947 1497/122/2947
f 990/775/2948 162/1534/2948 450/1535/2948
f 1498/121/2949 697/120/2949 217/1350/2949
f 994/784/2950 1498/121/2950 991/777/2950
f 994/784/2951 216/1360/2951 504/119/2951
f 995/1353/2952 1499/116/2952 587/118/2952
f 347/790/2953 998/793/2953 1499/116/2953
f 215/1240/2954 503/1242/2954 1499/116/2954
f 1500/115/2955 694/114/2955 214/796/2955
f 1002/802/2956 1500/115/2956 999/1601/2956
f 1002/802/2957 141/1356/2957 621/113/2957
f 1501/112/2958 693/111/2958 213/1337/2958
f 1006/811/2959 1501/112/2959 1003/804/2959
f 212/1348/2960 500/110/2960 1501/112/2960
f 1007/1341/2961 1502/107/2961 588/109/2961
f 350/1602/2962 1010/1603/2962 1502/107/2962
f 1010/1603/2963 211/1249/2963 499/1248/2963
f 1011/1335/2964 1503/104/2964 690/106/2964
f 351/1333/2965 1014/829/2965 1503/104/2965
f 1014/829/2966 191/1313/2966 479/1315/2966
f 1504/103/2967 689/102/2967 209/1319/2967
f 352/835/2968 1018/839/2968 1504/103/2968
f 208/838/2969 496/101/2969 1504/103/2969
f 1505/100/2970 482/99/2970 194/1284/2970
f 353/1326/2971 1022/1604/2971 1505/100/2971
f 1022/1604/2972 207/1256/2972 495/98/2972
f 1023/849/2973 1506/95/2973 686/97/2973
f 354/853/2974 1026/857/2974 1506/95/2974
f 1026/857/2975 167/856/2975 455/1568/2975
f 1507/94/2976 685/93/2976 205/1306/2976
f 1030/866/2977 1507/94/2977 1027/858/2977
f 1030/866/2978 204/865/2978 492/92/2978
f 1031/1310/2979 1508/89/2979 624/91/2979
f 356/1605/2980 1034/1606/2980 1508/89/2980
f 1034/1606/2981 203/1265/2981 491/1264/2981
f 1509/88/2982 682/87/2982 202/1268/2982
f 1038/883/2983 1509/88/2983 1035/876/2983
f 168/1577/2984 456/86/2984 1509/88/2984
f 1510/85/2985 681/84/2985 201/1295/2985
f 1042/892/2986 1510/85/2986 1039/885/2986
f 200/1304/2987 488/83/2987 1510/85/2987
f 1511/82/2988 583/81/2988 103/1366/2988
f 1046/901/2989 1511/82/2989 1043/894/2989
f 199/1270/2990 487/80/2990 1511/82/2990
f 1512/77/2991 678/79/2991 198/1274/2991
f 360/907/2992 1050/911/2992 1512/77/2992
f 1050/911/2993 145/910/2993 625/1300/2993
f 1051/1289/2994 1513/74/2994 677/76/2994
f 361/1283/2995 1054/919/2995 1513/74/2995
f 196/1292/2996 484/1293/2996 1513/74/2996
f 1514/71/2997 584/73/2997 104/1377/2997
f 362/1277/2998 1058/929/2998 1514/71/2998
f 1058/929/2999 195/928/2999 483/1276/2999
f 1515/70/3000 632/69/3000 152/931/3000
f 1062/937/3001 1515/70/3001 1059/1607/3001
f 193/1296/3002 673/68/3002 1515/70/3002
f 1063/939/3003 1516/65/3003 631/67/3003
f 364/1267/3004 1066/946/3004 1516/65/3004
f 1066/946/3005 120/1572/3005 408/1574/3005
f 1517/64/3006 672/63/3006 192/1302/3006
f 1070/1608/3007 1517/64/3007 1067/948/3007
f 119/1610/3008 407/62/3008 1517/64/3008
f 1071/1258/3009 1518/61/3009 434/60/3009
f 366/1611/3010 1074/1612/3010 1518/61/3010
f 1074/1612/3011 143/1308/3011 431/59/3011
f 1075/1250/3012 1519/56/3012 636/58/3012
f 367/970/3013 1078/974/3013 1519/56/3013
f 1078/974/3014 189/973/3014 669/1352/3014
f 1079/1243/3015 1520/53/3015 635/55/3015
f 368/1238/3016 1082/983/3016 1520/53/3016
f 1082/983/3017 114/982/3017 402/1530/3017
f 1521/52/3018 668/51/3018 188/1358/3018
f 1086/991/3019 1521/52/3019 1083/984/3019
f 113/1570/3020 401/50/3020 1521/52/3020
f 1087/993/3021 1522/47/3021 430/49/3021
f 370/1228/3022 1090/1001/3022 1522/47/3022
f 1090/1001/3023 139/1000/3023 427/1364/3023
f 1523/46/3024 403/45/3024 115/1486/3024
f 1094/1009/3025 1523/46/3025 1091/1002/3025
f 185/1404/3026 665/44/3026 1523/46/3026
f 1095/1222/3027 1524/41/3027 404/43/3027
f 372/1613/3028 1098/1614/3028 1524/41/3028
f 1098/1614/3029 169/1339/3029 649/1338/3029
f 1525/40/3030 664/39/3030 184/1413/3030
f 1102/1027/3031 1525/40/3031 1099/1020/3031
f 170/1374/3032 650/38/3032 1525/40/3032
f 1526/35/3033 426/37/3033 138/1398/3033
f 374/1033/3034 1106/1037/3034 1526/35/3034
f 1106/1037/3035 135/1036/3035 423/1421/3035
f 1527/34/3036 638/33/3036 158/1334/3036
f 1110/1045/3037 1527/34/3037 1107/1038/3037
f 181/1454/3038 661/32/3038 1527/34/3038
f 1111/1199/3039 1528/29/3039 637/31/3039
f 376/1051/3040 1114/1055/3040 1528/29/3040
f 1114/1055/3041 118/1054/3041 406/318/3041
f 1529/26/3042 660/28/3042 180/1057/3042
f 1118/1062/3043 1529/26/3043 1115/1195/3043
f 117/1585/3044 405/345/3044 1529/26/3044
f 1119/1064/3045 1530/23/3045 422/25/3045
f 378/1184/3046 1122/1072/3046 1530/23/3046
f 1122/1072/3047 131/1071/3047 419/1466/3047
f 1531/20/3048 393/22/3048 105/1480/3048
f 1126/1081/3049 1531/20/3049 1123/1073/3049
f 1126/1081/3050 177/1080/3050 657/1494/3050
f 1532/19/3051 394/18/3051 106/1473/3051
f 1130/1090/3052 1532/19/3052 1127/1082/3052
f 112/1089/3053 400/9/3053 1532/19/3053
f 1533/17/3054 656/16/3054 176/1092/3054
f 1134/1098/3055 1533/17/3055 1131/1175/3055
f 111/1110/3056 399/12/3056 1533/17/3056
f 1135/1170/3057 1534/15/3057 418/14/3057
f 1138/1107/3058 1534/15/3058 1135/1170/3058
f 127/1504/3059 415/13/3059 1534/15/3059
f 1139/1164/3060 1535/10/3060 399/12/3060
f 383/1615/3061 1142/1616/3061 1535/10/3061
f 1142/1616/3062 173/1542/3062 653/1545/3062
f 1143/1117/3063 1536/7/3063 400/9/3063
f 384/1121/3064 1146/1125/3064 1536/7/3064
f 1146/1125/3065 165/1124/3065 645/532/3065
f 1537/6/3066 652/5/3066 172/1554/3066
f 1150/1133/3067 1537/6/3067 1147/1126/3067
f 166/1617/3068 646/4/3068 1537/6/3068
f 1151/1148/3069 1538/3/3069 414/2/3069
f 386/1139/3070 1154/1143/3070 1538/3/3070
f 1154/1143/3071 123/1142/3071 411/1/3071
o floor_Plane
v 1.646228 -0.576210 -1.286559
v 0.356081 -0.576210 -1.286559
v 0.729506 -0.672583 -0.926889
v 1.646228 -0.672583 -0.926889
v 1.646228 0.046755 -1.646228
v -0.047981 0.046755 -1.646228
v 0.066233 -0.312914 -1.549855
v 1.646228 -0.312914 -1.549855
v -0.926889 -0.672583 1.646228
v 1.646228 -0.672583 1.646228
v -0.098691 -0.672583 -0.704974
v -0.704974 -0.672583 -0.098692
v -0.926889 -0.672583 0.729506
v -1.646228 0.046755 -0.047981
v -1.646228 0.046755 1.646228
v -1.549855 -0.312914 1.646228
v -1.549855 -0.312914 0.066233
v -1.286559 -0.576210 1.646228
v -1.286559 -0.576210 0.356081
v 1.646228 0.845836 -1.646228
v -0.054117 0.845836 -1.646228
v -0.847105 0.046755 -1.432104
v -0.741811 -0.312914 -1.333340
v -1.432104 0.046755 -0.847105
v -1.333340 -0.312914 -0.741811
v -0.465239 -0.576210 -1.066487
v -1.066487 -0.576210 -0.465239
v -0.850173 0.845836 -1.432926
v -1.432926 0.845836 -0.850173
v -1.646228 0.845836 -0.054117
v -1.646228 0.845836 1.646228
vt 1.000000 0.890760
vt 0.608151 0.890760
vt 0.721569 0.781519
vt 1.000000 0.781519
vt 1.000000 1.000000
vt 0.485427 1.000000
vt 0.512882 0.992765
vt 1.000000 1.000000
vt 0.218481 0.000000
vt 1.000000 0.000000
vt 0.470025 0.717128
vt 0.282872 0.529975
vt 0.218481 0.278431
vt 0.000000 0.514573
vt 0.000000 0.000000
vt 0.000000 0.000000
vt 0.007235 0.487118
vt 0.109240 0.000000
vt 0.109240 0.391849
vt 1.000000 1.000000
vt 0.483563 1.000000
vt 0.241871 0.999157
vt 0.265187 0.968035
vt 0.000843 0.758129
vt 0.031965 0.734813
vt 0.360675 0.838730
vt 0.161270 0.639325
vt 0.241782 1.000000
vt 0.000000 0.758218
vt 0.000000 0.516437
vt 0.000000 0.000000
vn 0.0000 0.8660 0.5000
vn 0.0490 0.8759 0.4799
vn 0.0092 0.9912 0.1322
vn -0.0000 0.9914 0.1305
vn 0.0000 0.1305 0.9914
vn 0.1386 0.1497 0.9790
vn 0.1124 0.5369 0.8361
vn 0.0000 0.5000 0.8660
vn 0.1305 0.9914 0.0000
vn -0.0000 1.0000 0.0000
vn 0.0510 0.9935 0.1013
vn 0.1013 0.9935 0.0510
vn 0.1322 0.9912 0.0092
vn 0.9790 0.1497 0.1386
vn 0.9914 0.1305 0.0000
vn 0.8660 0.5000 0.0000
vn 0.8361 0.5369 0.1124
vn 0.5000 0.8660 0.0000
vn 0.4799 0.8759 0.0490
vn 0.0000 -0.0000 1.0000
vn 0.1312 0.0010 0.9914
vn 0.4982 0.1793 0.8483
vn 0.4018 0.5910 0.6994
vn 0.8483 0.1793 0.4982
vn 0.6994 0.5910 0.4018
vn 0.2015 0.9046 0.3756
vn 0.3756 0.9046 0.2015
vn 0.5004 0.0028 0.8658
vn 0.8658 0.0028 0.5004
vn 0.9914 0.0010 0.1312
vn 1.0000 -0.0000 0.0000
g floor_Plane_floor_Plane_bg
usemtl bg
s 1
f 1539/1620/3072 1540/1621/3073 1541/1622/3074 1542/1623/3075
f 1543/1624/3076 1544/1625/3077 1545/1626/3078 1546/1627/3079
f 1546/1627/3079 1545/1626/3078 1540/1621/3073 1539/1620/3072
f 1547/1628/3080 1548/1629/3081 1542/1623/3075 1541/1622/3074 1549/1630/3082 1550/1631/3083 1551/1632/3084
f 1552/1633/3085 1553/1634/3086 1554/1635/3087 1555/1636/3088
f 1555/1636/3088 1554/1635/3087 1556/1637/3089 1557/1638/3090
f 1557/1638/3090 1556/1637/3089 1547/1628/3080 1551/1632/3084
f 1544/1625/3077 1543/1624/3076 1558/1639/3091 1559/1640/3092
f 1545/1626/3078 1544/1625/3077 1560/1641/3093 1561/1642/3094
f 1561/1642/3094 1560/1641/3093 1562/1643/3095 1563/1644/3096
f 1563/1644/3096 1562/1643/3095 1552/1633/3085 1555/1636/3088
f 1540/1621/3073 1545/1626/3078 1561/1642/3094 1564/1645/3097
f 1564/1645/3097 1561/1642/3094 1563/1644/3096 1565/1646/3098
f 1565/1646/3098 1563/1644/3096 1555/1636/3088 1557/1638/3090
f 1541/1622/3074 1540/1621/3073 1564/1645/3097 1549/1630/3082
f 1549/1630/3082 1564/1645/3097 1565/1646/3098 1550/1631/3083
f 1550/1631/3083 1565/1646/3098 1557/1638/3090 1551/1632/3084
f 1544/1625/3077 1559/1640/3092 1566/1647/3099 1560/1641/3093
f 1560/1641/3093 1566/1647/3099 1567/1648/3100 1562/1643/3095
f 1562/1643/3095 1567/1648/3100 1568/1649/3101 1552/1633/3085
f 1553/1634/3086 1552/1633/3085 1568/1649/3101 1569/1650/3102
